Keyword,Intent,Volume,KD,Cluster,Mapped URL,Page Type,Funnel,Business Fit,SEO Effort,Priority,Priority Score
google my business,Navigational,246000,91,Core / Navigational Head Terms,/google-business-profile-management-tool/,Product Landing,BOFU,5,High,P1,43050
my google business profile,"Navigational, Transactional",8100,88,Core / Navigational Head Terms,/google-business-profile-management-tool/,Product Landing,BOFU,5,High,P1,2395.58
google my business listing,Commercial,5400,84,Core / Navigational Head Terms,/google-business-profile-management-tool/,Product Landing,BOFU,5,High,P1,2088.45
google my business verification,Informational,1300,26,Verification / Code / Postcard,/guides/google-business-profile-verification/,Guide,MOFU,5,Low,P1,1706.25
google my business letter,"Navigational, Transactional",1000,41,Verification / Code / Postcard,/guides/google-business-profile-verification/,Guide,MOFU,5,Medium,P1,1365
google my business services,"Navigational, Commercial",1000,39,Categories / Services / Description,/guides/google-my-business-services/,Guide,BOFU,4,Medium,P1,1289.6
google my business code,Informational,1600,58,Verification / Code / Postcard,/guides/google-business-profile-verification/,Guide,MOFU,5,Medium,P1,1204
add my business to google maps,"Informational, Commercial",880,41,Setup / Add / Create / Register,/guides/add-business-to-google-maps/,Guide,BOFU,4,Medium,P1,1098.24
google my business sticker,Informational,720,24,Core / Navigational Head Terms,/google-business-profile-management-tool/,Product Landing,BOFU,5,Low,P1,970.2
google my business dashboard,"Navigational, Transactional",880,58,Management Service / Agency,/google-business-profile-management-tool/,Product Landing,BOFU,5,Medium,P1,860.86
google my business messaging,Navigational,720,37,Core / Navigational Head Terms,/google-business-profile-management-tool/,Product Landing,BOFU,5,Medium,P1,806.4
add my business to google,"Navigational, Commercial",2400,87,Setup / Add / Create / Register,/guides/add-business-to-google-maps/,Guide,BOFU,4,High,P1,698.88
how to remove bad reviews from google my business,"Informational, Commercial",390,23,Suspension / Reinstatement / Delete,/guides/remove-bad-google-reviews/,Troubleshooting Guide,BOFU,5,Low,P1,692.06
add my business to google free,"Informational, Commercial",480,33,Setup / Add / Create / Register,/guides/add-business-to-google-maps/,Guide,BOFU,4,Low,P1,678.91
google my business locations,"Informational, Navigational",720,48,Core / Navigational Head Terms,/google-business-profile-management-tool/,Product Landing,BOFU,5,Medium,P1,667.8
google my business app,Transactional,8100,50,Login / Account / App,/guides/google-business-profile-login/,Guide,TOFU,1,Medium,P2,6175.84
google my business login,"Navigational, Transactional",12100,70,Login / Account / App,/guides/google-business-profile-login/,Guide,TOFU,1,High,P2,5607.74
is google my business free,Informational,4400,71,Free / Cost / Pricing,/guides/is-google-my-business-free/,Guide,TOFU,3,High,P2,1914
google my business account,"Navigational, Transactional",9900,91,Login / Account / App,/guides/google-business-profile-login/,Guide,TOFU,1,High,P2,1480.05
google my business questions and answers,Informational,880,26,Core / Navigational Head Terms,/guides/google-business-profile-questions-and-answers/,Guide,TOFU,3,Low,P2,957
google my business app download,Informational,720,21,API / Analytics / Insights,/guides/google-business-profile-login/,Guide,TOFU,1,Low,P2,662.4
google my business card,Informational,480,29,Core / Navigational Head Terms,/google-business-profile-management-tool/,Product Landing,BOFU,5,Low,P2,604.8
google my business logo,Informational,590,31,Photos / Logo / Cover / Videos,/guides/google-my-business-logo-size/,Guide,TOFU,3,Low,P2,598.85
google my business postcard,Informational,590,44,Verification / Code / Postcard,/guides/google-business-profile-verification/,Guide,MOFU,5,Medium,P2,588.52
google maps my business,Navigational,2900,84,Other / Long-tail,/guides/google-business-profile-faq/,FAQ,TOFU,1,High,P2,566.95
google my business ads,Navigational,1000,71,Core / Navigational Head Terms,/google-business-profile-management-tool/,Product Landing,BOFU,5,High,P2,525
google my business support phone number 24/7,"Navigational, Transactional",880,65,Categories / Services / Description,/guides/google-business-profile-support/,Official Support Guide,TOFU,1,High,P2,473.62
how to add my business to google,Informational,720,63,Setup / Add / Create / Register,/guides/add-business-to-google-maps/,Guide,TOFU,4,High,P2,437.76
google my business support,"Navigational, Transactional",1000,72,Support / Customer Care / Contact,/guides/google-business-profile-support/,Official Support Guide,TOFU,1,High,P2,433.55
google my business cover photo size,Informational,320,10,Photos / Logo / Cover / Videos,/guides/google-business-profile-photo-size/,Guide,TOFU,3,Low,P2,422.24
google my business download,Commercial,320,21,API / Analytics / Insights,/guides/google-business-profile-login/,Guide,BOFU,1,Low,P2,382.72
delete google my business,Informational,320,34,Suspension / Reinstatement / Delete,/google-business-profile-management-tool/,Product Landing,BOFU,5,Low,P2,375.2
how to delete my business from google,Informational,390,18,Suspension / Reinstatement / Delete,/guides/google-business-profile-faq/,FAQ,TOFU,1,Low,P2,372.25
how to verify my business on google,Informational,320,37,Verification / Code / Postcard,/guides/google-business-profile-verification/,Guide,MOFU,5,Medium,P2,358.4
google my business icon,Informational,260,23,Core / Navigational Head Terms,/google-business-profile-management-tool/,Product Landing,BOFU,5,Low,P2,354.9
how do i put my business on google maps,Informational,390,46,Setup / Add / Create / Register,/guides/add-business-to-google-maps/,Guide,TOFU,4,Medium,P2,343.2
claim my business on google,Navigational,390,48,Setup / Add / Create / Register,/guides/google-business-profile-ownership-transfer/,Guide,TOFU,4,Medium,P2,330.72
google my business help center,Navigational,590,69,Core / Navigational Head Terms,/google-business-profile-management-tool/,Product Landing,BOFU,5,High,P2,330.4
how to list my business on google,Informational,720,74,Setup / Add / Create / Register,/guides/add-business-to-google-maps/,Guide,TOFU,4,High,P2,311.04
how to remove google reviews from my business,"Informational, Commercial",260,50,Suspension / Reinstatement / Delete,/guides/remove-bad-google-reviews/,Troubleshooting Guide,BOFU,5,Medium,P2,301.66
google my business expert,Commercial,140,9,Management Service / Agency,/google-my-business-management-service/,Service Landing,BOFU,5,Low,P2,293.02
my google business app,"Informational, Commercial",320,43,Login / Account / App,/guides/google-business-profile-login/,Guide,BOFU,1,Medium,P2,277.47
contact number for google my business,"Navigational, Transactional",480,63,Support / Customer Care / Contact,/guides/google-business-profile-support/,Official Support Guide,TOFU,1,High,P2,272.69
how can i list my business on google maps,Informational,210,23,Setup / Add / Create / Register,/guides/add-business-to-google-maps/,Guide,TOFU,4,Low,P2,262.08
create google my business,"Navigational, Transactional",390,70,Setup / Add / Create / Register,/guides/add-business-to-google-maps/,Guide,TOFU,4,High,P2,251.47
google my business free website,Navigational,590,72,Categories / Services / Description,/guides/edit-google-business-profile/,Guide,TOFU,3,High,P2,248.09
google verify my business,Navigational,320,57,Verification / Code / Postcard,/guides/google-business-profile-verification/,Guide,MOFU,5,Medium,P2,246.4
optimise google my business,Informational,320,57,Optimization / SEO / Ranking,/guides/google-business-profile-optimization-checklist/,Pillar Guide,MOFU,5,Medium,P2,246.4
edit my google business,Navigational,390,58,Other / Long-tail,/guides/edit-google-business-profile/,Guide,TOFU,3,Medium,P2,243.16
google my business management service,"Informational, Commercial",140,25,Management Service / Agency,/google-my-business-management-service/,Service Landing,BOFU,5,Low,P2,242.06
google my business verification postcard,Informational,170,20,Verification / Code / Postcard,/guides/google-business-profile-verification/,Guide,MOFU,5,Low,P2,240.98
google my business helpline number,Navigational,720,72,Support / Customer Care / Contact,/guides/google-business-profile-support/,Official Support Guide,TOFU,1,High,P2,240.12
google my business contact number,Navigational,480,58,Support / Customer Care / Contact,/guides/google-business-profile-support/,Official Support Guide,TOFU,1,Medium,P2,237.36
what is google my business,"Informational, Commercial",480,80,Core / Navigational Head Terms,/google-business-profile-management-tool/,Product Landing,BOFU,5,High,P2,229.32
verification code google my business,Informational,170,24,Verification / Code / Postcard,/guides/google-business-profile-verification/,Guide,MOFU,5,Low,P2,229.08
google my business offers,"Informational, Navigational",210,40,Google Posts / Offers / Updates,/features/google-posts-scheduler/,Feature Landing,BOFU,5,Medium,P2,224.17
google my business customer care number,Navigational,1000,82,Support / Customer Care / Contact,/guides/google-business-profile-support/,Official Support Guide,TOFU,1,High,P2,218.5
google my business listing services,Commercial,140,31,Categories / Services / Description,/guides/google-my-business-services/,Guide,BOFU,4,Low,P2,203.84
google my business help,"Navigational, Transactional",480,83,Core / Navigational Head Terms,/google-business-profile-management-tool/,Product Landing,BOFU,5,High,P2,196.56
google my business reviews,"Informational, Commercial",320,74,Reviews / Ratings / Reply,/features/google-review-management/,Feature Landing,BOFU,5,High,P2,196.56
google my business seo,Informational,320,66,Optimization / SEO / Ranking,/guides/google-business-profile-optimization-checklist/,Pillar Guide,MOFU,5,High,P2,196
google my business verify postcard,Informational,140,25,Verification / Code / Postcard,/guides/google-business-profile-verification/,Guide,MOFU,5,Low,P2,186.2
google my business profile picture size,Informational,140,27,Photos / Logo / Cover / Videos,/google-business-profile-management-tool/,Product Landing,BOFU,5,Low,P2,181.3
google my business rank checker,Commercial,140,46,Optimization / SEO / Ranking,/guides/google-business-profile-optimization-checklist/,Pillar Guide,BOFU,5,Medium,P2,175.18
google my business optimization,Informational,320,70,Optimization / SEO / Ranking,/guides/google-business-profile-optimization-checklist/,Pillar Guide,MOFU,5,High,P2,173.6
google my business workshop,Informational,110,13,Core / Navigational Head Terms,/google-business-profile-management-tool/,Product Landing,BOFU,5,Low,P2,169.4
google my business updates,Informational,210,57,Google Posts / Offers / Updates,/features/google-posts-scheduler/,Feature Landing,BOFU,5,Medium,P2,161.7
google my business course,"Informational, Transactional",140,51,Core / Navigational Head Terms,/google-business-profile-management-tool/,Product Landing,BOFU,5,Medium,P2,159.25
google my business page,Navigational,1000,92,Core / Navigational Head Terms,/google-business-profile-management-tool/,Product Landing,BOFU,5,High,P2,157.5
google my business agency,Navigational,170,50,Management Service / Agency,/google-my-business-management-service/,Service Landing,BOFU,5,Medium,P2,151.72
bulk verification google my business,Informational,110,24,Verification / Code / Postcard,/guides/google-business-profile-verification/,Guide,MOFU,5,Low,P2,148.22
google my business suspended,Informational,140,43,Suspension / Reinstatement / Delete,/guides/google-business-profile-suspended/,Troubleshooting Guide,MOFU,5,Medium,P2,142.1
google my business posts,Navigational,210,68,Google Posts / Offers / Updates,/features/google-posts-scheduler/,Feature Landing,BOFU,5,High,P2,121.27
google my business profile,Navigational,6600,100,Core / Navigational Head Terms,/google-business-profile-management-tool/,Product Landing,BOFU,5,High,P2,115.5
google my business review link,"Informational, Commercial",110,56,Reviews / Ratings / Reply,/guides/google-my-business-review-link/,Guide,BOFU,5,Medium,P2,112.61
google my business video verification,Informational,110,51,Verification / Code / Postcard,/guides/google-business-profile-verification/,Guide,MOFU,5,Medium,P2,96.25
google my business map,Navigational,590,94,Core / Navigational Head Terms,/google-business-profile-management-tool/,Product Landing,BOFU,5,High,P2,72.28
gmb google my business,Informational,390,95,Core / Navigational Head Terms,/google-business-profile-management-tool/,Product Landing,BOFU,5,High,P2,40.95
google my business registration,"Navigational, Commercial",140,89,Core / Navigational Head Terms,/google-business-profile-management-tool/,Product Landing,BOFU,5,High,P2,38.22
google my business gmb,Navigational,110,89,Core / Navigational Head Terms,/google-business-profile-management-tool/,Product Landing,BOFU,5,High,P2,23.1
www google my business,"Navigational, Transactional",110,93,Core / Navigational Head Terms,/google-business-profile-management-tool/,Product Landing,BOFU,5,High,P2,20.02
google my business verification code,,170,,Verification / Code / Postcard,/guides/google-business-profile-verification/,Guide,MOFU,5,High,P2,2.98
google verify my business code,,170,,Verification / Code / Postcard,/guides/google-business-profile-verification/,Guide,MOFU,5,High,P2,2.98
google my business bulk verification,,140,,Verification / Code / Postcard,/guides/google-business-profile-verification/,Guide,MOFU,5,High,P2,2.45
google my business search,,110,,Core / Navigational Head Terms,/google-business-profile-management-tool/,Product Landing,BOFU,5,High,P2,1.93
google my business certification,,90,,Core / Navigational Head Terms,/google-business-profile-management-tool/,Product Landing,BOFU,5,High,P2,1.57
google my business get on google,,90,,Core / Navigational Head Terms,/google-business-profile-management-tool/,Product Landing,BOFU,5,High,P2,1.57
google my business link,,90,,Core / Navigational Head Terms,/google-business-profile-management-tool/,Product Landing,BOFU,5,High,P2,1.57
google my business optimization service,,90,,Optimization / SEO / Ranking,/google-my-business-optimization-service/,Service Landing,BOFU,5,High,P2,1.57
google my business com,,70,,Core / Navigational Head Terms,/google-business-profile-management-tool/,Product Landing,BOFU,5,High,P2,1.23
google my business for agencies,,70,,Core / Navigational Head Terms,/google-business-profile-management-tool/,Product Landing,BOFU,5,High,P2,1.23
google my business images,Informational,210,37,Photos / Logo / Cover / Videos,/guides/google-business-profile-photo-size/,Guide,TOFU,3,Medium,P3,194.88
how to add my business to google maps,Informational,210,44,Setup / Add / Create / Register,/guides/add-business-to-google-maps/,Guide,TOFU,4,Medium,P3,191.52
how to delete google my business account,Informational,210,31,Suspension / Reinstatement / Delete,/guides/google-business-profile-login/,Guide,TOFU,1,Low,P3,169.05
google my business cover photo,Informational,140,18,Photos / Logo / Cover / Videos,/guides/google-business-profile-photo-size/,Guide,TOFU,3,Low,P3,168.49
google my business sign up,"Navigational, Transactional",1000,93,Setup / Add / Create / Register,/guides/add-business-to-google-maps/,Guide,TOFU,4,High,P3,166.4
how do i add my business location to google maps,Informational,170,41,Setup / Add / Create / Register,/guides/add-business-to-google-maps/,Guide,TOFU,4,Medium,P3,163.2
how do i list my business on google maps,Informational,210,53,Setup / Add / Create / Register,/guides/add-business-to-google-maps/,Guide,TOFU,4,Medium,P3,161.28
google my business post image size,Informational,140,30,Google Posts / Offers / Updates,/guides/google-business-profile-posts-examples/,Guide,TOFU,4,Low,P3,159.04
how to add my business address on google maps,Informational,170,46,Categories / Services / Description,/guides/add-business-to-google-maps/,Guide,TOFU,4,Medium,P3,149.6
how to add my business address to google maps,Informational,170,46,Categories / Services / Description,/guides/add-business-to-google-maps/,Guide,TOFU,4,Medium,P3,149.6
how can i add my business to google maps,Informational,140,36,Setup / Add / Create / Register,/guides/add-business-to-google-maps/,Guide,TOFU,4,Medium,P3,145.6
google my business post size,Informational,110,22,Google Posts / Offers / Updates,/guides/google-business-profile-posts-examples/,Guide,TOFU,4,Low,P3,139.04
how to register my business on google,"Informational, Transactional",170,63,Setup / Add / Create / Register,/guides/add-business-to-google-maps/,Guide,TOFU,4,High,P3,134.37
create google my business account,"Informational, Navigational",210,47,Setup / Add / Create / Register,/guides/google-business-profile-login/,Guide,TOFU,1,Medium,P3,130.41
create a google my business profile,"Informational, Navigational",260,70,Setup / Add / Create / Register,/guides/add-business-to-google-maps/,Guide,TOFU,4,High,P3,128.96
google my business logo size,Informational,110,23,Photos / Logo / Cover / Videos,/guides/google-my-business-logo-size/,Guide,TOFU,3,Low,P3,124.41
google my business create,"Navigational, Commercial",390,86,Setup / Add / Create / Register,/guides/add-business-to-google-maps/,Guide,BOFU,4,High,P3,121.68
how to advertise my business on google for free,Informational,110,26,Free / Cost / Pricing,/guides/is-google-my-business-free/,Guide,TOFU,3,Low,P3,119.62
google my business profile photo size,Informational,110,27,Photos / Logo / Cover / Videos,/guides/google-business-profile-photo-size/,Guide,TOFU,3,Low,P3,118.03
google my business photo size,Informational,110,28,Photos / Logo / Cover / Videos,/guides/google-business-profile-photo-size/,Guide,TOFU,3,Low,P3,116.43
register my business on google,"Navigational, Transactional",260,81,Setup / Add / Create / Register,/guides/add-business-to-google-maps/,Guide,TOFU,4,High,P3,108.16
how to put my business on google,Informational,110,40,Setup / Add / Create / Register,/guides/add-business-to-google-maps/,Guide,TOFU,4,Medium,P3,107.36
how to advertise my business on google,Informational,140,40,Other / Long-tail,/guides/google-business-profile-faq/,FAQ,TOFU,1,Medium,P3,98.21
how do i add my business to google maps,Informational,140,58,Setup / Add / Create / Register,/guides/add-business-to-google-maps/,Guide,TOFU,4,Medium,P3,96.32
how do i list my business on google,Informational,110,49,Setup / Add / Create / Register,/guides/add-business-to-google-maps/,Guide,TOFU,4,Medium,P3,91.52
how do i remove my business from google maps,Informational,110,30,Suspension / Reinstatement / Delete,/guides/google-business-profile-faq/,FAQ,TOFU,1,Low,P3,89.81
my business google sign in,"Navigational, Transactional",210,76,Login / Account / App,/guides/google-business-profile-login/,Guide,TOFU,1,High,P3,78.49
google com verify my business login,"Navigational, Transactional",110,55,Verification / Code / Postcard,/guides/google-business-profile-login/,Guide,TOFU,1,Medium,P3,75.65
manage my business google,"Navigational, Transactional",210,77,Management Service / Agency,/guides/google-business-profile-faq/,FAQ,TOFU,1,High,P3,75.35
how to create google my business account,Informational,720,92,Setup / Add / Create / Register,/guides/google-business-profile-login/,Guide,TOFU,1,High,P3,74.52
google my business support contact number india,Navigational,170,63,Support / Customer Care / Contact,/guides/google-business-profile-support/,Official Support Guide,TOFU,1,High,P3,74.29
google my business customer service phone number,"Navigational, Transactional",110,66,Categories / Services / Description,/guides/edit-google-business-profile/,Guide,TOFU,3,High,P3,72.57
how can i list my business on google,Informational,110,60,Setup / Add / Create / Register,/guides/add-business-to-google-maps/,Guide,TOFU,4,Medium,P3,72.16
google my business profile login,"Navigational, Transactional",170,75,Login / Account / App,/guides/google-business-profile-login/,Guide,TOFU,1,High,P3,66.08
google my business sign in,"Navigational, Transactional",170,76,Login / Account / App,/guides/google-business-profile-login/,Guide,TOFU,1,High,P3,63.54
google my business login page,"Navigational, Transactional",140,71,Login / Account / App,/guides/google-business-profile-login/,Guide,TOFU,1,High,P3,62.79
google my business support email,Navigational,110,52,Support / Customer Care / Contact,/guides/google-business-profile-support/,Official Support Guide,TOFU,1,Medium,P3,61.98
google my business email support,"Navigational, Transactional",110,65,Support / Customer Care / Contact,/guides/google-business-profile-support/,Official Support Guide,TOFU,1,High,P3,59.2
call google my business support,"Navigational, Transactional",110,67,Support / Customer Care / Contact,/guides/google-business-profile-support/,Official Support Guide,TOFU,1,High,P3,55.91
how can i put my business on google,Informational,110,71,Setup / Add / Create / Register,/guides/add-business-to-google-maps/,Guide,TOFU,4,High,P3,52.8
how do i put my business on google,Informational,110,71,Setup / Add / Create / Register,/guides/add-business-to-google-maps/,Guide,TOFU,4,High,P3,52.8
create google my business listing,Navigational,110,74,Setup / Add / Create / Register,/guides/add-business-to-google-maps/,Guide,TOFU,4,High,P3,47.52
google com my business,"Navigational, Transactional",110,74,Other / Long-tail,/guides/google-business-profile-faq/,FAQ,TOFU,1,High,P3,44.4
how to place my business on google maps,Informational,210,83,Other / Long-tail,/guides/google-business-profile-faq/,FAQ,TOFU,1,High,P3,43.47
contact google my business support,"Navigational, Transactional",110,76,Support / Customer Care / Contact,/guides/google-business-profile-support/,Official Support Guide,TOFU,1,High,P3,41.11
set up google my business,Informational,170,87,Setup / Add / Create / Register,/guides/add-business-to-google-maps/,Guide,TOFU,4,High,P3,38.08
https www google com my business,Navigational,480,95,Other / Long-tail,/guides/google-business-profile-faq/,FAQ,TOFU,1,High,P3,33.12
create a google my business listing,"Informational, Navigational",110,83,Setup / Add / Create / Register,/guides/add-business-to-google-maps/,Guide,TOFU,4,High,P3,31.68
google my business account create,"Informational, Navigational",110,78,Setup / Add / Create / Register,/guides/google-business-profile-login/,Guide,TOFU,1,High,P3,29.09
google my business customer care,"Navigational, Transactional",140,88,Support / Customer Care / Contact,/guides/google-business-profile-support/,Official Support Guide,TOFU,1,High,P3,27.21
google my business website,Navigational,140,89,Categories / Services / Description,/guides/edit-google-business-profile/,Guide,TOFU,3,High,P3,24.36
www google com my business,"Navigational, Transactional",110,95,Other / Long-tail,/guides/google-business-profile-faq/,FAQ,TOFU,1,High,P3,9.87
google my business posts examples,,140,,Google Posts / Offers / Updates,/guides/google-business-profile-posts-examples/,Guide,TOFU,4,High,P3,2.24
google my business claim business,,110,,Setup / Add / Create / Register,/guides/google-business-profile-ownership-transfer/,Guide,TOFU,4,High,P3,1.76
google my business logo png,,110,,Photos / Logo / Cover / Videos,/guides/google-my-business-logo-size/,Guide,TOFU,3,High,P3,1.59
google my business description,,90,,Categories / Services / Description,/guides/google-business-profile-description-examples/,Guide,TOFU,4,High,P3,1.44
google my business posts size,,90,,Google Posts / Offers / Updates,/guides/google-business-profile-posts-examples/,Guide,TOFU,4,High,P3,1.44
google my business phone number,,90,,Categories / Services / Description,/guides/edit-google-business-profile/,Guide,TOFU,3,High,P3,1.3
how to change address in google my business,,90,,Categories / Services / Description,/guides/edit-google-business-profile/,Guide,TOFU,3,High,P3,1.3
google ad my business,,110,,Other / Long-tail,/guides/google-business-profile-faq/,FAQ,TOFU,1,High,P3,1.26
how to delete my business from google maps,,110,,Suspension / Reinstatement / Delete,/guides/google-business-profile-faq/,FAQ,TOFU,1,High,P3,1.26
how to remove my business from google map,,110,,Suspension / Reinstatement / Delete,/guides/google-business-profile-faq/,FAQ,TOFU,1,High,P3,1.26
how to remove my business from google maps,,110,,Suspension / Reinstatement / Delete,/guides/google-business-profile-faq/,FAQ,TOFU,1,High,P3,1.26
google my business setup services,,70,,Categories / Services / Description,/guides/add-business-to-google-maps/,Guide,TOFU,4,High,P3,1.12
how to add keywords in google my business,,70,,Setup / Add / Create / Register,/guides/add-business-to-google-maps/,Guide,TOFU,4,High,P3,1.12
how do i delete my google business account,,90,,Suspension / Reinstatement / Delete,/guides/google-business-profile-login/,Guide,TOFU,1,High,P3,1.03
google my business labels,,50,,Core / Navigational Head Terms,/google-business-profile-management-tool/,Product Landing,BOFU,5,High,P3,0.88
how to close google my business,,50,,Core / Navigational Head Terms,/google-business-profile-management-tool/,Product Landing,BOFU,5,High,P3,0.88
get my business on google,,70,,Other / Long-tail,/guides/google-business-profile-faq/,FAQ,TOFU,1,High,P3,0.81
google my business access,,50,,Ownership / Access / Transfer,/guides/google-business-profile-ownership-transfer/,Guide,TOFU,4,High,P3,0.8
google my business chatbot,,40,,Core / Navigational Head Terms,/google-business-profile-management-tool/,Product Landing,BOFU,5,High,P3,0.7
google my business training,,40,,Core / Navigational Head Terms,/google-business-profile-management-tool/,Product Landing,BOFU,5,High,P3,0.7
google posts my business,,40,,Google Posts / Offers / Updates,/features/google-posts-scheduler/,Feature Landing,BOFU,5,High,P3,0.7
how does google my business work,,40,,Core / Navigational Head Terms,/google-business-profile-management-tool/,Product Landing,BOFU,5,High,P3,0.7
how to do seo for google my business,,40,,Optimization / SEO / Ranking,/guides/google-business-profile-optimization-checklist/,Pillar Guide,MOFU,5,High,P3,0.7
link google ads with google my business,,40,,Core / Navigational Head Terms,/google-business-profile-management-tool/,Product Landing,BOFU,5,High,P3,0.7
what is google my business listing,,40,,Core / Navigational Head Terms,/google-business-profile-management-tool/,Product Landing,BOFU,5,High,P3,0.7
wordpress google my business plugin,,40,,Core / Navigational Head Terms,/google-business-profile-management-tool/,Product Landing,BOFU,5,High,P3,0.7
access google my business,,40,,Ownership / Access / Transfer,/guides/google-business-profile-ownership-transfer/,Guide,TOFU,4,High,P3,0.64
how to add my business place in google map,,40,,Setup / Add / Create / Register,/guides/add-business-to-google-maps/,Guide,TOFU,4,High,P3,0.64
how to create my business page on google,,40,,Setup / Add / Create / Register,/guides/add-business-to-google-maps/,Guide,TOFU,4,High,P3,0.64
put my business on google,,40,,Setup / Add / Create / Register,/guides/add-business-to-google-maps/,Guide,TOFU,4,High,P3,0.64
google my business photos,,40,,Photos / Logo / Cover / Videos,/guides/google-business-profile-photo-size/,Guide,TOFU,3,High,P3,0.58
find my business on google,,50,,Other / Long-tail,/guides/google-business-profile-faq/,FAQ,TOFU,1,High,P3,0.57
google my business account login,,50,,Login / Account / App,/guides/google-business-profile-login/,Guide,TOFU,1,High,P3,0.57
google search my business,,50,,Other / Long-tail,/guides/google-business-profile-faq/,FAQ,TOFU,1,High,P3,0.57
how to delete my google business account,,50,,Suspension / Reinstatement / Delete,/guides/google-business-profile-login/,Guide,TOFU,1,High,P3,0.57
appointment link google my business,,30,,Google Posts / Offers / Updates,/google-business-profile-management-tool/,Product Landing,BOFU,5,High,P3,0.53
authorized google my business representative,,30,,Core / Navigational Head Terms,/google-business-profile-management-tool/,Product Landing,BOFU,5,High,P3,0.53
benefits of google my business,,30,,Core / Navigational Head Terms,/google-business-profile-management-tool/,Product Landing,BOFU,5,High,P3,0.53
boost google my business,,30,,Core / Navigational Head Terms,/google-business-profile-management-tool/,Product Landing,BOFU,5,High,P3,0.53
check google my business,,30,,Core / Navigational Head Terms,/google-business-profile-management-tool/,Product Landing,BOFU,5,High,P3,0.53
fake reviews on google my business,,30,,Reviews / Ratings / Reply,/features/google-review-management/,Feature Landing,BOFU,5,High,P3,0.53
google ads google my business,,30,,Core / Navigational Head Terms,/google-business-profile-management-tool/,Product Landing,BOFU,5,High,P3,0.53
google business verify my business,,30,,Verification / Code / Postcard,/guides/google-business-profile-verification/,Guide,MOFU,5,High,P3,0.53
google my business 360,,30,,Core / Navigational Head Terms,/google-business-profile-management-tool/,Product Landing,BOFU,5,High,P3,0.53
google my business advantages,,30,,Core / Navigational Head Terms,/google-business-profile-management-tool/,Product Landing,BOFU,5,High,P3,0.53
google my business alternatives,,30,,Core / Navigational Head Terms,/google-business-profile-management-tool/,Product Landing,BOFU,5,High,P3,0.53
google my business apk,,30,,Core / Navigational Head Terms,/google-business-profile-management-tool/,Product Landing,BOFU,5,High,P3,0.53
google my business blog,,30,,Core / Navigational Head Terms,/google-business-profile-management-tool/,Product Landing,BOFU,5,High,P3,0.53
google my business chat,,30,,Core / Navigational Head Terms,/google-business-profile-management-tool/,Product Landing,BOFU,5,High,P3,0.53
google my business checker,,30,,Core / Navigational Head Terms,/google-business-profile-management-tool/,Product Landing,BOFU,5,High,P3,0.53
google my business company,,30,,Core / Navigational Head Terms,/google-my-business-management-service/,Service Landing,BOFU,5,High,P3,0.53
google my business console,,30,,Core / Navigational Head Terms,/google-business-profile-management-tool/,Product Landing,BOFU,5,High,P3,0.53
google my business course certification,,30,,Core / Navigational Head Terms,/google-business-profile-management-tool/,Product Landing,BOFU,5,High,P3,0.53
google my business cover page size,,30,,Photos / Logo / Cover / Videos,/google-business-profile-management-tool/,Product Landing,BOFU,5,High,P3,0.53
google my business customer id,,30,,Core / Navigational Head Terms,/google-business-profile-management-tool/,Product Landing,BOFU,5,High,P3,0.53
google my business email,,30,,Core / Navigational Head Terms,/google-business-profile-management-tool/,Product Landing,BOFU,5,High,P3,0.53
google my business extension,,30,,Core / Navigational Head Terms,/google-business-profile-management-tool/,Product Landing,BOFU,5,High,P3,0.53
google my business font,,30,,Core / Navigational Head Terms,/google-business-profile-management-tool/,Product Landing,BOFU,5,High,P3,0.53
google my business for hotels,,30,,Core / Navigational Head Terms,/google-business-profile-management-tool/,Product Landing,BOFU,5,High,P3,0.53
google my business for online business,,30,,Core / Navigational Head Terms,/google-business-profile-management-tool/,Product Landing,BOFU,5,High,P3,0.53
google my business for restaurants,,30,,Core / Navigational Head Terms,/google-business-profile-management-tool/,Product Landing,BOFU,5,High,P3,0.53
google my business for seo,,30,,Optimization / SEO / Ranking,/guides/google-business-profile-optimization-checklist/,Pillar Guide,MOFU,5,High,P3,0.53
google my business forum,,30,,Core / Navigational Head Terms,/google-business-profile-management-tool/,Product Landing,BOFU,5,High,P3,0.53
google my business google ads,,30,,Core / Navigational Head Terms,/google-business-profile-management-tool/,Product Landing,BOFU,5,High,P3,0.53
google my business icon vector,,30,,Core / Navigational Head Terms,/google-business-profile-management-tool/,Product Landing,BOFU,5,High,P3,0.53
google my business interface,,30,,Core / Navigational Head Terms,/google-business-profile-management-tool/,Product Landing,BOFU,5,High,P3,0.53
google my business invitation,,30,,Core / Navigational Head Terms,/google-business-profile-management-tool/,Product Landing,BOFU,5,High,P3,0.53
google my business job,,30,,Core / Navigational Head Terms,/google-business-profile-management-tool/,Product Landing,BOFU,5,High,P3,0.53
google my business linkedin,,30,,Core / Navigational Head Terms,/google-business-profile-management-tool/,Product Landing,BOFU,5,High,P3,0.53
google my business live chat,,30,,Core / Navigational Head Terms,/google-business-profile-management-tool/,Product Landing,BOFU,5,High,P3,0.53
google my business mail,,30,,Core / Navigational Head Terms,/google-business-profile-management-tool/,Product Landing,BOFU,5,High,P3,0.53
google my business map listing,,30,,Core / Navigational Head Terms,/google-business-profile-management-tool/,Product Landing,BOFU,5,High,P3,0.53
google my business meaning,,30,,Core / Navigational Head Terms,/google-business-profile-management-tool/,Product Landing,BOFU,5,High,P3,0.53
google my business messaging not showing,,30,,Core / Navigational Head Terms,/google-business-profile-management-tool/,Product Landing,BOFU,5,High,P3,0.53
google my business name,,30,,Core / Navigational Head Terms,/google-business-profile-management-tool/,Product Landing,BOFU,5,High,P3,0.53
google my business new updates,,30,,Google Posts / Offers / Updates,/features/google-posts-scheduler/,Feature Landing,BOFU,5,High,P3,0.53
google my business news,,30,,Core / Navigational Head Terms,/google-business-profile-management-tool/,Product Landing,BOFU,5,High,P3,0.53
google my business optimisation,,30,,Optimization / SEO / Ranking,/guides/google-business-profile-optimization-checklist/,Pillar Guide,MOFU,5,High,P3,0.53
google my business page management,,30,,Management Service / Agency,/google-business-profile-management-tool/,Product Landing,BOFU,5,High,P3,0.53
google my business partners,,30,,Core / Navigational Head Terms,/google-business-profile-management-tool/,Product Landing,BOFU,5,High,P3,0.53
google my business payment,,30,,Core / Navigational Head Terms,/google-business-profile-management-tool/,Product Landing,BOFU,5,High,P3,0.53
google my business permissions,,30,,Core / Navigational Head Terms,/google-business-profile-management-tool/,Product Landing,BOFU,5,High,P3,0.53
google my business phone verification,,30,,Verification / Code / Postcard,/guides/google-business-profile-verification/,Guide,MOFU,5,High,P3,0.53
google my business place id,,30,,Core / Navigational Head Terms,/google-business-profile-management-tool/,Product Landing,BOFU,5,High,P3,0.53
google my business post rejected,,30,,Google Posts / Offers / Updates,/features/google-posts-scheduler/,Feature Landing,BOFU,5,High,P3,0.53
google my business process,,30,,Core / Navigational Head Terms,/google-business-profile-management-tool/,Product Landing,BOFU,5,High,P3,0.53
google my business provider,,30,,Core / Navigational Head Terms,/google-business-profile-management-tool/,Product Landing,BOFU,5,High,P3,0.53
google my business quality guidelines,,30,,Core / Navigational Head Terms,/google-business-profile-management-tool/,Product Landing,BOFU,5,High,P3,0.53
google my business ranking,,30,,Optimization / SEO / Ranking,/guides/google-business-profile-optimization-checklist/,Pillar Guide,MOFU,5,High,P3,0.53
google my business review guidelines,,30,,Reviews / Ratings / Reply,/features/google-review-management/,Feature Landing,BOFU,5,High,P3,0.53
google my business reviews widget,,30,,Reviews / Ratings / Reply,/features/google-review-management/,Feature Landing,BOFU,5,High,P3,0.53
google my business roles,,30,,Core / Navigational Head Terms,/google-business-profile-management-tool/,Product Landing,BOFU,5,High,P3,0.53
google my business rules,,30,,Core / Navigational Head Terms,/google-business-profile-management-tool/,Product Landing,BOFU,5,High,P3,0.53
google my business s,,30,,Core / Navigational Head Terms,/google-business-profile-management-tool/,Product Landing,BOFU,5,High,P3,0.53
google my business sample,,30,,Core / Navigational Head Terms,/google-business-profile-management-tool/,Product Landing,BOFU,5,High,P3,0.53
google my business seo checklist,,30,,Optimization / SEO / Ranking,/guides/google-business-profile-optimization-checklist/,Pillar Guide,MOFU,5,High,P3,0.53
google my business seo tips,,30,,Optimization / SEO / Ranking,/guides/google-business-profile-optimization-checklist/,Pillar Guide,MOFU,5,High,P3,0.53
google my business statistics,,30,,Core / Navigational Head Terms,/google-business-profile-management-tool/,Product Landing,BOFU,5,High,P3,0.53
google my business steps,,30,,Core / Navigational Head Terms,/google-business-profile-management-tool/,Product Landing,BOFU,5,High,P3,0.53
google my business suspended due to quality issues,,30,,Suspension / Reinstatement / Delete,/guides/google-business-profile-suspended/,Troubleshooting Guide,MOFU,5,High,P3,0.53
google my business temporarily closed,,30,,Core / Navigational Head Terms,/google-business-profile-management-tool/,Product Landing,BOFU,5,High,P3,0.53
google my business tips and tricks,,30,,Core / Navigational Head Terms,/google-business-profile-management-tool/,Product Landing,BOFU,5,High,P3,0.53
google my business training course,,30,,Core / Navigational Head Terms,/google-business-profile-management-tool/,Product Landing,BOFU,5,High,P3,0.53
google my business uk,,30,,Core / Navigational Head Terms,/google-business-profile-management-tool/,Product Landing,BOFU,5,High,P3,0.53
google my business verification code not received,,30,,Verification / Code / Postcard,/guides/google-business-profile-verification/,Guide,MOFU,5,High,P3,0.53
google my business virtual tour,,30,,Core / Navigational Head Terms,/google-business-profile-management-tool/,Product Landing,BOFU,5,High,P3,0.53
google my business youtube,,30,,Core / Navigational Head Terms,/google-business-profile-management-tool/,Product Landing,BOFU,5,High,P3,0.53
google place id from google my business,,30,,Core / Navigational Head Terms,/google-business-profile-management-tool/,Product Landing,BOFU,5,High,P3,0.53
how can i verify my google business by phone,,30,,Verification / Code / Postcard,/guides/google-business-profile-verification/,Guide,MOFU,5,High,P3,0.53
how do i share my google business review link,,30,,Reviews / Ratings / Reply,/guides/google-my-business-review-link/,Guide,MOFU,5,High,P3,0.53
how do i verify my business on google,,30,,Verification / Code / Postcard,/guides/google-business-profile-verification/,Guide,MOFU,5,High,P3,0.53
how do i verify my business on google by phone,,30,,Verification / Code / Postcard,/guides/google-business-profile-verification/,Guide,MOFU,5,High,P3,0.53
how to delete google my business,,30,,Suspension / Reinstatement / Delete,/google-business-profile-management-tool/,Product Landing,BOFU,5,High,P3,0.53
how to delete google my business listing,,30,,Suspension / Reinstatement / Delete,/google-business-profile-management-tool/,Product Landing,BOFU,5,High,P3,0.53
how to delete google my business reviews,,30,,Suspension / Reinstatement / Delete,/guides/remove-bad-google-reviews/,Troubleshooting Guide,MOFU,5,High,P3,0.53
how to fix suspended google my business,,30,,Suspension / Reinstatement / Delete,/guides/google-business-profile-suspended/,Troubleshooting Guide,MOFU,5,High,P3,0.53
how to get google my business link,,30,,Core / Navigational Head Terms,/google-business-profile-management-tool/,Product Landing,BOFU,5,High,P3,0.53
how to get google my business review link,,30,,Reviews / Ratings / Reply,/guides/google-my-business-review-link/,Guide,MOFU,5,High,P3,0.53
how to get google my business url,,30,,Core / Navigational Head Terms,/google-business-profile-management-tool/,Product Landing,BOFU,5,High,P3,0.53
how to get google review link for my business,,30,,Reviews / Ratings / Reply,/guides/google-my-business-review-link/,Guide,MOFU,5,High,P3,0.53
how to get more views on google my business,,30,,Core / Navigational Head Terms,/google-business-profile-management-tool/,Product Landing,BOFU,5,High,P3,0.53
how to link social media to google my business,,30,,Core / Navigational Head Terms,/google-business-profile-management-tool/,Product Landing,BOFU,5,High,P3,0.53
how to optimize google my business listing,,30,,Optimization / SEO / Ranking,/guides/google-business-profile-optimization-checklist/,Pillar Guide,MOFU,5,High,P3,0.53
how to optimize google my business page,,30,,Optimization / SEO / Ranking,/guides/google-business-profile-optimization-checklist/,Pillar Guide,MOFU,5,High,P3,0.53
how to post on google my business,,30,,Google Posts / Offers / Updates,/features/google-posts-scheduler/,Feature Landing,BOFU,5,High,P3,0.53
how to rank higher in google my business,,30,,Optimization / SEO / Ranking,/guides/google-business-profile-optimization-checklist/,Pillar Guide,MOFU,5,High,P3,0.53
how to schedule google my business posts,,30,,Google Posts / Offers / Updates,/features/google-posts-scheduler/,Feature Landing,BOFU,5,High,P3,0.53
how to unsuspend google my business,,30,,Core / Navigational Head Terms,/google-business-profile-management-tool/,Product Landing,BOFU,5,High,P3,0.53
how to update google my business,,30,,Google Posts / Offers / Updates,/features/google-posts-scheduler/,Feature Landing,BOFU,5,High,P3,0.53
how to update my business address on google maps,,30,,Google Posts / Offers / Updates,/features/google-posts-scheduler/,Feature Landing,BOFU,5,High,P3,0.53
how to use google my business,,30,,Core / Navigational Head Terms,/google-business-profile-management-tool/,Product Landing,BOFU,5,High,P3,0.53
how to verify my business on google by phone,,30,,Verification / Code / Postcard,/guides/google-business-profile-verification/,Guide,MOFU,5,High,P3,0.53
how to verify my business on google without postcard,,30,,Verification / Code / Postcard,/guides/google-business-profile-verification/,Guide,MOFU,5,High,P3,0.53
how to write a review on google my business,,30,,Reviews / Ratings / Reply,/features/google-review-management/,Feature Landing,BOFU,5,High,P3,0.53
in google my business,,30,,Core / Navigational Head Terms,/google-business-profile-management-tool/,Product Landing,BOFU,5,High,P3,0.53
is my business verified on google,,30,,Verification / Code / Postcard,/guides/google-business-profile-verification/,Guide,MOFU,5,High,P3,0.53
keywords for google my business,,30,,Core / Navigational Head Terms,/google-business-profile-management-tool/,Product Landing,BOFU,5,High,P3,0.53
local seo google my business,,30,,Optimization / SEO / Ranking,/guides/google-business-profile-optimization-checklist/,Pillar Guide,MOFU,5,High,P3,0.53
my business manager google,,30,,Management Service / Agency,/google-business-profile-management-tool/,Product Landing,BOFU,5,High,P3,0.53
my google my business,,30,,Core / Navigational Head Terms,/google-business-profile-management-tool/,Product Landing,BOFU,5,High,P3,0.53
nap google my business,,30,,Core / Navigational Head Terms,/google-business-profile-management-tool/,Product Landing,BOFU,5,High,P3,0.53
place id google my business,,30,,Core / Navigational Head Terms,/google-business-profile-management-tool/,Product Landing,BOFU,5,High,P3,0.53
products on google my business,,30,,Google Posts / Offers / Updates,/features/google-posts-scheduler/,Feature Landing,BOFU,5,High,P3,0.53
qr code for google my business,,30,,Verification / Code / Postcard,/guides/google-business-profile-verification/,Guide,MOFU,5,High,P3,0.53
semrush google my business,,30,,Core / Navigational Head Terms,/google-business-profile-management-tool/,Product Landing,BOFU,5,High,P3,0.53
the google my business messaging tool,,30,,Management Service / Agency,/google-business-profile-management-tool/,Product Landing,BOFU,5,High,P3,0.53
use of google my business,,30,,Core / Navigational Head Terms,/google-business-profile-management-tool/,Product Landing,BOFU,5,High,P3,0.53
visit google com verify my business,,30,,Verification / Code / Postcard,/guides/google-business-profile-verification/,Guide,MOFU,5,High,P3,0.53
what is google my business in seo,,30,,Optimization / SEO / Ranking,/guides/google-business-profile-optimization-checklist/,Pillar Guide,MOFU,5,High,P3,0.53
what is label in google my business,,30,,Core / Navigational Head Terms,/google-business-profile-management-tool/,Product Landing,BOFU,5,High,P3,0.53
add 360 photo to google my business,,30,,Photos / Logo / Cover / Videos,/guides/add-business-to-google-maps/,Guide,TOFU,4,High,P3,0.48
add facebook page to google my business,,30,,Setup / Add / Create / Register,/guides/add-business-to-google-maps/,Guide,TOFU,4,High,P3,0.48
add logo to google my business,,30,,Photos / Logo / Cover / Videos,/guides/add-business-to-google-maps/,Guide,TOFU,4,High,P3,0.48
add my business google places,,30,,Setup / Add / Create / Register,/guides/add-business-to-google-maps/,Guide,TOFU,4,High,P3,0.48
add my business in google,,30,,Setup / Add / Create / Register,/guides/add-business-to-google-maps/,Guide,TOFU,4,High,P3,0.48
add my business location on google map,,30,,Setup / Add / Create / Register,/guides/add-business-to-google-maps/,Guide,TOFU,4,High,P3,0.48
add my business to google places,,30,,Setup / Add / Create / Register,/guides/add-business-to-google-maps/,Guide,TOFU,4,High,P3,0.48
add new business to google my business,,30,,Setup / Add / Create / Register,/guides/add-business-to-google-maps/,Guide,TOFU,4,High,P3,0.48
add user to google my business,,30,,Setup / Add / Create / Register,/guides/add-business-to-google-maps/,Guide,TOFU,4,High,P3,0.48
add website to google my business,,30,,Categories / Services / Description,/guides/add-business-to-google-maps/,Guide,TOFU,4,High,P3,0.48
all about google my business,,30,,Core / Navigational Head Terms,/guides/google-business-profile-description-examples/,Guide,TOFU,4,High,P3,0.48
google my business about,,30,,Core / Navigational Head Terms,/guides/google-business-profile-description-examples/,Guide,TOFU,4,High,P3,0.48
google my business add,,30,,Setup / Add / Create / Register,/guides/add-business-to-google-maps/,Guide,TOFU,4,High,P3,0.48
google my business api access,,30,,Ownership / Access / Transfer,/guides/google-business-profile-ownership-transfer/,Guide,TOFU,4,High,P3,0.48
google my business api has not been used in project,,30,,API / Analytics / Insights,/features/google-business-profile-reporting/,Feature Landing,BOFU,4,High,P3,0.48
google my business categories list,,30,,Categories / Services / Description,/guides/google-business-profile-categories-list/,Guide,TOFU,4,High,P3,0.48
google my business insights api,,30,,API / Analytics / Insights,/features/google-business-profile-reporting/,Feature Landing,BOFU,4,High,P3,0.48
google my business primary owner,,30,,Ownership / Access / Transfer,/guides/google-business-profile-ownership-transfer/,Guide,TOFU,4,High,P3,0.48
how do i add keywords to my google business page,,30,,Setup / Add / Create / Register,/guides/add-business-to-google-maps/,Guide,TOFU,4,High,P3,0.48
how do i add my business address to google maps,,30,,Categories / Services / Description,/guides/add-business-to-google-maps/,Guide,TOFU,4,High,P3,0.48
how do i register my business with google,,30,,Setup / Add / Create / Register,/guides/add-business-to-google-maps/,Guide,TOFU,4,High,P3,0.48
how to add a second location to google my business,,30,,Setup / Add / Create / Register,/guides/add-business-to-google-maps/,Guide,TOFU,4,High,P3,0.48
how to add another location to google my business,,30,,Setup / Add / Create / Register,/guides/add-business-to-google-maps/,Guide,TOFU,4,High,P3,0.48
how to add facebook to google my business,,30,,Setup / Add / Create / Register,/guides/add-business-to-google-maps/,Guide,TOFU,4,High,P3,0.48
how to add location in google my business,,30,,Setup / Add / Create / Register,/guides/add-business-to-google-maps/,Guide,TOFU,4,High,P3,0.48
how to add menu in google my business,,30,,Google Posts / Offers / Updates,/guides/add-business-to-google-maps/,Guide,TOFU,4,High,P3,0.48
how to add multiple locations on google my business,,30,,Setup / Add / Create / Register,/guides/add-business-to-google-maps/,Guide,TOFU,4,High,P3,0.48
how to add my business in google for free,,30,,Setup / Add / Create / Register,/guides/add-business-to-google-maps/,Guide,TOFU,4,High,P3,0.48
how to add my business location on google maps,,30,,Setup / Add / Create / Register,/guides/add-business-to-google-maps/,Guide,TOFU,4,High,P3,0.48
how to add my business to google search,,30,,Setup / Add / Create / Register,/guides/add-business-to-google-maps/,Guide,TOFU,4,High,P3,0.48
how to add my business to google search engine,,30,,Setup / Add / Create / Register,/guides/add-business-to-google-maps/,Guide,TOFU,4,High,P3,0.48
how to add photos to google my business,,30,,Photos / Logo / Cover / Videos,/guides/add-business-to-google-maps/,Guide,TOFU,4,High,P3,0.48
how to add products in google my business,,30,,Google Posts / Offers / Updates,/guides/add-business-to-google-maps/,Guide,TOFU,4,High,P3,0.48
how to add products on google my business,,30,,Google Posts / Offers / Updates,/guides/add-business-to-google-maps/,Guide,TOFU,4,High,P3,0.48
how to claim google my business listing,,30,,Setup / Add / Create / Register,/guides/google-business-profile-ownership-transfer/,Guide,TOFU,4,High,P3,0.48
how to create a google my business page,,30,,Setup / Add / Create / Register,/guides/add-business-to-google-maps/,Guide,TOFU,4,High,P3,0.48
how to get google my business api key,,30,,API / Analytics / Insights,/features/google-business-profile-reporting/,Feature Landing,BOFU,4,High,P3,0.48
how to give access to google my business,,30,,Ownership / Access / Transfer,/guides/google-business-profile-ownership-transfer/,Guide,TOFU,4,High,P3,0.48
how to list my business in google maps,,30,,Setup / Add / Create / Register,/guides/add-business-to-google-maps/,Guide,TOFU,4,High,P3,0.48
how to list my business on top of google search,,30,,Setup / Add / Create / Register,/guides/add-business-to-google-maps/,Guide,TOFU,4,High,P3,0.48
how to register google my business,,30,,Setup / Add / Create / Register,/guides/add-business-to-google-maps/,Guide,TOFU,4,High,P3,0.48
how to register on google my business,,30,,Setup / Add / Create / Register,/guides/add-business-to-google-maps/,Guide,TOFU,4,High,P3,0.48
how to set up google my business,,30,,Setup / Add / Create / Register,/guides/add-business-to-google-maps/,Guide,TOFU,4,High,P3,0.48
put my business on google maps,,30,,Setup / Add / Create / Register,/guides/add-business-to-google-maps/,Guide,TOFU,4,High,P3,0.48
delete my business from google maps,,40,,Suspension / Reinstatement / Delete,/guides/google-business-profile-faq/,FAQ,TOFU,1,High,P3,0.46
google business my business,,40,,Other / Long-tail,/guides/google-business-profile-faq/,FAQ,TOFU,1,High,P3,0.46
google my business customer care number india 24 7,,40,,Support / Customer Care / Contact,/guides/google-business-profile-support/,Official Support Guide,TOFU,1,High,P3,0.46
my business profile on google,,40,,Core / Navigational Head Terms,/guides/google-business-profile-faq/,FAQ,TOFU,1,High,P3,0.46
bulk upload google my business,,30,,Photos / Logo / Cover / Videos,/guides/google-business-profile-photo-size/,Guide,TOFU,3,High,P3,0.43
change address in google my business,,30,,Categories / Services / Description,/guides/edit-google-business-profile/,Guide,TOFU,3,High,P3,0.43
change google my business email,,30,,Core / Navigational Head Terms,/guides/edit-google-business-profile/,Guide,TOFU,3,High,P3,0.43
cover photo for google my business,,30,,Photos / Logo / Cover / Videos,/guides/google-business-profile-photo-size/,Guide,TOFU,3,High,P3,0.43
cover photo for google my business size,,30,,Photos / Logo / Cover / Videos,/guides/google-business-profile-photo-size/,Guide,TOFU,3,High,P3,0.43
does google my business cost money,,30,,Free / Cost / Pricing,/guides/is-google-my-business-free/,Guide,TOFU,3,High,P3,0.43
google my business address change,,30,,Categories / Services / Description,/guides/edit-google-business-profile/,Guide,TOFU,3,High,P3,0.43
google my business answers,,30,,Core / Navigational Head Terms,/guides/google-business-profile-questions-and-answers/,Guide,TOFU,3,High,P3,0.43
google my business bulk upload,,30,,Photos / Logo / Cover / Videos,/guides/google-business-profile-photo-size/,Guide,TOFU,3,High,P3,0.43
google my business certification answers,,30,,Core / Navigational Head Terms,/guides/google-business-profile-questions-and-answers/,Guide,TOFU,3,High,P3,0.43
google my business change name,,30,,Core / Navigational Head Terms,/guides/edit-google-business-profile/,Guide,TOFU,3,High,P3,0.43
google my business cover photo examples,,30,,Photos / Logo / Cover / Videos,/guides/google-business-profile-photo-size/,Guide,TOFU,3,High,P3,0.43
google my business customer service phone number india,,30,,Categories / Services / Description,/guides/edit-google-business-profile/,Guide,TOFU,3,High,P3,0.43
google my business delete photos,,30,,Suspension / Reinstatement / Delete,/guides/google-business-profile-photo-size/,Guide,TOFU,3,High,P3,0.43
google my business edit address,,30,,Categories / Services / Description,/guides/edit-google-business-profile/,Guide,TOFU,3,High,P3,0.43
google my business free listing,,30,,Free / Cost / Pricing,/guides/is-google-my-business-free/,Guide,TOFU,3,High,P3,0.43
google my business image size,,30,,Photos / Logo / Cover / Videos,/guides/google-business-profile-photo-size/,Guide,TOFU,3,High,P3,0.43
google my business name change,,30,,Core / Navigational Head Terms,/guides/edit-google-business-profile/,Guide,TOFU,3,High,P3,0.43
google my business profile image size,,30,,Photos / Logo / Cover / Videos,/guides/google-business-profile-photo-size/,Guide,TOFU,3,High,P3,0.43
google my business profile photo,,30,,Photos / Logo / Cover / Videos,/guides/google-business-profile-photo-size/,Guide,TOFU,3,High,P3,0.43
google my business website examples,,30,,Categories / Services / Description,/guides/edit-google-business-profile/,Guide,TOFU,3,High,P3,0.43
google my business website free,,30,,Categories / Services / Description,/guides/edit-google-business-profile/,Guide,TOFU,3,High,P3,0.43
how do i edit my google business page,,30,,Other / Long-tail,/guides/edit-google-business-profile/,Guide,TOFU,3,High,P3,0.43
how to change business name in google my business,,30,,Core / Navigational Head Terms,/guides/edit-google-business-profile/,Guide,TOFU,3,High,P3,0.43
how to change cover photo on google my business,,30,,Photos / Logo / Cover / Videos,/guides/google-business-profile-photo-size/,Guide,TOFU,3,High,P3,0.43
how to change email address in google my business,,30,,Categories / Services / Description,/guides/edit-google-business-profile/,Guide,TOFU,3,High,P3,0.43
how to change email id in google my business,,30,,Core / Navigational Head Terms,/guides/edit-google-business-profile/,Guide,TOFU,3,High,P3,0.43
how to change google my business email address,,30,,Categories / Services / Description,/guides/edit-google-business-profile/,Guide,TOFU,3,High,P3,0.43
how to change google my business profile picture,,30,,Core / Navigational Head Terms,/guides/edit-google-business-profile/,Guide,TOFU,3,High,P3,0.43
how to change my business name on google,,30,,Other / Long-tail,/guides/edit-google-business-profile/,Guide,TOFU,3,High,P3,0.43
how to change profile picture on google my business,,30,,Core / Navigational Head Terms,/guides/edit-google-business-profile/,Guide,TOFU,3,High,P3,0.43
how to change the email id in google my business,,30,,Core / Navigational Head Terms,/guides/edit-google-business-profile/,Guide,TOFU,3,High,P3,0.43
how to delete images from google my business,,30,,Suspension / Reinstatement / Delete,/guides/google-business-profile-photo-size/,Guide,TOFU,3,High,P3,0.43
how to delete photos from google my business,,30,,Suspension / Reinstatement / Delete,/guides/google-business-profile-photo-size/,Guide,TOFU,3,High,P3,0.43
how to hide address in google my business,,30,,Categories / Services / Description,/guides/edit-google-business-profile/,Guide,TOFU,3,High,P3,0.43
how to remove images from google my business,,30,,Suspension / Reinstatement / Delete,/guides/google-business-profile-photo-size/,Guide,TOFU,3,High,P3,0.43
how to remove photos in google my business,,30,,Suspension / Reinstatement / Delete,/guides/google-business-profile-photo-size/,Guide,TOFU,3,High,P3,0.43
how to upload video on google my business,,30,,Photos / Logo / Cover / Videos,/guides/google-business-profile-photo-size/,Guide,TOFU,3,High,P3,0.43
link website to google my business,,30,,Categories / Services / Description,/guides/edit-google-business-profile/,Guide,TOFU,3,High,P3,0.43
my business google website,,30,,Categories / Services / Description,/guides/edit-google-business-profile/,Guide,TOFU,3,High,P3,0.43
add google my business reviews to website,,20,,Reviews / Ratings / Reply,/features/google-review-management/,Feature Landing,BOFU,5,High,P3,0.35
ads google my business,,20,,Core / Navigational Head Terms,/google-business-profile-management-tool/,Product Landing,BOFU,5,High,P3,0.35
ads on google my business,,20,,Core / Navigational Head Terms,/google-business-profile-management-tool/,Product Landing,BOFU,5,High,P3,0.35
advantages of google my business,,20,,Core / Navigational Head Terms,/google-business-profile-management-tool/,Product Landing,BOFU,5,High,P3,0.35
attributes google my business,,20,,Categories / Services / Description,/google-business-profile-management-tool/,Product Landing,BOFU,5,High,P3,0.35
auto post to google my business,,20,,Google Posts / Offers / Updates,/features/google-posts-scheduler/,Feature Landing,BOFU,5,High,P3,0.35
automate google my business posts,,20,,Google Posts / Offers / Updates,/features/google-posts-scheduler/,Feature Landing,BOFU,5,High,P3,0.35
best google my business examples,,20,,Core / Navigational Head Terms,/google-business-profile-management-tool/,Product Landing,BOFU,5,High,P3,0.35
best time to post on google my business,,20,,Google Posts / Offers / Updates,/features/google-posts-scheduler/,Feature Landing,BOFU,5,High,P3,0.35
bing google my business,,20,,Core / Navigational Head Terms,/google-business-profile-management-tool/,Product Landing,BOFU,5,High,P3,0.35
booking button google my business,,20,,Core / Navigational Head Terms,/google-business-profile-management-tool/,Product Landing,BOFU,5,High,P3,0.35
buffer google my business,,20,,Core / Navigational Head Terms,/google-business-profile-management-tool/,Product Landing,BOFU,5,High,P3,0.35
buy google my business reviews,,20,,Reviews / Ratings / Reply,/features/google-review-management/,Feature Landing,BOFU,5,High,P3,0.35
can you remove reviews from google my business,,20,,Suspension / Reinstatement / Delete,/guides/remove-bad-google-reviews/,Troubleshooting Guide,MOFU,5,High,P3,0.35
can you schedule posts on google my business,,20,,Google Posts / Offers / Updates,/features/google-posts-scheduler/,Feature Landing,BOFU,5,High,P3,0.35
citation for google my business,,20,,Core / Navigational Head Terms,/google-business-profile-management-tool/,Product Landing,BOFU,5,High,P3,0.35
connect google my business to google ads,,20,,Core / Navigational Head Terms,/google-business-profile-management-tool/,Product Landing,BOFU,5,High,P3,0.35
dashboard google my business,,20,,Management Service / Agency,/google-business-profile-management-tool/,Product Landing,BOFU,5,High,P3,0.35
delete business from google my business,,20,,Suspension / Reinstatement / Delete,/google-business-profile-management-tool/,Product Landing,BOFU,5,High,P3,0.35
delete google my business location,,20,,Suspension / Reinstatement / Delete,/google-business-profile-management-tool/,Product Landing,BOFU,5,High,P3,0.35
delete google my business page,,20,,Suspension / Reinstatement / Delete,/google-business-profile-management-tool/,Product Landing,BOFU,5,High,P3,0.35
delete google my business reviews,,20,,Suspension / Reinstatement / Delete,/guides/remove-bad-google-reviews/,Troubleshooting Guide,MOFU,5,High,P3,0.35
delete google review for my business,,20,,Suspension / Reinstatement / Delete,/guides/remove-bad-google-reviews/,Troubleshooting Guide,MOFU,5,High,P3,0.35
disadvantages of google my business,,20,,Core / Navigational Head Terms,/google-business-profile-management-tool/,Product Landing,BOFU,5,High,P3,0.35
do hashtags work on google my business,,20,,Core / Navigational Head Terms,/google-business-profile-management-tool/,Product Landing,BOFU,5,High,P3,0.35
duplicate google my business listings,,20,,Suspension / Reinstatement / Delete,/google-business-profile-management-tool/,Product Landing,BOFU,5,High,P3,0.35
embed google my business,,20,,Core / Navigational Head Terms,/google-business-profile-management-tool/,Product Landing,BOFU,5,High,P3,0.35
embed google my business reviews,,20,,Reviews / Ratings / Reply,/features/google-review-management/,Feature Landing,BOFU,5,High,P3,0.35
facebook reviews on google my business,,20,,Reviews / Ratings / Reply,/features/google-review-management/,Feature Landing,BOFU,5,High,P3,0.35
features of google my business,,20,,Core / Navigational Head Terms,/google-business-profile-management-tool/,Product Landing,BOFU,5,High,P3,0.35
fiche google my business,,20,,Core / Navigational Head Terms,/google-business-profile-management-tool/,Product Landing,BOFU,5,High,P3,0.35
forgot google my business email,,20,,Core / Navigational Head Terms,/google-business-profile-management-tool/,Product Landing,BOFU,5,High,P3,0.35
generate google my business review link,,20,,Reviews / Ratings / Reply,/guides/google-my-business-review-link/,Guide,MOFU,5,High,P3,0.35
google ads vs google my business,,20,,Core / Navigational Head Terms,/google-business-profile-management-tool/,Product Landing,BOFU,5,High,P3,0.35
google google my business,,20,,Core / Navigational Head Terms,/google-business-profile-management-tool/,Product Landing,BOFU,5,High,P3,0.35
google has suspended my business page,,20,,Suspension / Reinstatement / Delete,/guides/google-business-profile-suspended/,Troubleshooting Guide,MOFU,5,High,P3,0.35
google my business 404 error,,20,,Core / Navigational Head Terms,/google-business-profile-management-tool/,Product Landing,BOFU,5,High,P3,0.35
google my business ad size,,20,,Photos / Logo / Cover / Videos,/google-business-profile-management-tool/,Product Landing,BOFU,5,High,P3,0.35
google my business adwords,,20,,Core / Navigational Head Terms,/google-business-profile-management-tool/,Product Landing,BOFU,5,High,P3,0.35
google my business agency dashboard,,20,,Management Service / Agency,/google-my-business-management-service/,Service Landing,BOFU,5,High,P3,0.35
google my business agency partner,,20,,Management Service / Agency,/google-my-business-management-service/,Service Landing,BOFU,5,High,P3,0.35
google my business algorithm,,20,,Core / Navigational Head Terms,/google-business-profile-management-tool/,Product Landing,BOFU,5,High,P3,0.35
google my business api get reviews,,20,,Reviews / Ratings / Reply,/guides/google-my-business-review-link/,Guide,MOFU,5,High,P3,0.35
google my business api reviews,,20,,Reviews / Ratings / Reply,/features/google-review-management/,Feature Landing,BOFU,5,High,P3,0.35
google my business appeal,,20,,Suspension / Reinstatement / Delete,/guides/google-business-profile-suspended/,Troubleshooting Guide,MOFU,5,High,P3,0.35
google my business application,,20,,Core / Navigational Head Terms,/google-business-profile-management-tool/,Product Landing,BOFU,5,High,P3,0.35
google my business appointment link,,20,,Google Posts / Offers / Updates,/google-business-profile-management-tool/,Product Landing,BOFU,5,High,P3,0.35
google my business attributes,,20,,Categories / Services / Description,/google-business-profile-management-tool/,Product Landing,BOFU,5,High,P3,0.35
google my business attributes list,,20,,Categories / Services / Description,/google-business-profile-management-tool/,Product Landing,BOFU,5,High,P3,0.35
google my business audit,,20,,Core / Navigational Head Terms,/google-business-profile-management-tool/,Product Landing,BOFU,5,High,P3,0.35
google my business australia,,20,,Core / Navigational Head Terms,/google-business-profile-management-tool/,Product Landing,BOFU,5,High,P3,0.35
google my business auto post,,20,,Google Posts / Offers / Updates,/features/google-posts-scheduler/,Feature Landing,BOFU,5,High,P3,0.35
google my business automation,,20,,Core / Navigational Head Terms,/google-business-profile-management-tool/,Product Landing,BOFU,5,High,P3,0.35
google my business badge,,20,,Core / Navigational Head Terms,/google-business-profile-management-tool/,Product Landing,BOFU,5,High,P3,0.35
google my business banner,,20,,Core / Navigational Head Terms,/google-business-profile-management-tool/,Product Landing,BOFU,5,High,P3,0.35
google my business banner size,,20,,Photos / Logo / Cover / Videos,/google-business-profile-management-tool/,Product Landing,BOFU,5,High,P3,0.35
google my business basics,,20,,Core / Navigational Head Terms,/google-business-profile-management-tool/,Product Landing,BOFU,5,High,P3,0.35
google my business best practices,,20,,Core / Navigational Head Terms,/google-business-profile-management-tool/,Product Landing,BOFU,5,High,P3,0.35
google my business blog posts,,20,,Google Posts / Offers / Updates,/features/google-posts-scheduler/,Feature Landing,BOFU,5,High,P3,0.35
google my business books,,20,,Core / Navigational Head Terms,/google-business-profile-management-tool/,Product Landing,BOFU,5,High,P3,0.35
google my business campaign,,20,,Core / Navigational Head Terms,/google-business-profile-management-tool/,Product Landing,BOFU,5,High,P3,0.35
google my business canada,,20,,Core / Navigational Head Terms,/google-business-profile-management-tool/,Product Landing,BOFU,5,High,P3,0.35
google my business card view,,20,,Core / Navigational Head Terms,/google-business-profile-management-tool/,Product Landing,BOFU,5,High,P3,0.35
google my business case study,,20,,Core / Navigational Head Terms,/google-business-profile-management-tool/,Product Landing,BOFU,5,High,P3,0.35
google my business center,,20,,Core / Navigational Head Terms,/google-business-profile-management-tool/,Product Landing,BOFU,5,High,P3,0.35
google my business certificate,,20,,Core / Navigational Head Terms,/google-business-profile-management-tool/,Product Landing,BOFU,5,High,P3,0.35
google my business changes,,20,,Core / Navigational Head Terms,/google-business-profile-management-tool/,Product Landing,BOFU,5,High,P3,0.35
google my business chat feature,,20,,Core / Navigational Head Terms,/google-business-profile-management-tool/,Product Landing,BOFU,5,High,P3,0.35
google my business chrome extension,,20,,Core / Navigational Head Terms,/google-business-profile-management-tool/,Product Landing,BOFU,5,High,P3,0.35
google my business citations,,20,,Core / Navigational Head Terms,/google-business-profile-management-tool/,Product Landing,BOFU,5,High,P3,0.35
google my business community,,20,,Core / Navigational Head Terms,/google-business-profile-management-tool/,Product Landing,BOFU,5,High,P3,0.35
google my business competitors,,20,,Core / Navigational Head Terms,/google-business-profile-management-tool/,Product Landing,BOFU,5,High,P3,0.35
google my business complaint form,,20,,Core / Navigational Head Terms,/google-business-profile-management-tool/,Product Landing,BOFU,5,High,P3,0.35
google my business complaints,,20,,Core / Navigational Head Terms,/google-business-profile-management-tool/,Product Landing,BOFU,5,High,P3,0.35
google my business connection,,20,,Core / Navigational Head Terms,/google-business-profile-management-tool/,Product Landing,BOFU,5,High,P3,0.35
google my business consultant,,20,,Management Service / Agency,/google-my-business-management-service/,Service Landing,BOFU,5,High,P3,0.35
google my business content,,20,,Core / Navigational Head Terms,/google-business-profile-management-tool/,Product Landing,BOFU,5,High,P3,0.35
google my business content policy,,20,,Core / Navigational Head Terms,/google-business-profile-management-tool/,Product Landing,BOFU,5,High,P3,0.35
google my business cover size,,20,,Photos / Logo / Cover / Videos,/google-business-profile-management-tool/,Product Landing,BOFU,5,High,P3,0.35
google my business customer number,,20,,Core / Navigational Head Terms,/google-business-profile-management-tool/,Product Landing,BOFU,5,High,P3,0.35
google my business customer service,,20,,Management Service / Agency,/google-business-profile-management-tool/,Product Landing,BOFU,5,High,P3,0.35
google my business customer service number,,20,,Management Service / Agency,/google-business-profile-management-tool/,Product Landing,BOFU,5,High,P3,0.35
google my business definition,,20,,Core / Navigational Head Terms,/google-business-profile-management-tool/,Product Landing,BOFU,5,High,P3,0.35
google my business delete location,,20,,Suspension / Reinstatement / Delete,/google-business-profile-management-tool/,Product Landing,BOFU,5,High,P3,0.35
google my business delete review,,20,,Suspension / Reinstatement / Delete,/guides/remove-bad-google-reviews/,Troubleshooting Guide,MOFU,5,High,P3,0.35
google my business directory,,20,,Core / Navigational Head Terms,/google-business-profile-management-tool/,Product Landing,BOFU,5,High,P3,0.35
google my business disabled,,20,,Suspension / Reinstatement / Delete,/guides/google-business-profile-suspended/,Troubleshooting Guide,MOFU,5,High,P3,0.35
google my business domain,,20,,Core / Navigational Head Terms,/google-business-profile-management-tool/,Product Landing,BOFU,5,High,P3,0.35
google my business embed code,,20,,Verification / Code / Postcard,/guides/google-business-profile-verification/,Guide,MOFU,5,High,P3,0.35
google my business english,,20,,Core / Navigational Head Terms,/google-business-profile-management-tool/,Product Landing,BOFU,5,High,P3,0.35
google my business events,,20,,Google Posts / Offers / Updates,/features/google-posts-scheduler/,Feature Landing,BOFU,5,High,P3,0.35
google my business exam,,20,,Core / Navigational Head Terms,/google-business-profile-management-tool/,Product Landing,BOFU,5,High,P3,0.35
google my business examples,,20,,Core / Navigational Head Terms,/google-business-profile-management-tool/,Product Landing,BOFU,5,High,P3,0.35
google my business extractor,,20,,Core / Navigational Head Terms,/google-business-profile-management-tool/,Product Landing,BOFU,5,High,P3,0.35
google my business fake listings,,20,,Core / Navigational Head Terms,/google-business-profile-management-tool/,Product Landing,BOFU,5,High,P3,0.35
google my business fake reviews,,20,,Reviews / Ratings / Reply,/features/google-review-management/,Feature Landing,BOFU,5,High,P3,0.35
google my business faq,,20,,Core / Navigational Head Terms,/google-business-profile-management-tool/,Product Landing,BOFU,5,High,P3,0.35
google my business features,,20,,Core / Navigational Head Terms,/google-business-profile-management-tool/,Product Landing,BOFU,5,High,P3,0.35
google my business fee,,20,,Core / Navigational Head Terms,/google-business-profile-management-tool/,Product Landing,BOFU,5,High,P3,0.35
google my business feedback,,20,,Reviews / Ratings / Reply,/google-business-profile-management-tool/,Product Landing,BOFU,5,High,P3,0.35
google my business for beginners,,20,,Core / Navigational Head Terms,/google-business-profile-management-tool/,Product Landing,BOFU,5,High,P3,0.35
google my business for doctors,,20,,Core / Navigational Head Terms,/google-business-profile-management-tool/,Product Landing,BOFU,5,High,P3,0.35
google my business for ecommerce,,20,,Core / Navigational Head Terms,/google-business-profile-management-tool/,Product Landing,BOFU,5,High,P3,0.35
google my business for freelancers,,20,,Core / Navigational Head Terms,/google-business-profile-management-tool/,Product Landing,BOFU,5,High,P3,0.35
google my business for multiple locations,,20,,Core / Navigational Head Terms,/google-business-profile-management-tool/,Product Landing,BOFU,5,High,P3,0.35
google my business for online stores,,20,,Core / Navigational Head Terms,/google-business-profile-management-tool/,Product Landing,BOFU,5,High,P3,0.35
google my business for real estate agents,,20,,Core / Navigational Head Terms,/google-business-profile-management-tool/,Product Landing,BOFU,5,High,P3,0.35
google my business form,,20,,Core / Navigational Head Terms,/google-business-profile-management-tool/,Product Landing,BOFU,5,High,P3,0.35
google my business freelance,,20,,Core / Navigational Head Terms,/google-business-profile-management-tool/,Product Landing,BOFU,5,High,P3,0.35
google my business gmail,,20,,Core / Navigational Head Terms,/google-business-profile-management-tool/,Product Landing,BOFU,5,High,P3,0.35
google my business gmb listing,,20,,Core / Navigational Head Terms,/google-business-profile-management-tool/,Product Landing,BOFU,5,High,P3,0.35
google my business google maps,,20,,Core / Navigational Head Terms,/google-business-profile-management-tool/,Product Landing,BOFU,5,High,P3,0.35
google my business guide,,20,,Core / Navigational Head Terms,/google-business-profile-management-tool/,Product Landing,BOFU,5,High,P3,0.35
google my business guidelines,,20,,Core / Navigational Head Terms,/google-business-profile-management-tool/,Product Landing,BOFU,5,High,P3,0.35
google my business hacks,,20,,Core / Navigational Head Terms,/google-business-profile-management-tool/,Product Landing,BOFU,5,High,P3,0.35
google my business hindi,,20,,Core / Navigational Head Terms,/google-business-profile-management-tool/,Product Landing,BOFU,5,High,P3,0.35
google my business home page,,20,,Core / Navigational Head Terms,/google-business-profile-management-tool/,Product Landing,BOFU,5,High,P3,0.35
google my business how it works,,20,,Core / Navigational Head Terms,/google-business-profile-management-tool/,Product Landing,BOFU,5,High,P3,0.35
google my business how to delete,,20,,Suspension / Reinstatement / Delete,/google-business-profile-management-tool/,Product Landing,BOFU,5,High,P3,0.35
google my business how to use,,20,,Core / Navigational Head Terms,/google-business-profile-management-tool/,Product Landing,BOFU,5,High,P3,0.35
google my business how to verify,,20,,Verification / Code / Postcard,/guides/google-business-profile-verification/,Guide,MOFU,5,High,P3,0.35
google my business importance,,20,,Core / Navigational Head Terms,/google-business-profile-management-tool/,Product Landing,BOFU,5,High,P3,0.35
google my business in english,,20,,Core / Navigational Head Terms,/google-business-profile-management-tool/,Product Landing,BOFU,5,High,P3,0.35
google my business in hindi,,20,,Core / Navigational Head Terms,/google-business-profile-management-tool/,Product Landing,BOFU,5,High,P3,0.35
google my business in india,,20,,Core / Navigational Head Terms,/google-business-profile-management-tool/,Product Landing,BOFU,5,High,P3,0.35
google my business india,,20,,Core / Navigational Head Terms,/google-business-profile-management-tool/,Product Landing,BOFU,5,High,P3,0.35
google my business information,,20,,Core / Navigational Head Terms,/google-business-profile-management-tool/,Product Landing,BOFU,5,High,P3,0.35
google my business instant verification,,20,,Verification / Code / Postcard,/guides/google-business-profile-verification/,Guide,MOFU,5,High,P3,0.35
google my business integration,,20,,Core / Navigational Head Terms,/google-business-profile-management-tool/,Product Landing,BOFU,5,High,P3,0.35
google my business introduction,,20,,Core / Navigational Head Terms,/google-business-profile-management-tool/,Product Landing,BOFU,5,High,P3,0.35
google my business iphone,,20,,Core / Navigational Head Terms,/google-business-profile-management-tool/,Product Landing,BOFU,5,High,P3,0.35
google my business issues,,20,,Core / Navigational Head Terms,/google-business-profile-management-tool/,Product Landing,BOFU,5,High,P3,0.35
google my business kaise kare,,20,,Core / Navigational Head Terms,/google-business-profile-management-tool/,Product Landing,BOFU,5,High,P3,0.35
google my business keywords,,20,,Core / Navigational Head Terms,/google-business-profile-management-tool/,Product Landing,BOFU,5,High,P3,0.35
google my business landing page,,20,,Core / Navigational Head Terms,/google-business-profile-management-tool/,Product Landing,BOFU,5,High,P3,0.35
google my business latest update,,20,,Google Posts / Offers / Updates,/features/google-posts-scheduler/,Feature Landing,BOFU,5,High,P3,0.35
google my business learning,,20,,Core / Navigational Head Terms,/google-business-profile-management-tool/,Product Landing,BOFU,5,High,P3,0.35
google my business link generator,,20,,Core / Navigational Head Terms,/google-business-profile-management-tool/,Product Landing,BOFU,5,High,P3,0.35
google my business listing not showing,,20,,Core / Navigational Head Terms,/google-business-profile-management-tool/,Product Landing,BOFU,5,High,P3,0.35
google my business listing optimization,,20,,Optimization / SEO / Ranking,/guides/google-business-profile-optimization-checklist/,Pillar Guide,MOFU,5,High,P3,0.35
google my business listing suspended,,20,,Suspension / Reinstatement / Delete,/guides/google-business-profile-suspended/,Troubleshooting Guide,MOFU,5,High,P3,0.35
google my business listing verification,,20,,Verification / Code / Postcard,/guides/google-business-profile-verification/,Guide,MOFU,5,High,P3,0.35
google my business local ads,,20,,Core / Navigational Head Terms,/google-business-profile-management-tool/,Product Landing,BOFU,5,High,P3,0.35
google my business local business reinstatement request,,20,,Suspension / Reinstatement / Delete,/guides/google-business-profile-suspended/,Troubleshooting Guide,MOFU,5,High,P3,0.35
google my business location group,,20,,Core / Navigational Head Terms,/google-business-profile-management-tool/,Product Landing,BOFU,5,High,P3,0.35
google my business manage locations,,20,,Management Service / Agency,/google-business-profile-management-tool/,Product Landing,BOFU,5,High,P3,0.35
google my business manager access,,20,,Management Service / Agency,/google-business-profile-management-tool/,Product Landing,BOFU,5,High,P3,0.35
google my business marketing,,20,,Core / Navigational Head Terms,/google-business-profile-management-tool/,Product Landing,BOFU,5,High,P3,0.35
google my business marketing kit,,20,,Core / Navigational Head Terms,/google-business-profile-management-tool/,Product Landing,BOFU,5,High,P3,0.35
google my business means,,20,,Core / Navigational Head Terms,/google-business-profile-management-tool/,Product Landing,BOFU,5,High,P3,0.35
google my business multiple locations,,20,,Core / Navigational Head Terms,/google-business-profile-management-tool/,Product Landing,BOFU,5,High,P3,0.35
google my business multiple locations same name,,20,,Core / Navigational Head Terms,/google-business-profile-management-tool/,Product Landing,BOFU,5,High,P3,0.35
google my business not showing,,20,,Core / Navigational Head Terms,/google-business-profile-management-tool/,Product Landing,BOFU,5,High,P3,0.35
google my business not working,,20,,Core / Navigational Head Terms,/google-business-profile-management-tool/,Product Landing,BOFU,5,High,P3,0.35
google my business notifications,,20,,Core / Navigational Head Terms,/google-business-profile-management-tool/,Product Landing,BOFU,5,High,P3,0.35
google my business offer posts,,20,,Google Posts / Offers / Updates,/features/google-posts-scheduler/,Feature Landing,BOFU,5,High,P3,0.35
google my business old version,,20,,Core / Navigational Head Terms,/google-business-profile-management-tool/,Product Landing,BOFU,5,High,P3,0.35
google my business on mobile,,20,,Core / Navigational Head Terms,/google-business-profile-management-tool/,Product Landing,BOFU,5,High,P3,0.35
google my business online course,,20,,Core / Navigational Head Terms,/google-business-profile-management-tool/,Product Landing,BOFU,5,High,P3,0.35
google my business optimisation service,,20,,Optimization / SEO / Ranking,/google-my-business-optimization-service/,Service Landing,BOFU,5,High,P3,0.35
google my business optimization checklist,,20,,Optimization / SEO / Ranking,/guides/google-business-profile-optimization-checklist/,Pillar Guide,MOFU,5,High,P3,0.35
google my business optimization service india,,20,,Optimization / SEO / Ranking,/google-my-business-optimization-service/,Service Landing,BOFU,5,High,P3,0.35
google my business package,,20,,Core / Navigational Head Terms,/google-business-profile-management-tool/,Product Landing,BOFU,5,High,P3,0.35
google my business packages,,20,,Core / Navigational Head Terms,/google-business-profile-management-tool/,Product Landing,BOFU,5,High,P3,0.35
google my business page link,,20,,Core / Navigational Head Terms,/google-business-profile-management-tool/,Product Landing,BOFU,5,High,P3,0.35
google my business page not showing,,20,,Core / Navigational Head Terms,/google-business-profile-management-tool/,Product Landing,BOFU,5,High,P3,0.35
google my business page seo,,20,,Optimization / SEO / Ranking,/guides/google-business-profile-optimization-checklist/,Pillar Guide,MOFU,5,High,P3,0.35
google my business page suspended,,20,,Suspension / Reinstatement / Delete,/guides/google-business-profile-suspended/,Troubleshooting Guide,MOFU,5,High,P3,0.35
google my business panel,,20,,Core / Navigational Head Terms,/google-business-profile-management-tool/,Product Landing,BOFU,5,High,P3,0.35
google my business partner,,20,,Core / Navigational Head Terms,/google-business-profile-management-tool/,Product Landing,BOFU,5,High,P3,0.35
google my business partner program,,20,,Core / Navigational Head Terms,/google-business-profile-management-tool/,Product Landing,BOFU,5,High,P3,0.35
google my business pdf,,20,,Core / Navigational Head Terms,/google-business-profile-management-tool/,Product Landing,BOFU,5,High,P3,0.35
google my business picture size,,20,,Photos / Logo / Cover / Videos,/google-business-profile-management-tool/,Product Landing,BOFU,5,High,P3,0.35
google my business places,,20,,Core / Navigational Head Terms,/google-business-profile-management-tool/,Product Landing,BOFU,5,High,P3,0.35
google my business plan,,20,,Core / Navigational Head Terms,/google-business-profile-management-tool/,Product Landing,BOFU,5,High,P3,0.35
google my business play store,,20,,Core / Navigational Head Terms,/google-business-profile-management-tool/,Product Landing,BOFU,5,High,P3,0.35
google my business plugin,,20,,Core / Navigational Head Terms,/google-business-profile-management-tool/,Product Landing,BOFU,5,High,P3,0.35
google my business png,,20,,Core / Navigational Head Terms,/google-business-profile-management-tool/,Product Landing,BOFU,5,High,P3,0.35
google my business policy,,20,,Core / Navigational Head Terms,/google-business-profile-management-tool/,Product Landing,BOFU,5,High,P3,0.35
google my business post dimensions,,20,,Google Posts / Offers / Updates,/features/google-posts-scheduler/,Feature Landing,BOFU,5,High,P3,0.35
google my business post scheduler,,20,,Google Posts / Offers / Updates,/features/google-posts-scheduler/,Feature Landing,BOFU,5,High,P3,0.35
google my business postcard verification,,20,,Verification / Code / Postcard,/guides/google-business-profile-verification/,Guide,MOFU,5,High,P3,0.35
google my business posters,,20,,Core / Navigational Head Terms,/google-business-profile-management-tool/,Product Landing,BOFU,5,High,P3,0.35
google my business posts best practices,,20,,Google Posts / Offers / Updates,/features/google-posts-scheduler/,Feature Landing,BOFU,5,High,P3,0.35
google my business ppt,,20,,Core / Navigational Head Terms,/google-business-profile-management-tool/,Product Landing,BOFU,5,High,P3,0.35
google my business premium,,20,,Core / Navigational Head Terms,/google-business-profile-management-tool/,Product Landing,BOFU,5,High,P3,0.35
google my business presentation,,20,,Core / Navigational Head Terms,/google-business-profile-management-tool/,Product Landing,BOFU,5,High,P3,0.35
google my business problems,,20,,Core / Navigational Head Terms,/google-business-profile-management-tool/,Product Landing,BOFU,5,High,P3,0.35
google my business promo code,,20,,Verification / Code / Postcard,/guides/google-business-profile-verification/,Guide,MOFU,5,High,P3,0.35
google my business promotion,,20,,Core / Navigational Head Terms,/google-business-profile-management-tool/,Product Landing,BOFU,5,High,P3,0.35
google my business proposal pdf,,20,,Core / Navigational Head Terms,/google-business-profile-management-tool/,Product Landing,BOFU,5,High,P3,0.35
google my business qr code,,20,,Verification / Code / Postcard,/guides/google-business-profile-verification/,Guide,MOFU,5,High,P3,0.35
google my business ranking factors,,20,,Optimization / SEO / Ranking,/guides/google-business-profile-optimization-checklist/,Pillar Guide,MOFU,5,High,P3,0.35
google my business ranking services,,20,,Categories / Services / Description,/google-my-business-optimization-service/,Service Landing,BOFU,5,High,P3,0.35
google my business rating,,20,,Reviews / Ratings / Reply,/features/google-review-management/,Feature Landing,BOFU,5,High,P3,0.35
google my business real estate,,20,,Core / Navigational Head Terms,/google-business-profile-management-tool/,Product Landing,BOFU,5,High,P3,0.35
google my business rebranding,,20,,Core / Navigational Head Terms,/google-business-profile-management-tool/,Product Landing,BOFU,5,High,P3,0.35
google my business recovery,,20,,Core / Navigational Head Terms,/google-business-profile-management-tool/,Product Landing,BOFU,5,High,P3,0.35
google my business registration process,,20,,Core / Navigational Head Terms,/google-business-profile-management-tool/,Product Landing,BOFU,5,High,P3,0.35
google my business reinstatement,,20,,Suspension / Reinstatement / Delete,/guides/google-business-profile-suspended/,Troubleshooting Guide,MOFU,5,High,P3,0.35
google my business reinstatement request,,20,,Suspension / Reinstatement / Delete,/guides/google-business-profile-suspended/,Troubleshooting Guide,MOFU,5,High,P3,0.35
google my business remove listing,,20,,Suspension / Reinstatement / Delete,/google-business-profile-management-tool/,Product Landing,BOFU,5,High,P3,0.35
google my business remove location,,20,,Suspension / Reinstatement / Delete,/google-business-profile-management-tool/,Product Landing,BOFU,5,High,P3,0.35
google my business remove reviews,,20,,Suspension / Reinstatement / Delete,/guides/remove-bad-google-reviews/,Troubleshooting Guide,MOFU,5,High,P3,0.35
google my business reply to reviews,,20,,Reviews / Ratings / Reply,/features/google-review-management/,Feature Landing,BOFU,5,High,P3,0.35
google my business reporting tool,,20,,Management Service / Agency,/google-business-profile-management-tool/,Product Landing,BOFU,5,High,P3,0.35
google my business requirements,,20,,Core / Navigational Head Terms,/google-business-profile-management-tool/,Product Landing,BOFU,5,High,P3,0.35
google my business restaurant,,20,,Core / Navigational Head Terms,/google-business-profile-management-tool/,Product Landing,BOFU,5,High,P3,0.35
google my business review cards,,20,,Reviews / Ratings / Reply,/features/google-review-management/,Feature Landing,BOFU,5,High,P3,0.35
google my business review delete,,20,,Suspension / Reinstatement / Delete,/features/google-review-management/,Feature Landing,BOFU,5,High,P3,0.35
google my business review generator,,20,,Reviews / Ratings / Reply,/features/google-review-management/,Feature Landing,BOFU,5,High,P3,0.35
google my business review link generator,,20,,Reviews / Ratings / Reply,/guides/google-my-business-review-link/,Guide,MOFU,5,High,P3,0.35
google my business review logo,,20,,Reviews / Ratings / Reply,/features/google-review-management/,Feature Landing,BOFU,5,High,P3,0.35
google my business review policy,,20,,Reviews / Ratings / Reply,/features/google-review-management/,Feature Landing,BOFU,5,High,P3,0.35
google my business review qr code,,20,,Verification / Code / Postcard,/features/google-review-management/,Feature Landing,BOFU,5,High,P3,0.35
google my business review removal,,20,,Reviews / Ratings / Reply,/features/google-review-management/,Feature Landing,BOFU,5,High,P3,0.35
google my business review wordpress plugin,,20,,Reviews / Ratings / Reply,/features/google-review-management/,Feature Landing,BOFU,5,High,P3,0.35
google my business reviews disappeared,,20,,Reviews / Ratings / Reply,/features/google-review-management/,Feature Landing,BOFU,5,High,P3,0.35
google my business reviews not showing,,20,,Reviews / Ratings / Reply,/features/google-review-management/,Feature Landing,BOFU,5,High,P3,0.35
google my business reviews not showing up,,20,,Reviews / Ratings / Reply,/features/google-review-management/,Feature Landing,BOFU,5,High,P3,0.35
google my business scams,,20,,Core / Navigational Head Terms,/google-business-profile-management-tool/,Product Landing,BOFU,5,High,P3,0.35
google my business scraper,,20,,Core / Navigational Head Terms,/google-business-profile-management-tool/,Product Landing,BOFU,5,High,P3,0.35
google my business search console,,20,,Core / Navigational Head Terms,/google-business-profile-management-tool/,Product Landing,BOFU,5,High,P3,0.35
google my business seo benefits,,20,,Optimization / SEO / Ranking,/guides/google-business-profile-optimization-checklist/,Pillar Guide,MOFU,5,High,P3,0.35
google my business seo services,,20,,Categories / Services / Description,/google-my-business-optimization-service/,Service Landing,BOFU,5,High,P3,0.35
google my business short name,,20,,Core / Navigational Head Terms,/google-business-profile-management-tool/,Product Landing,BOFU,5,High,P3,0.35
google my business short url,,20,,Core / Navigational Head Terms,/google-business-profile-management-tool/,Product Landing,BOFU,5,High,P3,0.35
google my business shut down,,20,,Core / Navigational Head Terms,/google-business-profile-management-tool/,Product Landing,BOFU,5,High,P3,0.35
google my business sign,,20,,Core / Navigational Head Terms,/google-business-profile-management-tool/,Product Landing,BOFU,5,High,P3,0.35
google my business site,,20,,Core / Navigational Head Terms,/google-business-profile-management-tool/,Product Landing,BOFU,5,High,P3,0.35
google my business social media,,20,,Core / Navigational Head Terms,/google-business-profile-management-tool/,Product Landing,BOFU,5,High,P3,0.35
google my business social media profiles,,20,,Core / Navigational Head Terms,/google-business-profile-management-tool/,Product Landing,BOFU,5,High,P3,0.35
google my business social profiles,,20,,Core / Navigational Head Terms,/google-business-profile-management-tool/,Product Landing,BOFU,5,High,P3,0.35
google my business software,,20,,Management Service / Agency,/google-business-profile-management-tool/,Product Landing,BOFU,5,High,P3,0.35
google my business solutions,,20,,Core / Navigational Head Terms,/google-business-profile-management-tool/,Product Landing,BOFU,5,High,P3,0.35
google my business specialist,,20,,Core / Navigational Head Terms,/google-business-profile-management-tool/,Product Landing,BOFU,5,High,P3,0.35
google my business store code,,20,,Verification / Code / Postcard,/guides/google-business-profile-verification/,Guide,MOFU,5,High,P3,0.35
google my business strategy,,20,,Core / Navigational Head Terms,/google-business-profile-management-tool/,Product Landing,BOFU,5,High,P3,0.35
google my business street view,,20,,Core / Navigational Head Terms,/google-business-profile-management-tool/,Product Landing,BOFU,5,High,P3,0.35
google my business suspended help,,20,,Suspension / Reinstatement / Delete,/guides/google-business-profile-suspended/,Troubleshooting Guide,MOFU,5,High,P3,0.35
google my business symbol,,20,,Core / Navigational Head Terms,/google-business-profile-management-tool/,Product Landing,BOFU,5,High,P3,0.35
google my business tags,,20,,Core / Navigational Head Terms,/google-business-profile-management-tool/,Product Landing,BOFU,5,High,P3,0.35
google my business team,,20,,Core / Navigational Head Terms,/google-business-profile-management-tool/,Product Landing,BOFU,5,High,P3,0.35
google my business template,,20,,Core / Navigational Head Terms,/google-business-profile-management-tool/,Product Landing,BOFU,5,High,P3,0.35
google my business terms and conditions,,20,,Core / Navigational Head Terms,/google-business-profile-management-tool/,Product Landing,BOFU,5,High,P3,0.35
google my business texting,,20,,Core / Navigational Head Terms,/google-business-profile-management-tool/,Product Landing,BOFU,5,High,P3,0.35
google my business third party,,20,,Core / Navigational Head Terms,/google-business-profile-management-tool/,Product Landing,BOFU,5,High,P3,0.35
google my business tips,,20,,Core / Navigational Head Terms,/google-business-profile-management-tool/,Product Landing,BOFU,5,High,P3,0.35
google my business tools,,20,,Core / Navigational Head Terms,/google-business-profile-management-tool/,Product Landing,BOFU,5,High,P3,0.35
google my business tracking,,20,,Core / Navigational Head Terms,/google-business-profile-management-tool/,Product Landing,BOFU,5,High,P3,0.35
google my business traffic,,20,,Core / Navigational Head Terms,/google-business-profile-management-tool/,Product Landing,BOFU,5,High,P3,0.35
google my business tricks,,20,,Core / Navigational Head Terms,/google-business-profile-management-tool/,Product Landing,BOFU,5,High,P3,0.35
google my business troubleshooting,,20,,Core / Navigational Head Terms,/google-business-profile-management-tool/,Product Landing,BOFU,5,High,P3,0.35
google my business tutorial,,20,,Core / Navigational Head Terms,/google-business-profile-management-tool/,Product Landing,BOFU,5,High,P3,0.35
google my business tutorial in hindi,,20,,Core / Navigational Head Terms,/google-business-profile-management-tool/,Product Landing,BOFU,5,High,P3,0.35
google my business tutorial pdf,,20,,Core / Navigational Head Terms,/google-business-profile-management-tool/,Product Landing,BOFU,5,High,P3,0.35
google my business url,,20,,Core / Navigational Head Terms,/google-business-profile-management-tool/,Product Landing,BOFU,5,High,P3,0.35
google my business url link,,20,,Core / Navigational Head Terms,/google-business-profile-management-tool/,Product Landing,BOFU,5,High,P3,0.35
google my business user permissions,,20,,Core / Navigational Head Terms,/google-business-profile-management-tool/,Product Landing,BOFU,5,High,P3,0.35
google my business uses,,20,,Core / Navigational Head Terms,/google-business-profile-management-tool/,Product Landing,BOFU,5,High,P3,0.35
google my business utm tracking,,20,,Core / Navigational Head Terms,/google-business-profile-management-tool/,Product Landing,BOFU,5,High,P3,0.35
google my business vector,,20,,Core / Navigational Head Terms,/google-business-profile-management-tool/,Product Landing,BOFU,5,High,P3,0.35
google my business verification by email,,20,,Verification / Code / Postcard,/guides/google-business-profile-verification/,Guide,MOFU,5,High,P3,0.35
google my business verification issues,,20,,Verification / Code / Postcard,/guides/google-business-profile-verification/,Guide,MOFU,5,High,P3,0.35
google my business verification methods,,20,,Verification / Code / Postcard,/guides/google-business-profile-verification/,Guide,MOFU,5,High,P3,0.35
google my business verification process,,20,,Verification / Code / Postcard,/guides/google-business-profile-verification/,Guide,MOFU,5,High,P3,0.35
google my business verification service,,20,,Verification / Code / Postcard,/guides/google-business-profile-verification/,Guide,MOFU,5,High,P3,0.35
google my business verification without postcard,,20,,Verification / Code / Postcard,/guides/google-business-profile-verification/,Guide,MOFU,5,High,P3,0.35
google my business verify by email,,20,,Verification / Code / Postcard,/guides/google-business-profile-verification/,Guide,MOFU,5,High,P3,0.35
google my business virtual office,,20,,Core / Navigational Head Terms,/google-business-profile-management-tool/,Product Landing,BOFU,5,High,P3,0.35
google my business vs google ads,,20,,Core / Navigational Head Terms,/google-business-profile-management-tool/,Product Landing,BOFU,5,High,P3,0.35
google my business webinar,,20,,Core / Navigational Head Terms,/google-business-profile-management-tool/,Product Landing,BOFU,5,High,P3,0.35
google my business website seo,,20,,Categories / Services / Description,/guides/google-business-profile-optimization-checklist/,Pillar Guide,MOFU,5,High,P3,0.35
google my business widget,,20,,Core / Navigational Head Terms,/google-business-profile-management-tool/,Product Landing,BOFU,5,High,P3,0.35
google my business wordpress plugin,,20,,Core / Navigational Head Terms,/google-business-profile-management-tool/,Product Landing,BOFU,5,High,P3,0.35
hootsuite google my business,,20,,Core / Navigational Head Terms,/google-business-profile-management-tool/,Product Landing,BOFU,5,High,P3,0.35
how do i know if my google business is verified,,20,,Verification / Code / Postcard,/guides/google-business-profile-verification/,Guide,MOFU,5,High,P3,0.35
how does google my business help,,20,,Core / Navigational Head Terms,/google-business-profile-management-tool/,Product Landing,BOFU,5,High,P3,0.35
how google my business works,,20,,Core / Navigational Head Terms,/google-business-profile-management-tool/,Product Landing,BOFU,5,High,P3,0.35
how much to charge for google my business,,20,,Core / Navigational Head Terms,/google-business-profile-management-tool/,Product Landing,BOFU,5,High,P3,0.35
how to activate google my business,,20,,Core / Navigational Head Terms,/google-business-profile-management-tool/,Product Landing,BOFU,5,High,P3,0.35
how to advertise on google my business,,20,,Core / Navigational Head Terms,/google-business-profile-management-tool/,Product Landing,BOFU,5,High,P3,0.35
how to ask for reviews on google my business,,20,,Reviews / Ratings / Reply,/guides/google-my-business-review-link/,Guide,MOFU,5,High,P3,0.35
how to boost google my business,,20,,Core / Navigational Head Terms,/google-business-profile-management-tool/,Product Landing,BOFU,5,High,P3,0.35
how to bypass google my business verification,,20,,Verification / Code / Postcard,/guides/google-business-profile-verification/,Guide,MOFU,5,High,P3,0.35
how to check google my business ranking,,20,,Optimization / SEO / Ranking,/guides/google-business-profile-optimization-checklist/,Pillar Guide,MOFU,5,High,P3,0.35
how to create a google my business review link,,20,,Reviews / Ratings / Reply,/guides/google-my-business-review-link/,Guide,MOFU,5,High,P3,0.35
how to deactivate google my business,,20,,Core / Navigational Head Terms,/google-business-profile-management-tool/,Product Landing,BOFU,5,High,P3,0.35
how to delete a google my business page,,20,,Suspension / Reinstatement / Delete,/google-business-profile-management-tool/,Product Landing,BOFU,5,High,P3,0.35
how to delete a google review on my business,,20,,Suspension / Reinstatement / Delete,/guides/remove-bad-google-reviews/,Troubleshooting Guide,MOFU,5,High,P3,0.35
how to delete a review on google my business,,20,,Suspension / Reinstatement / Delete,/guides/remove-bad-google-reviews/,Troubleshooting Guide,MOFU,5,High,P3,0.35
how to delete fake reviews on google my business,,20,,Suspension / Reinstatement / Delete,/guides/remove-bad-google-reviews/,Troubleshooting Guide,MOFU,5,High,P3,0.35
how to delete google my business location,,20,,Suspension / Reinstatement / Delete,/google-business-profile-management-tool/,Product Landing,BOFU,5,High,P3,0.35
how to delete google my business page,,20,,Suspension / Reinstatement / Delete,/google-business-profile-management-tool/,Product Landing,BOFU,5,High,P3,0.35
how to delete google my business profile,,20,,Suspension / Reinstatement / Delete,/google-business-profile-management-tool/,Product Landing,BOFU,5,High,P3,0.35
how to delete review from google my business,,20,,Suspension / Reinstatement / Delete,/guides/remove-bad-google-reviews/,Troubleshooting Guide,MOFU,5,High,P3,0.35
how to delete reviews on google my business,,20,,Suspension / Reinstatement / Delete,/guides/remove-bad-google-reviews/,Troubleshooting Guide,MOFU,5,High,P3,0.35
how to disable reviews on google my business,,20,,Reviews / Ratings / Reply,/features/google-review-management/,Feature Landing,BOFU,5,High,P3,0.35
how to earn money from google my business,,20,,Core / Navigational Head Terms,/google-business-profile-management-tool/,Product Landing,BOFU,5,High,P3,0.35
how to find google my business url,,20,,Core / Navigational Head Terms,/google-business-profile-management-tool/,Product Landing,BOFU,5,High,P3,0.35
how to find my google my business url,,20,,Core / Navigational Head Terms,/google-business-profile-management-tool/,Product Landing,BOFU,5,High,P3,0.35
how to find unclaimed google my business listings,,20,,Core / Navigational Head Terms,/google-business-profile-management-tool/,Product Landing,BOFU,5,High,P3,0.35
how to get google my business,,20,,Core / Navigational Head Terms,/google-business-profile-management-tool/,Product Landing,BOFU,5,High,P3,0.35
how to get google my business verification code,,20,,Verification / Code / Postcard,/guides/google-business-profile-verification/,Guide,MOFU,5,High,P3,0.35
how to get google reviews for my business,,20,,Reviews / Ratings / Reply,/features/google-review-management/,Feature Landing,BOFU,5,High,P3,0.35
how to get my business verified on google,,20,,Verification / Code / Postcard,/guides/google-business-profile-verification/,Guide,MOFU,5,High,P3,0.35
how to get reviews on google for my business,,20,,Reviews / Ratings / Reply,/guides/google-my-business-review-link/,Guide,MOFU,5,High,P3,0.35
how to get reviews on google my business,,20,,Reviews / Ratings / Reply,/guides/google-my-business-review-link/,Guide,MOFU,5,High,P3,0.35
how to get to the top of google my business,,20,,Core / Navigational Head Terms,/google-business-profile-management-tool/,Product Landing,BOFU,5,High,P3,0.35
how to get verified on google my business,,20,,Verification / Code / Postcard,/guides/google-business-profile-verification/,Guide,MOFU,5,High,P3,0.35
how to google my business,,20,,Core / Navigational Head Terms,/google-business-profile-management-tool/,Product Landing,BOFU,5,High,P3,0.35
how to improve google my business ranking,,20,,Optimization / SEO / Ranking,/guides/google-business-profile-optimization-checklist/,Pillar Guide,MOFU,5,High,P3,0.35
how to improve google search results for my business,,20,,Optimization / SEO / Ranking,/guides/google-business-profile-optimization-checklist/,Pillar Guide,MOFU,5,High,P3,0.35
how to improve my google business listing,,20,,Optimization / SEO / Ranking,/guides/google-business-profile-optimization-checklist/,Pillar Guide,MOFU,5,High,P3,0.35
how to improve your google my business ranking,,20,,Optimization / SEO / Ranking,/guides/google-business-profile-optimization-checklist/,Pillar Guide,MOFU,5,High,P3,0.35
how to link facebook page to google my business,,20,,Core / Navigational Head Terms,/google-business-profile-management-tool/,Product Landing,BOFU,5,High,P3,0.35
how to link google ads to google my business,,20,,Core / Navigational Head Terms,/google-business-profile-management-tool/,Product Landing,BOFU,5,High,P3,0.35
how to link google my business to facebook,,20,,Core / Navigational Head Terms,/google-business-profile-management-tool/,Product Landing,BOFU,5,High,P3,0.35
how to link google my business to google ads,,20,,Core / Navigational Head Terms,/google-business-profile-management-tool/,Product Landing,BOFU,5,High,P3,0.35
how to log into google my business,,20,,Core / Navigational Head Terms,/google-business-profile-management-tool/,Product Landing,BOFU,5,High,P3,0.35
how to make a google my business page,,20,,Core / Navigational Head Terms,/google-business-profile-management-tool/,Product Landing,BOFU,5,High,P3,0.35
how to make google my business,,20,,Core / Navigational Head Terms,/google-business-profile-management-tool/,Product Landing,BOFU,5,High,P3,0.35
how to make google my business page,,20,,Core / Navigational Head Terms,/google-business-profile-management-tool/,Product Landing,BOFU,5,High,P3,0.35
how to manage google my business,,20,,Management Service / Agency,/google-business-profile-management-tool/,Product Landing,BOFU,5,High,P3,0.35
how to merge two google my business listings,,20,,Core / Navigational Head Terms,/google-business-profile-management-tool/,Product Landing,BOFU,5,High,P3,0.35
how to optimise google my business,,20,,Optimization / SEO / Ranking,/guides/google-business-profile-optimization-checklist/,Pillar Guide,MOFU,5,High,P3,0.35
how to optimize google my business,,20,,Optimization / SEO / Ranking,/guides/google-business-profile-optimization-checklist/,Pillar Guide,MOFU,5,High,P3,0.35
how to optimize my business on google,,20,,Optimization / SEO / Ranking,/guides/google-business-profile-optimization-checklist/,Pillar Guide,MOFU,5,High,P3,0.35
how to pin my business on google maps,,20,,Verification / Code / Postcard,/guides/google-business-profile-verification/,Guide,MOFU,5,High,P3,0.35
how to post in google my business,,20,,Google Posts / Offers / Updates,/features/google-posts-scheduler/,Feature Landing,BOFU,5,High,P3,0.35
how to post my business in google,,20,,Google Posts / Offers / Updates,/features/google-posts-scheduler/,Feature Landing,BOFU,5,High,P3,0.35
how to post my business on google,,20,,Google Posts / Offers / Updates,/features/google-posts-scheduler/,Feature Landing,BOFU,5,High,P3,0.35
how to post my business on google maps,,20,,Google Posts / Offers / Updates,/features/google-posts-scheduler/,Feature Landing,BOFU,5,High,P3,0.35
how to post photos on google my business,,20,,Google Posts / Offers / Updates,/features/google-posts-scheduler/,Feature Landing,BOFU,5,High,P3,0.35
how to promote google my business,,20,,Core / Navigational Head Terms,/google-business-profile-management-tool/,Product Landing,BOFU,5,High,P3,0.35
how to promote google my business listing,,20,,Core / Navigational Head Terms,/google-business-profile-management-tool/,Product Landing,BOFU,5,High,P3,0.35
how to rank google my business,,20,,Optimization / SEO / Ranking,/guides/google-business-profile-optimization-checklist/,Pillar Guide,MOFU,5,High,P3,0.35
how to rank google my business page,,20,,Optimization / SEO / Ranking,/guides/google-business-profile-optimization-checklist/,Pillar Guide,MOFU,5,High,P3,0.35
how to rank higher on google my business,,20,,Optimization / SEO / Ranking,/guides/google-business-profile-optimization-checklist/,Pillar Guide,MOFU,5,High,P3,0.35
how to rank on google my business,,20,,Optimization / SEO / Ranking,/guides/google-business-profile-optimization-checklist/,Pillar Guide,MOFU,5,High,P3,0.35
how to recover suspended google my business,,20,,Suspension / Reinstatement / Delete,/guides/google-business-profile-suspended/,Troubleshooting Guide,MOFU,5,High,P3,0.35
how to remove a bad review from google my business,,20,,Suspension / Reinstatement / Delete,/guides/remove-bad-google-reviews/,Troubleshooting Guide,MOFU,5,High,P3,0.35
how to remove a google review from my business,,20,,Suspension / Reinstatement / Delete,/guides/remove-bad-google-reviews/,Troubleshooting Guide,MOFU,5,High,P3,0.35
how to remove business from google my business,,20,,Suspension / Reinstatement / Delete,/google-business-profile-management-tool/,Product Landing,BOFU,5,High,P3,0.35
how to remove duplicate google my business listing,,20,,Suspension / Reinstatement / Delete,/google-business-profile-management-tool/,Product Landing,BOFU,5,High,P3,0.35
how to remove google my business listing,,20,,Suspension / Reinstatement / Delete,/google-business-profile-management-tool/,Product Landing,BOFU,5,High,P3,0.35
how to remove google my business page,,20,,Suspension / Reinstatement / Delete,/google-business-profile-management-tool/,Product Landing,BOFU,5,High,P3,0.35
how to remove google my business reviews,,20,,Suspension / Reinstatement / Delete,/guides/remove-bad-google-reviews/,Troubleshooting Guide,MOFU,5,High,P3,0.35
how to remove pictures from google my business,,20,,Suspension / Reinstatement / Delete,/google-business-profile-management-tool/,Product Landing,BOFU,5,High,P3,0.35
how to remove reviews from google my business,,20,,Suspension / Reinstatement / Delete,/guides/remove-bad-google-reviews/,Troubleshooting Guide,MOFU,5,High,P3,0.35
how to remove reviews on google my business,,20,,Suspension / Reinstatement / Delete,/guides/remove-bad-google-reviews/,Troubleshooting Guide,MOFU,5,High,P3,0.35
how to run ads on google my business,,20,,Core / Navigational Head Terms,/google-business-profile-management-tool/,Product Landing,BOFU,5,High,P3,0.35
how to run google my business ads,,20,,Core / Navigational Head Terms,/google-business-profile-management-tool/,Product Landing,BOFU,5,High,P3,0.35
how to schedule posts on google my business,,20,,Google Posts / Offers / Updates,/features/google-posts-scheduler/,Feature Landing,BOFU,5,High,P3,0.35
how to sell products on google my business,,20,,Google Posts / Offers / Updates,/features/google-posts-scheduler/,Feature Landing,BOFU,5,High,P3,0.35
how to seo google my business,,20,,Optimization / SEO / Ranking,/guides/google-business-profile-optimization-checklist/,Pillar Guide,MOFU,5,High,P3,0.35
how to set keywords in google my business,,20,,Core / Navigational Head Terms,/google-business-profile-management-tool/,Product Landing,BOFU,5,High,P3,0.35
how to share google my business link,,20,,Core / Navigational Head Terms,/google-business-profile-management-tool/,Product Landing,BOFU,5,High,P3,0.35
how to share google my business review link,,20,,Reviews / Ratings / Reply,/guides/google-my-business-review-link/,Guide,MOFU,5,High,P3,0.35
how to transfer reviews google my business,,20,,Reviews / Ratings / Reply,/features/google-review-management/,Feature Landing,BOFU,5,High,P3,0.35
how to turn off google my business,,20,,Core / Navigational Head Terms,/google-business-profile-management-tool/,Product Landing,BOFU,5,High,P3,0.35
how to update my business address on google,,20,,Google Posts / Offers / Updates,/features/google-posts-scheduler/,Feature Landing,BOFU,5,High,P3,0.35
how to use google my business effectively,,20,,Core / Navigational Head Terms,/google-business-profile-management-tool/,Product Landing,BOFU,5,High,P3,0.35
how to use google my business to get more customers,,20,,Core / Navigational Head Terms,/google-business-profile-management-tool/,Product Landing,BOFU,5,High,P3,0.35
how to verify google my business by phone,,20,,Verification / Code / Postcard,/guides/google-business-profile-verification/,Guide,MOFU,5,High,P3,0.35
how to verify google my business without postcard,,20,,Verification / Code / Postcard,/guides/google-business-profile-verification/,Guide,MOFU,5,High,P3,0.35
how to verify my business on google maps,,20,,Verification / Code / Postcard,/guides/google-business-profile-verification/,Guide,MOFU,5,High,P3,0.35
https google my business,,20,,Core / Navigational Head Terms,/google-business-profile-management-tool/,Product Landing,BOFU,5,High,P3,0.35
https www google my business,,20,,Core / Navigational Head Terms,/google-business-profile-management-tool/,Product Landing,BOFU,5,High,P3,0.35
icon google my business,,20,,Core / Navigational Head Terms,/google-business-profile-management-tool/,Product Landing,BOFU,5,High,P3,0.35
importance of google my business,,20,,Core / Navigational Head Terms,/google-business-profile-management-tool/,Product Landing,BOFU,5,High,P3,0.35
improve google my business ranking,,20,,Optimization / SEO / Ranking,/guides/google-business-profile-optimization-checklist/,Pillar Guide,MOFU,5,High,P3,0.35
instant verification google my business,,20,,Verification / Code / Postcard,/guides/google-business-profile-verification/,Guide,MOFU,5,High,P3,0.35
is google my business worth it,,20,,Core / Navigational Head Terms,/google-business-profile-management-tool/,Product Landing,BOFU,5,High,P3,0.35
labels in google my business,,20,,Core / Navigational Head Terms,/google-business-profile-management-tool/,Product Landing,BOFU,5,High,P3,0.35
leave a review on google my business,,20,,Reviews / Ratings / Reply,/features/google-review-management/,Feature Landing,BOFU,5,High,P3,0.35
listing on google my business,,20,,Core / Navigational Head Terms,/google-business-profile-management-tool/,Product Landing,BOFU,5,High,P3,0.35
multiple google my business listings,,20,,Core / Navigational Head Terms,/google-business-profile-management-tool/,Product Landing,BOFU,5,High,P3,0.35
multiple locations on google my business,,20,,Core / Navigational Head Terms,/google-business-profile-management-tool/,Product Landing,BOFU,5,High,P3,0.35
new google my business features,,20,,Core / Navigational Head Terms,/google-business-profile-management-tool/,Product Landing,BOFU,5,High,P3,0.35
optimize google my business listing,,20,,Optimization / SEO / Ranking,/guides/google-business-profile-optimization-checklist/,Pillar Guide,MOFU,5,High,P3,0.35
optimize your google my business listing,,20,,Optimization / SEO / Ranking,/guides/google-business-profile-optimization-checklist/,Pillar Guide,MOFU,5,High,P3,0.35
optimizing your google my business listing,,20,,Core / Navigational Head Terms,/google-business-profile-management-tool/,Product Landing,BOFU,5,High,P3,0.35
permanently closed google my business,,20,,Core / Navigational Head Terms,/google-business-profile-management-tool/,Product Landing,BOFU,5,High,P3,0.35
post to google my business,,20,,Google Posts / Offers / Updates,/features/google-posts-scheduler/,Feature Landing,BOFU,5,High,P3,0.35
postcard google my business,,20,,Verification / Code / Postcard,/guides/google-business-profile-verification/,Guide,MOFU,5,High,P3,0.35
posting on google my business,,20,,Core / Navigational Head Terms,/google-business-profile-management-tool/,Product Landing,BOFU,5,High,P3,0.35
promote google my business,,20,,Core / Navigational Head Terms,/google-business-profile-management-tool/,Product Landing,BOFU,5,High,P3,0.35
purpose of google my business,,20,,Core / Navigational Head Terms,/google-business-profile-management-tool/,Product Landing,BOFU,5,High,P3,0.35
rank higher on google my business,,20,,Optimization / SEO / Ranking,/guides/google-business-profile-optimization-checklist/,Pillar Guide,MOFU,5,High,P3,0.35
remove business from google my business,,20,,Suspension / Reinstatement / Delete,/google-business-profile-management-tool/,Product Landing,BOFU,5,High,P3,0.35
reviews from the web google my business,,20,,Reviews / Ratings / Reply,/features/google-review-management/,Feature Landing,BOFU,5,High,P3,0.35
schedule google my business posts,,20,,Google Posts / Offers / Updates,/features/google-posts-scheduler/,Feature Landing,BOFU,5,High,P3,0.35
seo in google my business,,20,,Optimization / SEO / Ranking,/guides/google-business-profile-optimization-checklist/,Pillar Guide,MOFU,5,High,P3,0.35
social profiles on google my business,,20,,Core / Navigational Head Terms,/google-business-profile-management-tool/,Product Landing,BOFU,5,High,P3,0.35
store code google my business,,20,,Verification / Code / Postcard,/guides/google-business-profile-verification/,Guide,MOFU,5,High,P3,0.35
suspended google my business,,20,,Suspension / Reinstatement / Delete,/guides/google-business-profile-suspended/,Troubleshooting Guide,MOFU,5,High,P3,0.35
the google my business messaging tool allows customers,,20,,Management Service / Agency,/google-business-profile-management-tool/,Product Landing,BOFU,5,High,P3,0.35
unable to verify google my business,,20,,Verification / Code / Postcard,/guides/google-business-profile-verification/,Guide,MOFU,5,High,P3,0.35
update address on google my business,,20,,Google Posts / Offers / Updates,/features/google-posts-scheduler/,Feature Landing,BOFU,5,High,P3,0.35
update my google business listing,,20,,Google Posts / Offers / Updates,/features/google-posts-scheduler/,Feature Landing,BOFU,5,High,P3,0.35
url for google my business,,20,,Core / Navigational Head Terms,/google-business-profile-management-tool/,Product Landing,BOFU,5,High,P3,0.35
using google my business,,20,,Core / Navigational Head Terms,/google-business-profile-management-tool/,Product Landing,BOFU,5,High,P3,0.35
verify my business on google by phone,,20,,Verification / Code / Postcard,/guides/google-business-profile-verification/,Guide,MOFU,5,High,P3,0.35
verify my business on google maps,,20,,Verification / Code / Postcard,/guides/google-business-profile-verification/,Guide,MOFU,5,High,P3,0.35
verify my google business listing,,20,,Verification / Code / Postcard,/guides/google-business-profile-verification/,Guide,MOFU,5,High,P3,0.35
video verification google my business,,20,,Verification / Code / Postcard,/guides/google-business-profile-verification/,Guide,MOFU,5,High,P3,0.35
virtual tour google my business,,20,,Core / Navigational Head Terms,/google-business-profile-management-tool/,Product Landing,BOFU,5,High,P3,0.35
what are the benefits of google my business,,20,,Core / Navigational Head Terms,/google-business-profile-management-tool/,Product Landing,BOFU,5,High,P3,0.35
what does a google my business page look like,,20,,Core / Navigational Head Terms,/google-business-profile-management-tool/,Product Landing,BOFU,5,High,P3,0.35
what is a google my business,,20,,Core / Navigational Head Terms,/google-business-profile-management-tool/,Product Landing,BOFU,5,High,P3,0.35
what is google my business in hindi,,20,,Core / Navigational Head Terms,/google-business-profile-management-tool/,Product Landing,BOFU,5,High,P3,0.35
what is shop code in google my business,,20,,Verification / Code / Postcard,/guides/google-business-profile-verification/,Guide,MOFU,5,High,P3,0.35
what is the use of google my business,,20,,Core / Navigational Head Terms,/google-business-profile-management-tool/,Product Landing,BOFU,5,High,P3,0.35
what to post on google my business,,20,,Google Posts / Offers / Updates,/features/google-posts-scheduler/,Feature Landing,BOFU,5,High,P3,0.35
what's google my business,,20,,Core / Navigational Head Terms,/google-business-profile-management-tool/,Product Landing,BOFU,5,High,P3,0.35
why google my business is important,,20,,Core / Navigational Head Terms,/google-business-profile-management-tool/,Product Landing,BOFU,5,High,P3,0.35
why is my google business listing suspended,,20,,Suspension / Reinstatement / Delete,/guides/google-business-profile-suspended/,Troubleshooting Guide,MOFU,5,High,P3,0.35
why is my google my business not showing up,,20,,Core / Navigational Head Terms,/google-business-profile-management-tool/,Product Landing,BOFU,5,High,P3,0.35
why use google my business,,20,,Core / Navigational Head Terms,/google-business-profile-management-tool/,Product Landing,BOFU,5,High,P3,0.35
wordpress google my business,,20,,Core / Navigational Head Terms,/google-business-profile-management-tool/,Product Landing,BOFU,5,High,P3,0.35
www google verify my business,,20,,Verification / Code / Postcard,/guides/google-business-profile-verification/,Guide,MOFU,5,High,P3,0.35
youtube google my business,,20,,Core / Navigational Head Terms,/google-business-profile-management-tool/,Product Landing,BOFU,5,High,P3,0.35
zapier google my business,,20,,Core / Navigational Head Terms,/google-business-profile-management-tool/,Product Landing,BOFU,5,High,P3,0.35
business google my,,30,,Other / Long-tail,/guides/google-business-profile-faq/,FAQ,TOFU,1,High,P3,0.34
download google my business app,,30,,API / Analytics / Insights,/guides/google-business-profile-login/,Guide,TOFU,1,High,P3,0.34
find my business on google maps,,30,,Other / Long-tail,/guides/google-business-profile-faq/,FAQ,TOFU,1,High,P3,0.34
google my busie,,30,,Other / Long-tail,/guides/google-business-profile-faq/,FAQ,TOFU,1,High,P3,0.34
google my business account access,,30,,Ownership / Access / Transfer,/guides/google-business-profile-login/,Guide,TOFU,1,High,P3,0.34
google my business account id,,30,,Login / Account / App,/guides/google-business-profile-login/,Guide,TOFU,1,High,P3,0.34
google my business account recovery,,30,,Login / Account / App,/guides/google-business-profile-login/,Guide,TOFU,1,High,P3,0.34
google my business app iphone,,30,,Login / Account / App,/guides/google-business-profile-login/,Guide,TOFU,1,High,P3,0.34
google my business app not working,,30,,Login / Account / App,/guides/google-business-profile-login/,Guide,TOFU,1,High,P3,0.34
google my business app store,,30,,Login / Account / App,/guides/google-business-profile-login/,Guide,TOFU,1,High,P3,0.34
google my business call tracking,,30,,Support / Customer Care / Contact,/guides/google-business-profile-support/,Official Support Guide,TOFU,1,High,P3,0.34
google my business customer care number in india,,30,,Support / Customer Care / Contact,/guides/google-business-profile-support/,Official Support Guide,TOFU,1,High,P3,0.34
google my business customer care number india,,30,,Support / Customer Care / Contact,/guides/google-business-profile-support/,Official Support Guide,TOFU,1,High,P3,0.34
google my business customer support number,,30,,Support / Customer Care / Contact,/guides/google-business-profile-support/,Official Support Guide,TOFU,1,High,P3,0.34
google my business delete account,,30,,Suspension / Reinstatement / Delete,/guides/google-business-profile-login/,Guide,TOFU,1,High,P3,0.34
google my business download for pc,,30,,API / Analytics / Insights,/guides/google-business-profile-login/,Guide,TOFU,1,High,P3,0.34
google my business listing support,,30,,Support / Customer Care / Contact,/guides/google-business-profile-support/,Official Support Guide,TOFU,1,High,P3,0.34
google my business new account,,30,,Login / Account / App,/guides/google-business-profile-login/,Guide,TOFU,1,High,P3,0.34
google my business support email address,,30,,Categories / Services / Description,/guides/google-business-profile-support/,Official Support Guide,TOFU,1,High,P3,0.34
google my business support india,,30,,Support / Customer Care / Contact,/guides/google-business-profile-support/,Official Support Guide,TOFU,1,High,P3,0.34
google my business toll free,,30,,Support / Customer Care / Contact,/guides/google-business-profile-support/,Official Support Guide,TOFU,1,High,P3,0.34
google my business toll free number india,,30,,Support / Customer Care / Contact,/guides/google-business-profile-support/,Official Support Guide,TOFU,1,High,P3,0.34
google my local business,,30,,Other / Long-tail,/guides/google-business-profile-faq/,FAQ,TOFU,1,High,P3,0.34
how do i get my business listed on google,,30,,Other / Long-tail,/guides/google-business-profile-faq/,FAQ,TOFU,1,High,P3,0.34
how to contact google my business support team,,30,,Support / Customer Care / Contact,/guides/google-business-profile-support/,Official Support Guide,TOFU,1,High,P3,0.34
how to delete my business account on google,,30,,Suspension / Reinstatement / Delete,/guides/google-business-profile-login/,Guide,TOFU,1,High,P3,0.34
how to delete my google business listing,,30,,Suspension / Reinstatement / Delete,/guides/google-business-profile-faq/,FAQ,TOFU,1,High,P3,0.34
how to download google my business photos,,30,,Photos / Logo / Cover / Videos,/guides/google-business-profile-login/,Guide,TOFU,1,High,P3,0.34
how to find my google business account,,30,,Login / Account / App,/guides/google-business-profile-login/,Guide,TOFU,1,High,P3,0.34
how to get google street view inside my business,,30,,Other / Long-tail,/guides/google-business-profile-faq/,FAQ,TOFU,1,High,P3,0.34
how to get my business on google maps,,30,,Other / Long-tail,/guides/google-business-profile-faq/,FAQ,TOFU,1,High,P3,0.34
how to login on google my business,,30,,Login / Account / App,/guides/google-business-profile-login/,Guide,TOFU,1,High,P3,0.34
how to make my business show up on google,,30,,Other / Long-tail,/guides/google-business-profile-faq/,FAQ,TOFU,1,High,P3,0.34
how to make my business visible on google,,30,,Other / Long-tail,/guides/google-business-profile-faq/,FAQ,TOFU,1,High,P3,0.34
how to publish my business on google,,30,,Other / Long-tail,/guides/google-business-profile-faq/,FAQ,TOFU,1,High,P3,0.34
how to recover suspended google my business account,,30,,Suspension / Reinstatement / Delete,/guides/google-business-profile-login/,Guide,TOFU,1,High,P3,0.34
how to show my business name on google maps,,30,,Other / Long-tail,/guides/google-business-profile-faq/,FAQ,TOFU,1,High,P3,0.34
how to show my business on google maps,,30,,Other / Long-tail,/guides/google-business-profile-faq/,FAQ,TOFU,1,High,P3,0.34
how to sign in google my business,,30,,Login / Account / App,/guides/google-business-profile-login/,Guide,TOFU,1,High,P3,0.34
manage my business on google maps,,30,,Management Service / Agency,/guides/google-business-profile-faq/,FAQ,TOFU,1,High,P3,0.34
my business google customer care number,,30,,Support / Customer Care / Contact,/guides/google-business-profile-support/,Official Support Guide,TOFU,1,High,P3,0.34
my business is showing permanently closed on google,,30,,Other / Long-tail,/guides/google-business-profile-faq/,FAQ,TOFU,1,High,P3,0.34
my business location not showing on google maps,,30,,Other / Long-tail,/guides/google-business-profile-faq/,FAQ,TOFU,1,High,P3,0.34
remove my business from google maps,,30,,Suspension / Reinstatement / Delete,/guides/google-business-profile-faq/,FAQ,TOFU,1,High,P3,0.34
verify my google business account,,30,,Verification / Code / Postcard,/guides/google-business-profile-login/,Guide,TOFU,1,High,P3,0.34
why is my business not showing up on google,,30,,Other / Long-tail,/guides/google-business-profile-faq/,FAQ,TOFU,1,High,P3,0.34
about google my business,,20,,Core / Navigational Head Terms,/guides/google-business-profile-description-examples/,Guide,TOFU,4,High,P3,0.32
add a manager to google my business,,20,,Management Service / Agency,/guides/add-business-to-google-maps/,Guide,TOFU,4,High,P3,0.32
add admin google my business,,20,,Setup / Add / Create / Register,/guides/add-business-to-google-maps/,Guide,TOFU,4,High,P3,0.32
add admin to google my business,,20,,Setup / Add / Create / Register,/guides/add-business-to-google-maps/,Guide,TOFU,4,High,P3,0.32
add another business to google my business,,20,,Setup / Add / Create / Register,/guides/add-business-to-google-maps/,Guide,TOFU,4,High,P3,0.32
add another location to google my business,,20,,Setup / Add / Create / Register,/guides/add-business-to-google-maps/,Guide,TOFU,4,High,P3,0.32
add business to google my business,,20,,Setup / Add / Create / Register,/guides/add-business-to-google-maps/,Guide,TOFU,4,High,P3,0.32
add facebook link to google my business,,20,,Setup / Add / Create / Register,/guides/add-business-to-google-maps/,Guide,TOFU,4,High,P3,0.32
add google my business listing,,20,,Setup / Add / Create / Register,/guides/add-business-to-google-maps/,Guide,TOFU,4,High,P3,0.32
add instagram to google my business,,20,,Setup / Add / Create / Register,/guides/add-business-to-google-maps/,Guide,TOFU,4,High,P3,0.32
add location to google my business,,20,,Setup / Add / Create / Register,/guides/add-business-to-google-maps/,Guide,TOFU,4,High,P3,0.32
add manager google my business,,20,,Management Service / Agency,/guides/add-business-to-google-maps/,Guide,TOFU,4,High,P3,0.32
add manager to google my business,,20,,Management Service / Agency,/guides/add-business-to-google-maps/,Guide,TOFU,4,High,P3,0.32
add my business location in google maps,,20,,Setup / Add / Create / Register,/guides/add-business-to-google-maps/,Guide,TOFU,4,High,P3,0.32
add my business to google maps for free,,20,,Setup / Add / Create / Register,/guides/add-business-to-google-maps/,Guide,TOFU,4,High,P3,0.32
add new location to google my business,,20,,Setup / Add / Create / Register,/guides/add-business-to-google-maps/,Guide,TOFU,4,High,P3,0.32
add products to google my business,,20,,Google Posts / Offers / Updates,/guides/add-business-to-google-maps/,Guide,TOFU,4,High,P3,0.32
add service area to google my business,,20,,Categories / Services / Description,/guides/add-business-to-google-maps/,Guide,TOFU,4,High,P3,0.32
add social media icons to google my business,,20,,Setup / Add / Create / Register,/guides/add-business-to-google-maps/,Guide,TOFU,4,High,P3,0.32
add social profiles to google my business,,20,,Setup / Add / Create / Register,/guides/add-business-to-google-maps/,Guide,TOFU,4,High,P3,0.32
add video to google my business,,20,,Photos / Logo / Cover / Videos,/guides/add-business-to-google-maps/,Guide,TOFU,4,High,P3,0.32
business categories in google my business,,20,,Categories / Services / Description,/guides/google-business-profile-categories-list/,Guide,TOFU,4,High,P3,0.32
claim google my business listing,,20,,Setup / Add / Create / Register,/guides/google-business-profile-ownership-transfer/,Guide,TOFU,4,High,P3,0.32
claim my business on google maps,,20,,Setup / Add / Create / Register,/guides/google-business-profile-ownership-transfer/,Guide,TOFU,4,High,P3,0.32
claim your google my business listing,,20,,Setup / Add / Create / Register,/guides/google-business-profile-ownership-transfer/,Guide,TOFU,4,High,P3,0.32
create a free google my business listing,,20,,Setup / Add / Create / Register,/guides/add-business-to-google-maps/,Guide,TOFU,4,High,P3,0.32
create a post on google my business,,20,,Google Posts / Offers / Updates,/guides/add-business-to-google-maps/,Guide,TOFU,4,High,P3,0.32
create google my business page,,20,,Setup / Add / Create / Register,/guides/add-business-to-google-maps/,Guide,TOFU,4,High,P3,0.32
examples of google my business posts,,20,,Google Posts / Offers / Updates,/guides/google-business-profile-posts-examples/,Guide,TOFU,4,High,P3,0.32
export google my business data,,20,,API / Analytics / Insights,/features/google-business-profile-reporting/,Feature Landing,BOFU,4,High,P3,0.32
good examples of google my business posts,,20,,Google Posts / Offers / Updates,/guides/google-business-profile-posts-examples/,Guide,TOFU,4,High,P3,0.32
google analytics google my business,,20,,API / Analytics / Insights,/features/google-business-profile-reporting/,Feature Landing,BOFU,4,High,P3,0.32
google maps how to add my business,,20,,Setup / Add / Create / Register,/guides/add-business-to-google-maps/,Guide,TOFU,4,High,P3,0.32
google my business add location,,20,,Setup / Add / Create / Register,/guides/add-business-to-google-maps/,Guide,TOFU,4,High,P3,0.32
google my business add multiple locations,,20,,Setup / Add / Create / Register,/guides/add-business-to-google-maps/,Guide,TOFU,4,High,P3,0.32
google my business add new business,,20,,Setup / Add / Create / Register,/guides/add-business-to-google-maps/,Guide,TOFU,4,High,P3,0.32
google my business add services,,20,,Categories / Services / Description,/guides/add-business-to-google-maps/,Guide,TOFU,4,High,P3,0.32
google my business admin access,,20,,Ownership / Access / Transfer,/guides/google-business-profile-ownership-transfer/,Guide,TOFU,4,High,P3,0.32
google my business all categories,,20,,Categories / Services / Description,/guides/google-business-profile-categories-list/,Guide,TOFU,4,High,P3,0.32
google my business api example,,20,,API / Analytics / Insights,/features/google-business-profile-reporting/,Feature Landing,BOFU,4,High,P3,0.32
google my business api integration,,20,,API / Analytics / Insights,/features/google-business-profile-reporting/,Feature Landing,BOFU,4,High,P3,0.32
google my business api pricing,,20,,API / Analytics / Insights,/features/google-business-profile-reporting/,Feature Landing,BOFU,4,High,P3,0.32
google my business categories,,20,,Categories / Services / Description,/guides/google-business-profile-categories-list/,Guide,TOFU,4,High,P3,0.32
google my business category not listed,,20,,Categories / Services / Description,/guides/google-business-profile-categories-list/,Guide,TOFU,4,High,P3,0.32
google my business claim ownership,,20,,Setup / Add / Create / Register,/guides/google-business-profile-ownership-transfer/,Guide,TOFU,4,High,P3,0.32
google my business data extractor,,20,,API / Analytics / Insights,/features/google-business-profile-reporting/,Feature Landing,BOFU,4,High,P3,0.32
google my business data studio,,20,,API / Analytics / Insights,/features/google-business-profile-reporting/,Feature Landing,BOFU,4,High,P3,0.32
google my business description guidelines,,20,,Categories / Services / Description,/guides/google-business-profile-description-examples/,Guide,TOFU,4,High,P3,0.32
google my business event image size,,20,,Google Posts / Offers / Updates,/guides/google-business-profile-posts-examples/,Guide,TOFU,4,High,P3,0.32
google my business give access,,20,,Ownership / Access / Transfer,/guides/google-business-profile-ownership-transfer/,Guide,TOFU,4,High,P3,0.32
google my business google analytics,,20,,API / Analytics / Insights,/features/google-business-profile-reporting/,Feature Landing,BOFU,4,High,P3,0.32
google my business image post size,,20,,Google Posts / Offers / Updates,/guides/google-business-profile-posts-examples/,Guide,TOFU,4,High,P3,0.32
google my business insights,,20,,API / Analytics / Insights,/features/google-business-profile-reporting/,Feature Landing,BOFU,4,High,P3,0.32
google my business menu,,20,,Google Posts / Offers / Updates,/guides/google-my-business-services/,Guide,TOFU,4,High,P3,0.32
google my business offer image size,,20,,Google Posts / Offers / Updates,/guides/google-business-profile-posts-examples/,Guide,TOFU,4,High,P3,0.32
google my business ownership request,,20,,Ownership / Access / Transfer,/guides/google-business-profile-ownership-transfer/,Guide,TOFU,4,High,P3,0.32
google my business page create,,20,,Setup / Add / Create / Register,/guides/add-business-to-google-maps/,Guide,TOFU,4,High,P3,0.32
google my business page setup,,20,,Setup / Add / Create / Register,/guides/add-business-to-google-maps/,Guide,TOFU,4,High,P3,0.32
google my business performance,,20,,API / Analytics / Insights,/features/google-business-profile-reporting/,Feature Landing,BOFU,4,High,P3,0.32
google my business performance report,,20,,API / Analytics / Insights,/features/google-business-profile-reporting/,Feature Landing,BOFU,4,High,P3,0.32
google my business post ideas,,20,,Google Posts / Offers / Updates,/guides/google-business-profile-posts-examples/,Guide,TOFU,4,High,P3,0.32
google my business post image size 2020,,20,,Google Posts / Offers / Updates,/guides/google-business-profile-posts-examples/,Guide,TOFU,4,High,P3,0.32
google my business post photo size,,20,,Google Posts / Offers / Updates,/guides/google-business-profile-posts-examples/,Guide,TOFU,4,High,P3,0.32
google my business product image size,,20,,Google Posts / Offers / Updates,/guides/google-business-profile-posts-examples/,Guide,TOFU,4,High,P3,0.32
google my business product photo size,,20,,Google Posts / Offers / Updates,/guides/google-business-profile-posts-examples/,Guide,TOFU,4,High,P3,0.32
google my business products image size,,20,,Google Posts / Offers / Updates,/guides/google-business-profile-posts-examples/,Guide,TOFU,4,High,P3,0.32
google my business report,,20,,API / Analytics / Insights,/features/google-business-profile-reporting/,Feature Landing,BOFU,4,High,P3,0.32
google my business services section,,20,,Categories / Services / Description,/guides/google-my-business-services/,Guide,TOFU,4,High,P3,0.32
google my business set up guide,,20,,Setup / Add / Create / Register,/guides/add-business-to-google-maps/,Guide,TOFU,4,High,P3,0.32
google my business setup cost,,20,,Setup / Add / Create / Register,/guides/add-business-to-google-maps/,Guide,TOFU,4,High,P3,0.32
google my business traffic in analytics,,20,,API / Analytics / Insights,/features/google-business-profile-reporting/,Feature Landing,BOFU,4,High,P3,0.32
google my business transfer ownership,,20,,Ownership / Access / Transfer,/guides/google-business-profile-ownership-transfer/,Guide,TOFU,4,High,P3,0.32
google my business user access,,20,,Ownership / Access / Transfer,/guides/google-business-profile-ownership-transfer/,Guide,TOFU,4,High,P3,0.32
google my business users,,20,,Ownership / Access / Transfer,/guides/google-business-profile-ownership-transfer/,Guide,TOFU,4,High,P3,0.32
how can i add my business location to google map,,20,,Setup / Add / Create / Register,/guides/add-business-to-google-maps/,Guide,TOFU,4,High,P3,0.32
how can i add my business on google,,20,,Setup / Add / Create / Register,/guides/add-business-to-google-maps/,Guide,TOFU,4,High,P3,0.32
how can i add my business to google,,20,,Setup / Add / Create / Register,/guides/add-business-to-google-maps/,Guide,TOFU,4,High,P3,0.32
how can i register my business on google,,20,,Setup / Add / Create / Register,/guides/add-business-to-google-maps/,Guide,TOFU,4,High,P3,0.32
how can i register my business on google maps,,20,,Setup / Add / Create / Register,/guides/add-business-to-google-maps/,Guide,TOFU,4,High,P3,0.32
how do i access my google business page,,20,,Ownership / Access / Transfer,/guides/google-business-profile-ownership-transfer/,Guide,TOFU,4,High,P3,0.32
how do i add multiple locations to google my business,,20,,Setup / Add / Create / Register,/guides/add-business-to-google-maps/,Guide,TOFU,4,High,P3,0.32
how do i claim my google business listing,,20,,Setup / Add / Create / Register,/guides/google-business-profile-ownership-transfer/,Guide,TOFU,4,High,P3,0.32
how do i put my business name on google maps,,20,,Setup / Add / Create / Register,/guides/add-business-to-google-maps/,Guide,TOFU,4,High,P3,0.32
how do i register my business address on google maps,,20,,Categories / Services / Description,/guides/add-business-to-google-maps/,Guide,TOFU,4,High,P3,0.32
how to access google my business,,20,,Ownership / Access / Transfer,/guides/google-business-profile-ownership-transfer/,Guide,TOFU,4,High,P3,0.32
how to add 2 locations on google my business,,20,,Setup / Add / Create / Register,/guides/add-business-to-google-maps/,Guide,TOFU,4,High,P3,0.32
how to add a branch in google my business,,20,,Setup / Add / Create / Register,/guides/add-business-to-google-maps/,Guide,TOFU,4,High,P3,0.32
how to add a business to google my business,,20,,Setup / Add / Create / Register,/guides/add-business-to-google-maps/,Guide,TOFU,4,High,P3,0.32
how to add a manager to google my business,,20,,Management Service / Agency,/guides/add-business-to-google-maps/,Guide,TOFU,4,High,P3,0.32
how to add a second address to google my business,,20,,Categories / Services / Description,/guides/add-business-to-google-maps/,Guide,TOFU,4,High,P3,0.32
how to add a second business to google my business,,20,,Setup / Add / Create / Register,/guides/add-business-to-google-maps/,Guide,TOFU,4,High,P3,0.32
how to add a user to google my business,,20,,Setup / Add / Create / Register,/guides/add-business-to-google-maps/,Guide,TOFU,4,High,P3,0.32
how to add admin to google my business,,20,,Setup / Add / Create / Register,/guides/add-business-to-google-maps/,Guide,TOFU,4,High,P3,0.32
how to add another business in google my business,,20,,Setup / Add / Create / Register,/guides/add-business-to-google-maps/,Guide,TOFU,4,High,P3,0.32
how to add categories in google my business,,20,,Categories / Services / Description,/guides/add-business-to-google-maps/,Guide,TOFU,4,High,P3,0.32
how to add facebook link to google my business,,20,,Setup / Add / Create / Register,/guides/add-business-to-google-maps/,Guide,TOFU,4,High,P3,0.32
how to add facebook page to google my business,,20,,Setup / Add / Create / Register,/guides/add-business-to-google-maps/,Guide,TOFU,4,High,P3,0.32
how to add facebook profile to google my business,,20,,Setup / Add / Create / Register,/guides/add-business-to-google-maps/,Guide,TOFU,4,High,P3,0.32
how to add keywords to google my business,,20,,Setup / Add / Create / Register,/guides/add-business-to-google-maps/,Guide,TOFU,4,High,P3,0.32
how to add linkedin to google my business,,20,,Setup / Add / Create / Register,/guides/add-business-to-google-maps/,Guide,TOFU,4,High,P3,0.32
how to add logo on google my business,,20,,Photos / Logo / Cover / Videos,/guides/add-business-to-google-maps/,Guide,TOFU,4,High,P3,0.32
how to add logo to google my business,,20,,Photos / Logo / Cover / Videos,/guides/add-business-to-google-maps/,Guide,TOFU,4,High,P3,0.32
how to add manager on google my business,,20,,Management Service / Agency,/guides/add-business-to-google-maps/,Guide,TOFU,4,High,P3,0.32
how to add multiple locations in google my business,,20,,Setup / Add / Create / Register,/guides/add-business-to-google-maps/,Guide,TOFU,4,High,P3,0.32
how to add multiple locations to google my business,,20,,Setup / Add / Create / Register,/guides/add-business-to-google-maps/,Guide,TOFU,4,High,P3,0.32
how to add my business address in google map,,20,,Categories / Services / Description,/guides/add-business-to-google-maps/,Guide,TOFU,4,High,P3,0.32
how to add my business location on google,,20,,Setup / Add / Create / Register,/guides/add-business-to-google-maps/,Guide,TOFU,4,High,P3,0.32
how to add my business name in google map,,20,,Setup / Add / Create / Register,/guides/add-business-to-google-maps/,Guide,TOFU,4,High,P3,0.32
how to add my business to google free,,20,,Setup / Add / Create / Register,/guides/add-business-to-google-maps/,Guide,TOFU,4,High,P3,0.32
how to add my business to google my business,,20,,Setup / Add / Create / Register,/guides/add-business-to-google-maps/,Guide,TOFU,4,High,P3,0.32
how to add phone number in google my business,,20,,Categories / Services / Description,/guides/add-business-to-google-maps/,Guide,TOFU,4,High,P3,0.32
how to add product in google my business,,20,,Google Posts / Offers / Updates,/guides/add-business-to-google-maps/,Guide,TOFU,4,High,P3,0.32
how to add products to google my business,,20,,Google Posts / Offers / Updates,/guides/add-business-to-google-maps/,Guide,TOFU,4,High,P3,0.32
how to add profiles to google my business,,20,,Setup / Add / Create / Register,/guides/add-business-to-google-maps/,Guide,TOFU,4,High,P3,0.32
how to add services in google my business,,20,,Categories / Services / Description,/guides/add-business-to-google-maps/,Guide,TOFU,4,High,P3,0.32
how to add social media in google my business,,20,,Setup / Add / Create / Register,/guides/add-business-to-google-maps/,Guide,TOFU,4,High,P3,0.32
how to add social media links to google my business,,20,,Setup / Add / Create / Register,/guides/add-business-to-google-maps/,Guide,TOFU,4,High,P3,0.32
how to add social media profiles to google my business,,20,,Setup / Add / Create / Register,/guides/add-business-to-google-maps/,Guide,TOFU,4,High,P3,0.32
how to add social media to google my business,,20,,Setup / Add / Create / Register,/guides/add-business-to-google-maps/,Guide,TOFU,4,High,P3,0.32
how to add two address in google my business,,20,,Categories / Services / Description,/guides/add-business-to-google-maps/,Guide,TOFU,4,High,P3,0.32
how to add user in google my business,,20,,Setup / Add / Create / Register,/guides/add-business-to-google-maps/,Guide,TOFU,4,High,P3,0.32
how to add users to google my business,,20,,Setup / Add / Create / Register,/guides/add-business-to-google-maps/,Guide,TOFU,4,High,P3,0.32
how to add video in google my business,,20,,Photos / Logo / Cover / Videos,/guides/add-business-to-google-maps/,Guide,TOFU,4,High,P3,0.32
how to add video to google my business,,20,,Photos / Logo / Cover / Videos,/guides/add-business-to-google-maps/,Guide,TOFU,4,High,P3,0.32
how to add virtual tour to google my business,,20,,Setup / Add / Create / Register,/guides/add-business-to-google-maps/,Guide,TOFU,4,High,P3,0.32
how to claim my business on google maps,,20,,Setup / Add / Create / Register,/guides/google-business-profile-ownership-transfer/,Guide,TOFU,4,High,P3,0.32
how to create a google map for my business,,20,,Setup / Add / Create / Register,/guides/add-business-to-google-maps/,Guide,TOFU,4,High,P3,0.32
how to create a google my business profile,,20,,Setup / Add / Create / Register,/guides/add-business-to-google-maps/,Guide,TOFU,4,High,P3,0.32
how to create a post on google my business,,20,,Google Posts / Offers / Updates,/guides/add-business-to-google-maps/,Guide,TOFU,4,High,P3,0.32
how to create google my business,,20,,Setup / Add / Create / Register,/guides/add-business-to-google-maps/,Guide,TOFU,4,High,P3,0.32
how to create google my business listing,,20,,Setup / Add / Create / Register,/guides/add-business-to-google-maps/,Guide,TOFU,4,High,P3,0.32
how to create my business profile on google,,20,,Setup / Add / Create / Register,/guides/add-business-to-google-maps/,Guide,TOFU,4,High,P3,0.32
how to create post in google my business,,20,,Google Posts / Offers / Updates,/guides/add-business-to-google-maps/,Guide,TOFU,4,High,P3,0.32
how to create website in google my business,,20,,Categories / Services / Description,/guides/add-business-to-google-maps/,Guide,TOFU,4,High,P3,0.32
how to give access of google my business,,20,,Ownership / Access / Transfer,/guides/google-business-profile-ownership-transfer/,Guide,TOFU,4,High,P3,0.32
how to give google my business access,,20,,Ownership / Access / Transfer,/guides/google-business-profile-ownership-transfer/,Guide,TOFU,4,High,P3,0.32
how to list my business on google maps,,20,,Setup / Add / Create / Register,/guides/add-business-to-google-maps/,Guide,TOFU,4,High,P3,0.32
how to put my business location on google maps,,20,,Setup / Add / Create / Register,/guides/add-business-to-google-maps/,Guide,TOFU,4,High,P3,0.32
how to put my business name on google maps,,20,,Setup / Add / Create / Register,/guides/add-business-to-google-maps/,Guide,TOFU,4,High,P3,0.32
how to put my business on google for free,,20,,Setup / Add / Create / Register,/guides/add-business-to-google-maps/,Guide,TOFU,4,High,P3,0.32
how to put my business on google maps,,20,,Setup / Add / Create / Register,/guides/add-business-to-google-maps/,Guide,TOFU,4,High,P3,0.32
how to put my business on google maps for free,,20,,Setup / Add / Create / Register,/guides/add-business-to-google-maps/,Guide,TOFU,4,High,P3,0.32
how to put my business on top of google search,,20,,Setup / Add / Create / Register,/guides/add-business-to-google-maps/,Guide,TOFU,4,High,P3,0.32
how to register for google my business,,20,,Setup / Add / Create / Register,/guides/add-business-to-google-maps/,Guide,TOFU,4,High,P3,0.32
how to register in google my business,,20,,Setup / Add / Create / Register,/guides/add-business-to-google-maps/,Guide,TOFU,4,High,P3,0.32
how to register my business address in google map,,20,,Categories / Services / Description,/guides/add-business-to-google-maps/,Guide,TOFU,4,High,P3,0.32
how to register my business in google maps,,20,,Setup / Add / Create / Register,/guides/add-business-to-google-maps/,Guide,TOFU,4,High,P3,0.32
how to register my business location on google map,,20,,Setup / Add / Create / Register,/guides/add-business-to-google-maps/,Guide,TOFU,4,High,P3,0.32
how to register my business on google for free,,20,,Setup / Add / Create / Register,/guides/add-business-to-google-maps/,Guide,TOFU,4,High,P3,0.32
how to register my business on google maps,,20,,Setup / Add / Create / Register,/guides/add-business-to-google-maps/,Guide,TOFU,4,High,P3,0.32
how to remove primary owner from google my business,,20,,Suspension / Reinstatement / Delete,/guides/google-business-profile-ownership-transfer/,Guide,TOFU,4,High,P3,0.32
how to request access to google my business,,20,,Ownership / Access / Transfer,/guides/google-business-profile-ownership-transfer/,Guide,TOFU,4,High,P3,0.32
how to set up google my business for a client,,20,,Setup / Add / Create / Register,/guides/add-business-to-google-maps/,Guide,TOFU,4,High,P3,0.32
how to setup a google my business page,,20,,Setup / Add / Create / Register,/guides/add-business-to-google-maps/,Guide,TOFU,4,High,P3,0.32
how to sign up for google my business,,20,,Setup / Add / Create / Register,/guides/add-business-to-google-maps/,Guide,TOFU,4,High,P3,0.32
how to transfer ownership google my business,,20,,Ownership / Access / Transfer,/guides/google-business-profile-ownership-transfer/,Guide,TOFU,4,High,P3,0.32
how to transfer ownership of google my business,,20,,Ownership / Access / Transfer,/guides/google-business-profile-ownership-transfer/,Guide,TOFU,4,High,P3,0.32
i want to add my business in google,,20,,Setup / Add / Create / Register,/guides/add-business-to-google-maps/,Guide,TOFU,4,High,P3,0.32
i want to add my business to google maps,,20,,Setup / Add / Create / Register,/guides/add-business-to-google-maps/,Guide,TOFU,4,High,P3,0.32
i want to register my business on google,,20,,Setup / Add / Create / Register,/guides/add-business-to-google-maps/,Guide,TOFU,4,High,P3,0.32
image size for google my business post,,20,,Google Posts / Offers / Updates,/guides/google-business-profile-posts-examples/,Guide,TOFU,4,High,P3,0.32
list my business on google maps,,20,,Setup / Add / Create / Register,/guides/add-business-to-google-maps/,Guide,TOFU,4,High,P3,0.32
primary category google my business,,20,,Categories / Services / Description,/guides/google-business-profile-categories-list/,Guide,TOFU,4,High,P3,0.32
put my business on google maps free,,20,,Setup / Add / Create / Register,/guides/add-business-to-google-maps/,Guide,TOFU,4,High,P3,0.32
register for google my business,,20,,Setup / Add / Create / Register,/guides/add-business-to-google-maps/,Guide,TOFU,4,High,P3,0.32
register my business address on google,,20,,Categories / Services / Description,/guides/add-business-to-google-maps/,Guide,TOFU,4,High,P3,0.32
register my business in google maps,,20,,Setup / Add / Create / Register,/guides/add-business-to-google-maps/,Guide,TOFU,4,High,P3,0.32
register my business location on google maps,,20,,Setup / Add / Create / Register,/guides/add-business-to-google-maps/,Guide,TOFU,4,High,P3,0.32
register my business on google maps,,20,,Setup / Add / Create / Register,/guides/add-business-to-google-maps/,Guide,TOFU,4,High,P3,0.32
request ownership google my business,,20,,Ownership / Access / Transfer,/guides/google-business-profile-ownership-transfer/,Guide,TOFU,4,High,P3,0.32
service area google my business,,20,,Categories / Services / Description,/guides/google-my-business-services/,Guide,TOFU,4,High,P3,0.32
service area in google my business,,20,,Categories / Services / Description,/guides/google-my-business-services/,Guide,TOFU,4,High,P3,0.32
services in google my business,,20,,Categories / Services / Description,/guides/google-my-business-services/,Guide,TOFU,4,High,P3,0.32
set up google my business profile,,20,,Setup / Add / Create / Register,/guides/add-business-to-google-maps/,Guide,TOFU,4,High,P3,0.32
sign up google my business,,20,,Setup / Add / Create / Register,/guides/add-business-to-google-maps/,Guide,TOFU,4,High,P3,0.32
size for google my business post,,20,,Google Posts / Offers / Updates,/guides/google-business-profile-posts-examples/,Guide,TOFU,4,High,P3,0.32
transfer google my business,,20,,Ownership / Access / Transfer,/guides/google-business-profile-ownership-transfer/,Guide,TOFU,4,High,P3,0.32
what is service area in google my business,,20,,Categories / Services / Description,/guides/google-my-business-services/,Guide,TOFU,4,High,P3,0.32
can i change my business name on google,,20,,Other / Long-tail,/guides/edit-google-business-profile/,Guide,TOFU,3,High,P3,0.29
can i change my google business email,,20,,Other / Long-tail,/guides/edit-google-business-profile/,Guide,TOFU,3,High,P3,0.29
can you delete customer photos from google my business,,20,,Suspension / Reinstatement / Delete,/guides/google-business-profile-photo-size/,Guide,TOFU,3,High,P3,0.29
change address on google my business,,20,,Categories / Services / Description,/guides/edit-google-business-profile/,Guide,TOFU,3,High,P3,0.29
change my business location on google maps,,20,,Other / Long-tail,/guides/edit-google-business-profile/,Guide,TOFU,3,High,P3,0.29
cover photo google my business,,20,,Photos / Logo / Cover / Videos,/guides/google-business-profile-photo-size/,Guide,TOFU,3,High,P3,0.29
edit my business on google maps,,20,,Other / Long-tail,/guides/edit-google-business-profile/,Guide,TOFU,3,High,P3,0.29
free website google my business,,20,,Categories / Services / Description,/guides/edit-google-business-profile/,Guide,TOFU,3,High,P3,0.29
google my business assessment answers,,20,,Core / Navigational Head Terms,/guides/google-business-profile-questions-and-answers/,Guide,TOFU,3,High,P3,0.29
google my business basics assessment answers,,20,,Core / Navigational Head Terms,/guides/google-business-profile-questions-and-answers/,Guide,TOFU,3,High,P3,0.29
google my business change address,,20,,Categories / Services / Description,/guides/edit-google-business-profile/,Guide,TOFU,3,High,P3,0.29
google my business change location,,20,,Core / Navigational Head Terms,/guides/edit-google-business-profile/,Guide,TOFU,3,High,P3,0.29
google my business change owner,,20,,Ownership / Access / Transfer,/guides/edit-google-business-profile/,Guide,TOFU,3,High,P3,0.29
google my business cost,,20,,Free / Cost / Pricing,/guides/is-google-my-business-free/,Guide,TOFU,3,High,P3,0.29
google my business cover image,,20,,Photos / Logo / Cover / Videos,/guides/google-business-profile-photo-size/,Guide,TOFU,3,High,P3,0.29
google my business cover image size,,20,,Photos / Logo / Cover / Videos,/guides/google-business-profile-photo-size/,Guide,TOFU,3,High,P3,0.29
google my business cover photo dimensions,,20,,Photos / Logo / Cover / Videos,/guides/google-business-profile-photo-size/,Guide,TOFU,3,High,P3,0.29
google my business edit photos,,20,,Photos / Logo / Cover / Videos,/guides/google-business-profile-photo-size/,Guide,TOFU,3,High,P3,0.29
google my business email address,,20,,Categories / Services / Description,/guides/edit-google-business-profile/,Guide,TOFU,3,High,P3,0.29
google my business exam answers,,20,,Core / Navigational Head Terms,/guides/google-business-profile-questions-and-answers/,Guide,TOFU,3,High,P3,0.29
google my business get your free business profile on google,,20,,Free / Cost / Pricing,/guides/is-google-my-business-free/,Guide,TOFU,3,High,P3,0.29
google my business help center phone number,,20,,Categories / Services / Description,/guides/edit-google-business-profile/,Guide,TOFU,3,High,P3,0.29
google my business help phone number,,20,,Categories / Services / Description,/guides/edit-google-business-profile/,Guide,TOFU,3,High,P3,0.29
google my business hide address,,20,,Categories / Services / Description,/guides/edit-google-business-profile/,Guide,TOFU,3,High,P3,0.29
google my business holiday hours,,20,,Categories / Services / Description,/guides/google-business-profile-hours/,Guide,TOFU,3,High,P3,0.29
google my business image dimensions,,20,,Photos / Logo / Cover / Videos,/guides/google-business-profile-photo-size/,Guide,TOFU,3,High,P3,0.29
google my business is free,,20,,Free / Cost / Pricing,/guides/is-google-my-business-free/,Guide,TOFU,3,High,P3,0.29
google my business is free or not,,20,,Free / Cost / Pricing,/guides/is-google-my-business-free/,Guide,TOFU,3,High,P3,0.29
google my business logo dimensions,,20,,Photos / Logo / Cover / Videos,/guides/google-my-business-logo-size/,Guide,TOFU,3,High,P3,0.29
google my business logo image size,,20,,Photos / Logo / Cover / Videos,/guides/google-my-business-logo-size/,Guide,TOFU,3,High,P3,0.29
google my business logo svg,,20,,Photos / Logo / Cover / Videos,/guides/google-my-business-logo-size/,Guide,TOFU,3,High,P3,0.29
google my business logo transparent,,20,,Photos / Logo / Cover / Videos,/guides/google-my-business-logo-size/,Guide,TOFU,3,High,P3,0.29
google my business no physical address,,20,,Categories / Services / Description,/guides/edit-google-business-profile/,Guide,TOFU,3,High,P3,0.29
google my business paid ads,,20,,Free / Cost / Pricing,/guides/is-google-my-business-free/,Guide,TOFU,3,High,P3,0.29
google my business phone,,20,,Categories / Services / Description,/guides/edit-google-business-profile/,Guide,TOFU,3,High,P3,0.29
google my business phone number india,,20,,Categories / Services / Description,/guides/edit-google-business-profile/,Guide,TOFU,3,High,P3,0.29
google my business photo delete,,20,,Suspension / Reinstatement / Delete,/guides/google-business-profile-photo-size/,Guide,TOFU,3,High,P3,0.29
google my business photo dimensions,,20,,Photos / Logo / Cover / Videos,/guides/google-business-profile-photo-size/,Guide,TOFU,3,High,P3,0.29
google my business photo guidelines,,20,,Photos / Logo / Cover / Videos,/guides/google-business-profile-photo-size/,Guide,TOFU,3,High,P3,0.29
google my business photos not showing,,20,,Photos / Logo / Cover / Videos,/guides/google-business-profile-photo-size/,Guide,TOFU,3,High,P3,0.29
google my business pricing,,20,,Free / Cost / Pricing,/guides/is-google-my-business-free/,Guide,TOFU,3,High,P3,0.29
google my business q&a,,20,,Core / Navigational Head Terms,/guides/google-business-profile-questions-and-answers/,Guide,TOFU,3,High,P3,0.29
google my business questions,,20,,Core / Navigational Head Terms,/guides/google-business-profile-questions-and-answers/,Guide,TOFU,3,High,P3,0.29
google my business remove phone number,,20,,Suspension / Reinstatement / Delete,/guides/edit-google-business-profile/,Guide,TOFU,3,High,P3,0.29
google my business remove photo,,20,,Suspension / Reinstatement / Delete,/guides/google-business-profile-photo-size/,Guide,TOFU,3,High,P3,0.29
google my business remove photo by customer,,20,,Suspension / Reinstatement / Delete,/guides/google-business-profile-photo-size/,Guide,TOFU,3,High,P3,0.29
google my business video,,20,,Photos / Logo / Cover / Videos,/guides/google-business-profile-photo-size/,Guide,TOFU,3,High,P3,0.29
google my business video guidelines,,20,,Photos / Logo / Cover / Videos,/guides/google-business-profile-photo-size/,Guide,TOFU,3,High,P3,0.29
google my business video size,,20,,Photos / Logo / Cover / Videos,/guides/google-business-profile-photo-size/,Guide,TOFU,3,High,P3,0.29
google my business virtual address,,20,,Categories / Services / Description,/guides/edit-google-business-profile/,Guide,TOFU,3,High,P3,0.29
google my business vs website,,20,,Categories / Services / Description,/guides/edit-google-business-profile/,Guide,TOFU,3,High,P3,0.29
google my business website domain,,20,,Categories / Services / Description,/guides/edit-google-business-profile/,Guide,TOFU,3,High,P3,0.29
google my business website edit,,20,,Categories / Services / Description,/guides/edit-google-business-profile/,Guide,TOFU,3,High,P3,0.29
google my business without address,,20,,Categories / Services / Description,/guides/edit-google-business-profile/,Guide,TOFU,3,High,P3,0.29
how can i advertise my business on google for free,,20,,Free / Cost / Pricing,/guides/is-google-my-business-free/,Guide,TOFU,3,High,P3,0.29
how can i change my business name on google,,20,,Other / Long-tail,/guides/edit-google-business-profile/,Guide,TOFU,3,High,P3,0.29
how do i change my business address on google,,20,,Categories / Services / Description,/guides/edit-google-business-profile/,Guide,TOFU,3,High,P3,0.29
how do i change my google business email address,,20,,Categories / Services / Description,/guides/edit-google-business-profile/,Guide,TOFU,3,High,P3,0.29
how do i change my google business listing,,20,,Other / Long-tail,/guides/edit-google-business-profile/,Guide,TOFU,3,High,P3,0.29
how do i change my google business photo,,20,,Photos / Logo / Cover / Videos,/guides/google-business-profile-photo-size/,Guide,TOFU,3,High,P3,0.29
how to change address on google my business,,20,,Categories / Services / Description,/guides/edit-google-business-profile/,Guide,TOFU,3,High,P3,0.29
how to change email for google my business,,20,,Core / Navigational Head Terms,/guides/edit-google-business-profile/,Guide,TOFU,3,High,P3,0.29
how to change google my business cover photo,,20,,Photos / Logo / Cover / Videos,/guides/google-business-profile-photo-size/,Guide,TOFU,3,High,P3,0.29
how to change google my business email,,20,,Core / Navigational Head Terms,/guides/edit-google-business-profile/,Guide,TOFU,3,High,P3,0.29
how to change google my business location,,20,,Core / Navigational Head Terms,/guides/edit-google-business-profile/,Guide,TOFU,3,High,P3,0.29
how to change google my business name,,20,,Core / Navigational Head Terms,/guides/edit-google-business-profile/,Guide,TOFU,3,High,P3,0.29
how to change location in google my business,,20,,Core / Navigational Head Terms,/guides/edit-google-business-profile/,Guide,TOFU,3,High,P3,0.29
how to change location of my business on google maps,,20,,Other / Long-tail,/guides/edit-google-business-profile/,Guide,TOFU,3,High,P3,0.29
how to change location on google my business,,20,,Core / Navigational Head Terms,/guides/edit-google-business-profile/,Guide,TOFU,3,High,P3,0.29
how to change logo on google my business,,20,,Photos / Logo / Cover / Videos,/guides/google-my-business-logo-size/,Guide,TOFU,3,High,P3,0.29
how to change my address on google my business,,20,,Categories / Services / Description,/guides/edit-google-business-profile/,Guide,TOFU,3,High,P3,0.29
how to change my business address on google,,20,,Categories / Services / Description,/guides/edit-google-business-profile/,Guide,TOFU,3,High,P3,0.29
how to change my business address on google maps,,20,,Categories / Services / Description,/guides/edit-google-business-profile/,Guide,TOFU,3,High,P3,0.29
how to change my business location in google maps,,20,,Other / Long-tail,/guides/edit-google-business-profile/,Guide,TOFU,3,High,P3,0.29
how to change my business phone number on google,,20,,Categories / Services / Description,/guides/edit-google-business-profile/,Guide,TOFU,3,High,P3,0.29
how to change name in google my business,,20,,Core / Navigational Head Terms,/guides/edit-google-business-profile/,Guide,TOFU,3,High,P3,0.29
how to change phone number on google my business,,20,,Categories / Services / Description,/guides/edit-google-business-profile/,Guide,TOFU,3,High,P3,0.29
how to change photos in google my business,,20,,Photos / Logo / Cover / Videos,/guides/google-business-profile-photo-size/,Guide,TOFU,3,High,P3,0.29
how to change primary owner in google my business,,20,,Ownership / Access / Transfer,/guides/edit-google-business-profile/,Guide,TOFU,3,High,P3,0.29
how to change primary owner on google my business,,20,,Ownership / Access / Transfer,/guides/edit-google-business-profile/,Guide,TOFU,3,High,P3,0.29
how to delete a photo from google my business,,20,,Suspension / Reinstatement / Delete,/guides/google-business-profile-photo-size/,Guide,TOFU,3,High,P3,0.29
how to delete customer photos from google my business,,20,,Suspension / Reinstatement / Delete,/guides/google-business-profile-photo-size/,Guide,TOFU,3,High,P3,0.29
how to delete google my business photos,,20,,Suspension / Reinstatement / Delete,/guides/google-business-profile-photo-size/,Guide,TOFU,3,High,P3,0.29
how to delete photos in google my business,,20,,Suspension / Reinstatement / Delete,/guides/google-business-profile-photo-size/,Guide,TOFU,3,High,P3,0.29
how to delete photos on google my business,,20,,Suspension / Reinstatement / Delete,/guides/google-business-profile-photo-size/,Guide,TOFU,3,High,P3,0.29
how to edit address in google my business,,20,,Categories / Services / Description,/guides/edit-google-business-profile/,Guide,TOFU,3,High,P3,0.29
how to edit address on google my business,,20,,Categories / Services / Description,/guides/edit-google-business-profile/,Guide,TOFU,3,High,P3,0.29
how to edit google my business profile,,20,,Core / Navigational Head Terms,/guides/edit-google-business-profile/,Guide,TOFU,3,High,P3,0.29
how to edit location in google my business,,20,,Core / Navigational Head Terms,/guides/edit-google-business-profile/,Guide,TOFU,3,High,P3,0.29
how to edit my business name on google,,20,,Other / Long-tail,/guides/edit-google-business-profile/,Guide,TOFU,3,High,P3,0.29
how to edit my business on google,,20,,Other / Long-tail,/guides/edit-google-business-profile/,Guide,TOFU,3,High,P3,0.29
how to edit my business on google maps,,20,,Other / Long-tail,/guides/edit-google-business-profile/,Guide,TOFU,3,High,P3,0.29
how to edit my google business page,,20,,Other / Long-tail,/guides/edit-google-business-profile/,Guide,TOFU,3,High,P3,0.29
how to edit my google business website,,20,,Categories / Services / Description,/guides/edit-google-business-profile/,Guide,TOFU,3,High,P3,0.29
how to get my business website on google,,20,,Categories / Services / Description,/guides/edit-google-business-profile/,Guide,TOFU,3,High,P3,0.29
how to hide address on google my business,,20,,Categories / Services / Description,/guides/edit-google-business-profile/,Guide,TOFU,3,High,P3,0.29
how to promote my business on google for free,,20,,Free / Cost / Pricing,/guides/is-google-my-business-free/,Guide,TOFU,3,High,P3,0.29
how to remove a photo from google my business,,20,,Suspension / Reinstatement / Delete,/guides/google-business-profile-photo-size/,Guide,TOFU,3,High,P3,0.29
how to remove customer photos from google my business,,20,,Suspension / Reinstatement / Delete,/guides/google-business-profile-photo-size/,Guide,TOFU,3,High,P3,0.29
how to remove photo from google my business,,20,,Suspension / Reinstatement / Delete,/guides/google-business-profile-photo-size/,Guide,TOFU,3,High,P3,0.29
how to remove photos from google my business,,20,,Suspension / Reinstatement / Delete,/guides/google-business-profile-photo-size/,Guide,TOFU,3,High,P3,0.29
how to upload my business on google,,20,,Photos / Logo / Cover / Videos,/guides/google-business-profile-photo-size/,Guide,TOFU,3,High,P3,0.29
logo for google my business,,20,,Photos / Logo / Cover / Videos,/guides/google-my-business-logo-size/,Guide,TOFU,3,High,P3,0.29
logo google my business,,20,,Photos / Logo / Cover / Videos,/guides/google-my-business-logo-size/,Guide,TOFU,3,High,P3,0.29
logo size google my business,,20,,Photos / Logo / Cover / Videos,/guides/google-my-business-logo-size/,Guide,TOFU,3,High,P3,0.29
my business address is wrong on google,,20,,Categories / Services / Description,/guides/edit-google-business-profile/,Guide,TOFU,3,High,P3,0.29
my google business website,,20,,Categories / Services / Description,/guides/edit-google-business-profile/,Guide,TOFU,3,High,P3,0.29
remove photos from google my business,,20,,Suspension / Reinstatement / Delete,/guides/google-business-profile-photo-size/,Guide,TOFU,3,High,P3,0.29
video size for google my business,,20,,Photos / Logo / Cover / Videos,/guides/google-business-profile-photo-size/,Guide,TOFU,3,High,P3,0.29
website on google my business,,20,,Categories / Services / Description,/guides/edit-google-business-profile/,Guide,TOFU,3,High,P3,0.29
what is google my business website,,20,,Categories / Services / Description,/guides/edit-google-business-profile/,Guide,TOFU,3,High,P3,0.29
what is the size of google my business cover photo,,20,,Photos / Logo / Cover / Videos,/guides/google-business-profile-photo-size/,Guide,TOFU,3,High,P3,0.29
what size photo for google my business,,20,,Photos / Logo / Cover / Videos,/guides/google-business-profile-photo-size/,Guide,TOFU,3,High,P3,0.29
add manager to google my business account,,20,,Management Service / Agency,/guides/google-business-profile-login/,Guide,TOFU,1,High,P3,0.23
call google my business customer service,,20,,Management Service / Agency,/guides/google-business-profile-support/,Official Support Guide,TOFU,1,High,P3,0.23
can i delete my google business account,,20,,Suspension / Reinstatement / Delete,/guides/google-business-profile-login/,Guide,TOFU,1,High,P3,0.23
can i delete my google business page,,20,,Suspension / Reinstatement / Delete,/guides/google-business-profile-faq/,FAQ,TOFU,1,High,P3,0.23
close google my business account,,20,,Login / Account / App,/guides/google-business-profile-login/,Guide,TOFU,1,High,P3,0.23
contact google my business phone number,,20,,Categories / Services / Description,/guides/google-business-profile-support/,Official Support Guide,TOFU,1,High,P3,0.23
contact us google my business,,20,,Support / Customer Care / Contact,/guides/google-business-profile-support/,Official Support Guide,TOFU,1,High,P3,0.23
create my google business account,,20,,Setup / Add / Create / Register,/guides/google-business-profile-login/,Guide,TOFU,1,High,P3,0.23
create new google my business account,,20,,Setup / Add / Create / Register,/guides/google-business-profile-login/,Guide,TOFU,1,High,P3,0.23
customer care number of google my business,,20,,Support / Customer Care / Contact,/guides/google-business-profile-support/,Official Support Guide,TOFU,1,High,P3,0.23
delete google my business account,,20,,Suspension / Reinstatement / Delete,/guides/google-business-profile-login/,Guide,TOFU,1,High,P3,0.23
delete my google business account,,20,,Suspension / Reinstatement / Delete,/guides/google-business-profile-login/,Guide,TOFU,1,High,P3,0.23
delete my google business listing,,20,,Suspension / Reinstatement / Delete,/guides/google-business-profile-faq/,FAQ,TOFU,1,High,P3,0.23
download google my business apk,,20,,API / Analytics / Insights,/guides/google-business-profile-login/,Guide,TOFU,1,High,P3,0.23
download google my business photos,,20,,Photos / Logo / Cover / Videos,/guides/google-business-profile-login/,Guide,TOFU,1,High,P3,0.23
edit my google business account,,20,,Login / Account / App,/guides/google-business-profile-login/,Guide,TOFU,1,High,P3,0.23
find my google business account,,20,,Login / Account / App,/guides/google-business-profile-login/,Guide,TOFU,1,High,P3,0.23
find my google business page,,20,,Other / Long-tail,/guides/google-business-profile-faq/,FAQ,TOFU,1,High,P3,0.23
forgot google my business login,,20,,Login / Account / App,/guides/google-business-profile-login/,Guide,TOFU,1,High,P3,0.23
get my business on google maps,,20,,Other / Long-tail,/guides/google-business-profile-faq/,FAQ,TOFU,1,High,P3,0.23
google account for my business,,20,,Login / Account / App,/guides/google-business-profile-login/,Guide,TOFU,1,High,P3,0.23
google account to manage my business,,20,,Management Service / Agency,/guides/google-business-profile-login/,Guide,TOFU,1,High,P3,0.23
google ads for my business,,20,,Other / Long-tail,/guides/google-business-profile-faq/,FAQ,TOFU,1,High,P3,0.23
google grow my business,,20,,Other / Long-tail,/guides/google-business-profile-faq/,FAQ,TOFU,1,High,P3,0.23
google listing my business,,20,,Other / Long-tail,/guides/google-business-profile-faq/,FAQ,TOFU,1,High,P3,0.23
google maps my business login,,20,,Login / Account / App,/guides/google-business-profile-login/,Guide,TOFU,1,High,P3,0.23
google my business account delete,,20,,Suspension / Reinstatement / Delete,/guides/google-business-profile-login/,Guide,TOFU,1,High,P3,0.23
google my business account kaise banaye,,20,,Login / Account / App,/guides/google-business-profile-login/,Guide,TOFU,1,High,P3,0.23
google my business account setup,,20,,Setup / Add / Create / Register,/guides/google-business-profile-login/,Guide,TOFU,1,High,P3,0.23
google my business agency account,,20,,Management Service / Agency,/guides/google-business-profile-login/,Guide,TOFU,1,High,P3,0.23
google my business agency login,,20,,Management Service / Agency,/guides/google-business-profile-login/,Guide,TOFU,1,High,P3,0.23
google my business android app,,20,,Login / Account / App,/guides/google-business-profile-login/,Guide,TOFU,1,High,P3,0.23
google my business apk download,,20,,API / Analytics / Insights,/guides/google-business-profile-login/,Guide,TOFU,1,High,P3,0.23
google my business app apk,,20,,Login / Account / App,/guides/google-business-profile-login/,Guide,TOFU,1,High,P3,0.23
google my business app download for pc,,20,,API / Analytics / Insights,/guides/google-business-profile-login/,Guide,TOFU,1,High,P3,0.23
google my business app download free,,20,,API / Analytics / Insights,/guides/google-business-profile-login/,Guide,TOFU,1,High,P3,0.23
google my business app for android,,20,,Login / Account / App,/guides/google-business-profile-login/,Guide,TOFU,1,High,P3,0.23
google my business app for pc,,20,,Login / Account / App,/guides/google-business-profile-login/,Guide,TOFU,1,High,P3,0.23
google my business app free download,,20,,API / Analytics / Insights,/guides/google-business-profile-login/,Guide,TOFU,1,High,P3,0.23
google my business app free download for pc,,20,,API / Analytics / Insights,/guides/google-business-profile-login/,Guide,TOFU,1,High,P3,0.23
google my business app login,,20,,Login / Account / App,/guides/google-business-profile-login/,Guide,TOFU,1,High,P3,0.23
google my business call back,,20,,Support / Customer Care / Contact,/guides/google-business-profile-support/,Official Support Guide,TOFU,1,High,P3,0.23
google my business call center,,20,,Support / Customer Care / Contact,/guides/google-business-profile-support/,Official Support Guide,TOFU,1,High,P3,0.23
google my business chat support,,20,,Support / Customer Care / Contact,/guides/google-business-profile-support/,Official Support Guide,TOFU,1,High,P3,0.23
google my business contact,,20,,Support / Customer Care / Contact,/guides/google-business-profile-support/,Official Support Guide,TOFU,1,High,P3,0.23
google my business contact email,,20,,Support / Customer Care / Contact,/guides/google-business-profile-support/,Official Support Guide,TOFU,1,High,P3,0.23
google my business contact no,,20,,Support / Customer Care / Contact,/guides/google-business-profile-support/,Official Support Guide,TOFU,1,High,P3,0.23
google my business contact number india,,20,,Support / Customer Care / Contact,/guides/google-business-profile-support/,Official Support Guide,TOFU,1,High,P3,0.23
google my business contact number uk,,20,,Support / Customer Care / Contact,/guides/google-business-profile-support/,Official Support Guide,TOFU,1,High,P3,0.23
google my business contact phone number,,20,,Categories / Services / Description,/guides/google-business-profile-support/,Official Support Guide,TOFU,1,High,P3,0.23
google my business contact us,,20,,Support / Customer Care / Contact,/guides/google-business-profile-support/,Official Support Guide,TOFU,1,High,P3,0.23
google my business customer care contact number,,20,,Support / Customer Care / Contact,/guides/google-business-profile-support/,Official Support Guide,TOFU,1,High,P3,0.23
google my business customer care number bangalore,,20,,Support / Customer Care / Contact,/guides/google-business-profile-support/,Official Support Guide,TOFU,1,High,P3,0.23
google my business customer care phone number,,20,,Categories / Services / Description,/guides/google-business-profile-support/,Official Support Guide,TOFU,1,High,P3,0.23
google my business customer support,,20,,Support / Customer Care / Contact,/guides/google-business-profile-support/,Official Support Guide,TOFU,1,High,P3,0.23
google my business dashboard login,,20,,Management Service / Agency,/guides/google-business-profile-login/,Guide,TOFU,1,High,P3,0.23
google my business email login,,20,,Login / Account / App,/guides/google-business-profile-login/,Guide,TOFU,1,High,P3,0.23
google my business free account,,20,,Login / Account / App,/guides/google-business-profile-login/,Guide,TOFU,1,High,P3,0.23
google my business free download,,20,,API / Analytics / Insights,/guides/google-business-profile-login/,Guide,TOFU,1,High,P3,0.23
google my business helpline,,20,,Support / Customer Care / Contact,/guides/google-business-profile-support/,Official Support Guide,TOFU,1,High,P3,0.23
google my business helpline no,,20,,Support / Customer Care / Contact,/guides/google-business-profile-support/,Official Support Guide,TOFU,1,High,P3,0.23
google my business helpline number india,,20,,Support / Customer Care / Contact,/guides/google-business-profile-support/,Official Support Guide,TOFU,1,High,P3,0.23
google my business india customer care,,20,,Support / Customer Care / Contact,/guides/google-business-profile-support/,Official Support Guide,TOFU,1,High,P3,0.23
google my business ios app,,20,,Login / Account / App,/guides/google-business-profile-login/,Guide,TOFU,1,High,P3,0.23
google my business listing login,,20,,Login / Account / App,/guides/google-business-profile-login/,Guide,TOFU,1,High,P3,0.23
google my business manager account,,20,,Management Service / Agency,/guides/google-business-profile-login/,Guide,TOFU,1,High,P3,0.23
google my business mobile app,,20,,Login / Account / App,/guides/google-business-profile-login/,Guide,TOFU,1,High,P3,0.23
google my business organization account,,20,,Login / Account / App,/guides/google-business-profile-login/,Guide,TOFU,1,High,P3,0.23
google my business phone number support,,20,,Categories / Services / Description,/guides/google-business-profile-support/,Official Support Guide,TOFU,1,High,P3,0.23
google my business phone support,,20,,Categories / Services / Description,/guides/google-business-profile-support/,Official Support Guide,TOFU,1,High,P3,0.23
google my business support email id,,20,,Support / Customer Care / Contact,/guides/google-business-profile-support/,Official Support Guide,TOFU,1,High,P3,0.23
google my business support form,,20,,Support / Customer Care / Contact,/guides/google-business-profile-support/,Official Support Guide,TOFU,1,High,P3,0.23
google my business support live chat,,20,,Support / Customer Care / Contact,/guides/google-business-profile-support/,Official Support Guide,TOFU,1,High,P3,0.23
google my business support number,,20,,Support / Customer Care / Contact,/guides/google-business-profile-support/,Official Support Guide,TOFU,1,High,P3,0.23
google my business support number india,,20,,Support / Customer Care / Contact,/guides/google-business-profile-support/,Official Support Guide,TOFU,1,High,P3,0.23
google my business support phone number india,,20,,Categories / Services / Description,/guides/google-business-profile-support/,Official Support Guide,TOFU,1,High,P3,0.23
google my business toll free no,,20,,Support / Customer Care / Contact,/guides/google-business-profile-support/,Official Support Guide,TOFU,1,High,P3,0.23
google my business website login,,20,,Categories / Services / Description,/guides/google-business-profile-login/,Guide,TOFU,1,High,P3,0.23
google my my business,,20,,Other / Long-tail,/guides/google-business-profile-faq/,FAQ,TOFU,1,High,P3,0.23
google own my business,,20,,Other / Long-tail,/guides/google-business-profile-faq/,FAQ,TOFU,1,High,P3,0.23
google says my business is permanently closed,,20,,Other / Long-tail,/guides/google-business-profile-faq/,FAQ,TOFU,1,High,P3,0.23
google support for google my business,,20,,Support / Customer Care / Contact,/guides/google-business-profile-support/,Official Support Guide,TOFU,1,High,P3,0.23
google verify my business login,,20,,Verification / Code / Postcard,/guides/google-business-profile-login/,Guide,TOFU,1,High,P3,0.23
how can i advertise my business on google,,20,,Other / Long-tail,/guides/google-business-profile-faq/,FAQ,TOFU,1,High,P3,0.23
how can i contact google my business,,20,,Support / Customer Care / Contact,/guides/google-business-profile-support/,Official Support Guide,TOFU,1,High,P3,0.23
how can i delete my business from google,,20,,Suspension / Reinstatement / Delete,/guides/google-business-profile-faq/,FAQ,TOFU,1,High,P3,0.23
how can i delete my google business account,,20,,Suspension / Reinstatement / Delete,/guides/google-business-profile-login/,Guide,TOFU,1,High,P3,0.23
how can i promote my business on google,,20,,Other / Long-tail,/guides/google-business-profile-faq/,FAQ,TOFU,1,High,P3,0.23
how do i contact google my business,,20,,Support / Customer Care / Contact,/guides/google-business-profile-support/,Official Support Guide,TOFU,1,High,P3,0.23
how do i delete my google business page,,20,,Suspension / Reinstatement / Delete,/guides/google-business-profile-faq/,FAQ,TOFU,1,High,P3,0.23
how do i delete my google my business account,,20,,Suspension / Reinstatement / Delete,/guides/google-business-profile-login/,Guide,TOFU,1,High,P3,0.23
how do i get my business first on google search,,20,,Other / Long-tail,/guides/google-business-profile-faq/,FAQ,TOFU,1,High,P3,0.23
how do i get my business on google,,20,,Other / Long-tail,/guides/google-business-profile-faq/,FAQ,TOFU,1,High,P3,0.23
how do i get my business on google search,,20,,Other / Long-tail,/guides/google-business-profile-faq/,FAQ,TOFU,1,High,P3,0.23
how do i log into my google business account,,20,,Login / Account / App,/guides/google-business-profile-login/,Guide,TOFU,1,High,P3,0.23
how do i promote my business on google,,20,,Other / Long-tail,/guides/google-business-profile-faq/,FAQ,TOFU,1,High,P3,0.23
how do i show my business on google maps,,20,,Other / Long-tail,/guides/google-business-profile-faq/,FAQ,TOFU,1,High,P3,0.23
how do i sign into my google business account,,20,,Login / Account / App,/guides/google-business-profile-login/,Guide,TOFU,1,High,P3,0.23
how do i verify my google business account,,20,,Verification / Code / Postcard,/guides/google-business-profile-login/,Guide,TOFU,1,High,P3,0.23
how to access google my business account,,20,,Ownership / Access / Transfer,/guides/google-business-profile-login/,Guide,TOFU,1,High,P3,0.23
how to access my business google account,,20,,Ownership / Access / Transfer,/guides/google-business-profile-login/,Guide,TOFU,1,High,P3,0.23
how to access my google business account,,20,,Ownership / Access / Transfer,/guides/google-business-profile-login/,Guide,TOFU,1,High,P3,0.23
how to boost my business on google,,20,,Other / Long-tail,/guides/google-business-profile-faq/,FAQ,TOFU,1,High,P3,0.23
how to call google my business,,20,,Support / Customer Care / Contact,/guides/google-business-profile-support/,Official Support Guide,TOFU,1,High,P3,0.23
how to close google my business account,,20,,Login / Account / App,/guides/google-business-profile-login/,Guide,TOFU,1,High,P3,0.23
how to contact google my business,,20,,Support / Customer Care / Contact,/guides/google-business-profile-support/,Official Support Guide,TOFU,1,High,P3,0.23
how to contact google my business by phone,,20,,Categories / Services / Description,/guides/google-business-profile-support/,Official Support Guide,TOFU,1,High,P3,0.23
how to create a google my business account,,20,,Setup / Add / Create / Register,/guides/google-business-profile-login/,Guide,TOFU,1,High,P3,0.23
how to delete google my business account permanently,,20,,Suspension / Reinstatement / Delete,/guides/google-business-profile-login/,Guide,TOFU,1,High,P3,0.23
how to delete my business on google,,20,,Suspension / Reinstatement / Delete,/guides/google-business-profile-faq/,FAQ,TOFU,1,High,P3,0.23
how to delete my google my business account,,20,,Suspension / Reinstatement / Delete,/guides/google-business-profile-login/,Guide,TOFU,1,High,P3,0.23
how to edit google my business account,,20,,Login / Account / App,/guides/google-business-profile-login/,Guide,TOFU,1,High,P3,0.23
how to find google my business account id,,20,,Login / Account / App,/guides/google-business-profile-login/,Guide,TOFU,1,High,P3,0.23
how to find my business on google,,20,,Other / Long-tail,/guides/google-business-profile-faq/,FAQ,TOFU,1,High,P3,0.23
how to fix my google business listing,,20,,Other / Long-tail,/guides/google-business-profile-faq/,FAQ,TOFU,1,High,P3,0.23
how to get google maps for my business,,20,,Other / Long-tail,/guides/google-business-profile-faq/,FAQ,TOFU,1,High,P3,0.23
how to get my business location on google maps,,20,,Other / Long-tail,/guides/google-business-profile-faq/,FAQ,TOFU,1,High,P3,0.23
how to get my business on google,,20,,Other / Long-tail,/guides/google-business-profile-faq/,FAQ,TOFU,1,High,P3,0.23
how to get my business on google search,,20,,Other / Long-tail,/guides/google-business-profile-faq/,FAQ,TOFU,1,High,P3,0.23
how to get my business on top of google search,,20,,Other / Long-tail,/guides/google-business-profile-faq/,FAQ,TOFU,1,High,P3,0.23
how to locate my business on google maps,,20,,Other / Long-tail,/guides/google-business-profile-faq/,FAQ,TOFU,1,High,P3,0.23
how to log into google my business account,,20,,Login / Account / App,/guides/google-business-profile-login/,Guide,TOFU,1,High,P3,0.23
how to log into my google business account,,20,,Login / Account / App,/guides/google-business-profile-login/,Guide,TOFU,1,High,P3,0.23
how to login to google my business,,20,,Login / Account / App,/guides/google-business-profile-login/,Guide,TOFU,1,High,P3,0.23
how to login to google my business account,,20,,Login / Account / App,/guides/google-business-profile-login/,Guide,TOFU,1,High,P3,0.23
how to login to my google business account,,20,,Login / Account / App,/guides/google-business-profile-login/,Guide,TOFU,1,High,P3,0.23
how to make a google page for my business,,20,,Other / Long-tail,/guides/google-business-profile-faq/,FAQ,TOFU,1,High,P3,0.23
how to make my business appear on google search first,,20,,Other / Long-tail,/guides/google-business-profile-faq/,FAQ,TOFU,1,High,P3,0.23
how to make my business top on google,,20,,Other / Long-tail,/guides/google-business-profile-faq/,FAQ,TOFU,1,High,P3,0.23
how to make my business visible on google maps,,20,,Other / Long-tail,/guides/google-business-profile-faq/,FAQ,TOFU,1,High,P3,0.23
how to mark my business on google maps,,20,,Other / Long-tail,/guides/google-business-profile-faq/,FAQ,TOFU,1,High,P3,0.23
how to market my business on google,,20,,Other / Long-tail,/guides/google-business-profile-faq/,FAQ,TOFU,1,High,P3,0.23
how to my business on google,,20,,Other / Long-tail,/guides/google-business-profile-faq/,FAQ,TOFU,1,High,P3,0.23
how to my business on google maps,,20,,Other / Long-tail,/guides/google-business-profile-faq/,FAQ,TOFU,1,High,P3,0.23
how to place my business on google,,20,,Other / Long-tail,/guides/google-business-profile-faq/,FAQ,TOFU,1,High,P3,0.23
how to promote my business in google,,20,,Other / Long-tail,/guides/google-business-profile-faq/,FAQ,TOFU,1,High,P3,0.23
how to promote my business on google,,20,,Other / Long-tail,/guides/google-business-profile-faq/,FAQ,TOFU,1,High,P3,0.23
how to recover google my business account,,20,,Login / Account / App,/guides/google-business-profile-login/,Guide,TOFU,1,High,P3,0.23
how to recover my google business account,,20,,Login / Account / App,/guides/google-business-profile-login/,Guide,TOFU,1,High,P3,0.23
how to remove google my business account,,20,,Suspension / Reinstatement / Delete,/guides/google-business-profile-login/,Guide,TOFU,1,High,P3,0.23
how to remove my business from google,,20,,Suspension / Reinstatement / Delete,/guides/google-business-profile-faq/,FAQ,TOFU,1,High,P3,0.23
how to remove my business location from google maps,,20,,Suspension / Reinstatement / Delete,/guides/google-business-profile-faq/,FAQ,TOFU,1,High,P3,0.23
how to remove my google business listing,,20,,Suspension / Reinstatement / Delete,/guides/google-business-profile-faq/,FAQ,TOFU,1,High,P3,0.23
how to search my business on google,,20,,Other / Long-tail,/guides/google-business-profile-faq/,FAQ,TOFU,1,High,P3,0.23
how to set my business location in google maps,,20,,Other / Long-tail,/guides/google-business-profile-faq/,FAQ,TOFU,1,High,P3,0.23
how to set my business location on google map,,20,,Other / Long-tail,/guides/google-business-profile-faq/,FAQ,TOFU,1,High,P3,0.23
how to set up google my business account,,20,,Setup / Add / Create / Register,/guides/google-business-profile-login/,Guide,TOFU,1,High,P3,0.23
how to use google for my business,,20,,Other / Long-tail,/guides/google-business-profile-faq/,FAQ,TOFU,1,High,P3,0.23
how to use google my business app,,20,,Login / Account / App,/guides/google-business-profile-login/,Guide,TOFU,1,High,P3,0.23
how to verify my google business account,,20,,Verification / Code / Postcard,/guides/google-business-profile-login/,Guide,TOFU,1,High,P3,0.23
i can t see my business on google,,20,,Other / Long-tail,/guides/google-business-profile-faq/,FAQ,TOFU,1,High,P3,0.23
i forgot my google business account,,20,,Login / Account / App,/guides/google-business-profile-login/,Guide,TOFU,1,High,P3,0.23
i want my business on google,,20,,Other / Long-tail,/guides/google-business-profile-faq/,FAQ,TOFU,1,High,P3,0.23
i want to advertise my business on google,,20,,Other / Long-tail,/guides/google-business-profile-faq/,FAQ,TOFU,1,High,P3,0.23
locate my business on google maps,,20,,Other / Long-tail,/guides/google-business-profile-faq/,FAQ,TOFU,1,High,P3,0.23
login my google business,,20,,Login / Account / App,/guides/google-business-profile-login/,Guide,TOFU,1,High,P3,0.23
manage my business google maps,,20,,Management Service / Agency,/guides/google-business-profile-faq/,FAQ,TOFU,1,High,P3,0.23
manage my google business listing,,20,,Management Service / Agency,/guides/google-business-profile-faq/,FAQ,TOFU,1,High,P3,0.23
manage my google business page,,20,,Management Service / Agency,/guides/google-business-profile-faq/,FAQ,TOFU,1,High,P3,0.23
mark my business on google maps,,20,,Other / Long-tail,/guides/google-business-profile-faq/,FAQ,TOFU,1,High,P3,0.23
my business account google login,,20,,Login / Account / App,/guides/google-business-profile-login/,Guide,TOFU,1,High,P3,0.23
my business does not show up on google search,,20,,Other / Long-tail,/guides/google-business-profile-faq/,FAQ,TOFU,1,High,P3,0.23
my business google ads,,20,,Other / Long-tail,/guides/google-business-profile-faq/,FAQ,TOFU,1,High,P3,0.23
my business google contact number,,20,,Support / Customer Care / Contact,/guides/google-business-profile-support/,Official Support Guide,TOFU,1,High,P3,0.23
my business is not showing up on google search,,20,,Other / Long-tail,/guides/google-business-profile-faq/,FAQ,TOFU,1,High,P3,0.23
my business is not visible on google maps,,20,,Other / Long-tail,/guides/google-business-profile-faq/,FAQ,TOFU,1,High,P3,0.23
my business isn t showing on google,,20,,Other / Long-tail,/guides/google-business-profile-faq/,FAQ,TOFU,1,High,P3,0.23
my business location is wrong on google maps,,20,,Other / Long-tail,/guides/google-business-profile-faq/,FAQ,TOFU,1,High,P3,0.23
my business location on google maps is wrong,,20,,Other / Long-tail,/guides/google-business-profile-faq/,FAQ,TOFU,1,High,P3,0.23
my business not showing on google maps,,20,,Other / Long-tail,/guides/google-business-profile-faq/,FAQ,TOFU,1,High,P3,0.23
my business on google login,,20,,Login / Account / App,/guides/google-business-profile-login/,Guide,TOFU,1,High,P3,0.23
my business shows permanently closed on google,,20,,Other / Long-tail,/guides/google-business-profile-faq/,FAQ,TOFU,1,High,P3,0.23
my google account business,,20,,Login / Account / App,/guides/google-business-profile-login/,Guide,TOFU,1,High,P3,0.23
my google business account is suspended,,20,,Suspension / Reinstatement / Delete,/guides/google-business-profile-login/,Guide,TOFU,1,High,P3,0.23
my google business account login,,20,,Login / Account / App,/guides/google-business-profile-login/,Guide,TOFU,1,High,P3,0.23
my google maps business,,20,,Other / Long-tail,/guides/google-business-profile-faq/,FAQ,TOFU,1,High,P3,0.23
place my business on google maps,,20,,Other / Long-tail,/guides/google-business-profile-faq/,FAQ,TOFU,1,High,P3,0.23
promote my business on google,,20,,Other / Long-tail,/guides/google-business-profile-faq/,FAQ,TOFU,1,High,P3,0.23
publish my business on google,,20,,Other / Long-tail,/guides/google-business-profile-faq/,FAQ,TOFU,1,High,P3,0.23
remove my business from google,,20,,Suspension / Reinstatement / Delete,/guides/google-business-profile-faq/,FAQ,TOFU,1,High,P3,0.23
set up google my business account,,20,,Setup / Add / Create / Register,/guides/google-business-profile-login/,Guide,TOFU,1,High,P3,0.23
someone claimed my business on google,,20,,Other / Long-tail,/guides/google-business-profile-faq/,FAQ,TOFU,1,High,P3,0.23
someone else claimed my business on google,,20,,Other / Long-tail,/guides/google-business-profile-faq/,FAQ,TOFU,1,High,P3,0.23
someone has claimed my business on google,,20,,Other / Long-tail,/guides/google-business-profile-faq/,FAQ,TOFU,1,High,P3,0.23
submit my business to google,,20,,Other / Long-tail,/guides/google-business-profile-faq/,FAQ,TOFU,1,High,P3,0.23
submit my business to google maps,,20,,Other / Long-tail,/guides/google-business-profile-faq/,FAQ,TOFU,1,High,P3,0.23
verify google my business account,,20,,Verification / Code / Postcard,/guides/google-business-profile-login/,Guide,TOFU,1,High,P3,0.23
what happens if i delete my google business account,,20,,Suspension / Reinstatement / Delete,/guides/google-business-profile-login/,Guide,TOFU,1,High,P3,0.23
why does google say my business is permanently closed,,20,,Other / Long-tail,/guides/google-business-profile-faq/,FAQ,TOFU,1,High,P3,0.23
why doesn t my business show up on google maps,,20,,Other / Long-tail,/guides/google-business-profile-faq/,FAQ,TOFU,1,High,P3,0.23
why is my business not showing on google maps,,20,,Other / Long-tail,/guides/google-business-profile-faq/,FAQ,TOFU,1,High,P3,0.23
why is my business not showing on google search,,20,,Other / Long-tail,/guides/google-business-profile-faq/,FAQ,TOFU,1,High,P3,0.23
why is my google business not showing,,20,,Other / Long-tail,/guides/google-business-profile-faq/,FAQ,TOFU,1,High,P3,0.23
why isn t my business showing up on google,,20,,Other / Long-tail,/guides/google-business-profile-faq/,FAQ,TOFU,1,High,P3,0.23
why my business is not showing on google,,20,,Other / Long-tail,/guides/google-business-profile-faq/,FAQ,TOFU,1,High,P3,0.23
why my business is not showing on google search,,20,,Other / Long-tail,/guides/google-business-profile-faq/,FAQ,TOFU,1,High,P3,0.23
alternative to google my business,,10,,Competitors / Alternatives,/google-business-profile-management-tool/,Product Landing,BOFU,5,High,P3,0.18
attribute google my business,,10,,Categories / Services / Description,/google-business-profile-management-tool/,Product Landing,BOFU,5,High,P3,0.18
attributes in google my business,,10,,Categories / Services / Description,/google-business-profile-management-tool/,Product Landing,BOFU,5,High,P3,0.18
benefits of using google my business,,10,,Core / Navigational Head Terms,/google-business-profile-management-tool/,Product Landing,BOFU,5,High,P3,0.18
best google my business pages,,10,,Core / Navigational Head Terms,/google-business-profile-management-tool/,Product Landing,BOFU,5,High,P3,0.18
blog google my business,,10,,Core / Navigational Head Terms,/google-business-profile-management-tool/,Product Landing,BOFU,5,High,P3,0.18
can hootsuite post to google my business,,10,,Google Posts / Offers / Updates,/features/google-posts-scheduler/,Feature Landing,BOFU,5,High,P3,0.18
can you merge two google my business listings,,10,,Core / Navigational Head Terms,/google-business-profile-management-tool/,Product Landing,BOFU,5,High,P3,0.18
can you schedule google my business posts,,10,,Google Posts / Offers / Updates,/features/google-posts-scheduler/,Feature Landing,BOFU,5,High,P3,0.18
chat google my business,,10,,Core / Navigational Head Terms,/google-business-profile-management-tool/,Product Landing,BOFU,5,High,P3,0.18
dba google my business,,10,,Core / Navigational Head Terms,/google-business-profile-management-tool/,Product Landing,BOFU,5,High,P3,0.18
digital marketing google my business,,10,,Core / Navigational Head Terms,/google-business-profile-management-tool/,Product Landing,BOFU,5,High,P3,0.18
disable google my business,,10,,Core / Navigational Head Terms,/google-business-profile-management-tool/,Product Landing,BOFU,5,High,P3,0.18
do google my business posts help seo,,10,,Google Posts / Offers / Updates,/guides/google-business-profile-optimization-checklist/,Pillar Guide,MOFU,5,High,P3,0.18
do you have to pay for google my business,,10,,Core / Navigational Head Terms,/google-business-profile-management-tool/,Product Landing,BOFU,5,High,P3,0.18
does google my business help seo,,10,,Optimization / SEO / Ranking,/guides/google-business-profile-optimization-checklist/,Pillar Guide,MOFU,5,High,P3,0.18
example of google my business,,10,,Core / Navigational Head Terms,/google-business-profile-management-tool/,Product Landing,BOFU,5,High,P3,0.18
export google my business reviews,,10,,Reviews / Ratings / Reply,/features/google-review-management/,Feature Landing,BOFU,5,High,P3,0.18
get google my business,,10,,Core / Navigational Head Terms,/google-business-profile-management-tool/,Product Landing,BOFU,5,High,P3,0.18
get google my business review link,,10,,Reviews / Ratings / Reply,/guides/google-my-business-review-link/,Guide,MOFU,5,High,P3,0.18
go to google my business,,10,,Core / Navigational Head Terms,/google-business-profile-management-tool/,Product Landing,BOFU,5,High,P3,0.18
godaddy google my business,,10,,Core / Navigational Head Terms,/google-business-profile-management-tool/,Product Landing,BOFU,5,High,P3,0.18
google com google my business,,10,,Core / Navigational Head Terms,/google-business-profile-management-tool/,Product Landing,BOFU,5,High,P3,0.18
google com slash verify my business,,10,,Verification / Code / Postcard,/guides/google-business-profile-verification/,Guide,MOFU,5,High,P3,0.18
google my business 2020,,10,,Core / Navigational Head Terms,/google-business-profile-management-tool/,Product Landing,BOFU,5,High,P3,0.18
google my business 360 view,,10,,Core / Navigational Head Terms,/google-business-profile-management-tool/,Product Landing,BOFU,5,High,P3,0.18
google my business academy,,10,,Core / Navigational Head Terms,/google-business-profile-management-tool/,Product Landing,BOFU,5,High,P3,0.18
google my business activity,,10,,Core / Navigational Head Terms,/google-business-profile-management-tool/,Product Landing,BOFU,5,High,P3,0.18
google my business ads vs google ads,,10,,Core / Navigational Head Terms,/google-business-profile-management-tool/,Product Landing,BOFU,5,High,P3,0.18
google my business algorithm update,,10,,Google Posts / Offers / Updates,/features/google-posts-scheduler/,Feature Landing,BOFU,5,High,P3,0.18
google my business analysis,,10,,Core / Navigational Head Terms,/google-business-profile-management-tool/,Product Landing,BOFU,5,High,P3,0.18
google my business and seo,,10,,Optimization / SEO / Ranking,/guides/google-business-profile-optimization-checklist/,Pillar Guide,MOFU,5,High,P3,0.18
google my business appointments,,10,,Core / Navigational Head Terms,/google-business-profile-management-tool/,Product Landing,BOFU,5,High,P3,0.18
google my business articles,,10,,Core / Navigational Head Terms,/google-business-profile-management-tool/,Product Landing,BOFU,5,High,P3,0.18
google my business assistance,,10,,Core / Navigational Head Terms,/google-business-profile-management-tool/,Product Landing,BOFU,5,High,P3,0.18
google my business audit tool,,10,,Management Service / Agency,/google-business-profile-management-tool/,Product Landing,BOFU,5,High,P3,0.18
google my business basic course,,10,,Core / Navigational Head Terms,/google-business-profile-management-tool/,Product Landing,BOFU,5,High,P3,0.18
google my business basics assessment,,10,,Core / Navigational Head Terms,/google-business-profile-management-tool/,Product Landing,BOFU,5,High,P3,0.18
google my business basics certification,,10,,Core / Navigational Head Terms,/google-business-profile-management-tool/,Product Landing,BOFU,5,High,P3,0.18
google my business booking,,10,,Core / Navigational Head Terms,/google-business-profile-management-tool/,Product Landing,BOFU,5,High,P3,0.18
google my business brand,,10,,Core / Navigational Head Terms,/google-business-profile-management-tool/,Product Landing,BOFU,5,High,P3,0.18
google my business business directory,,10,,Core / Navigational Head Terms,/google-business-profile-management-tool/,Product Landing,BOFU,5,High,P3,0.18
google my business button,,10,,Core / Navigational Head Terms,/google-business-profile-management-tool/,Product Landing,BOFU,5,High,P3,0.18
google my business by appointment only,,10,,Google Posts / Offers / Updates,/google-business-profile-management-tool/,Product Landing,BOFU,5,High,P3,0.18
google my business certification course,,10,,Core / Navigational Head Terms,/google-business-profile-management-tool/,Product Landing,BOFU,5,High,P3,0.18
google my business certification exam,,10,,Core / Navigational Head Terms,/google-business-profile-management-tool/,Product Landing,BOFU,5,High,P3,0.18
google my business cheat sheet,,10,,Core / Navigational Head Terms,/google-business-profile-management-tool/,Product Landing,BOFU,5,High,P3,0.18
google my business checklist,,10,,Core / Navigational Head Terms,/google-business-profile-management-tool/,Product Landing,BOFU,5,High,P3,0.18
google my business connect with your customers,,10,,Core / Navigational Head Terms,/google-business-profile-management-tool/,Product Landing,BOFU,5,High,P3,0.18
google my business cover,,10,,Photos / Logo / Cover / Videos,/google-business-profile-management-tool/,Product Landing,BOFU,5,High,P3,0.18
google my business delete,,10,,Suspension / Reinstatement / Delete,/google-business-profile-management-tool/,Product Landing,BOFU,5,High,P3,0.18
google my business desktop,,10,,Core / Navigational Head Terms,/google-business-profile-management-tool/,Product Landing,BOFU,5,High,P3,0.18
google my business domain name,,10,,Core / Navigational Head Terms,/google-business-profile-management-tool/,Product Landing,BOFU,5,High,P3,0.18
google my business duplicate listing,,10,,Suspension / Reinstatement / Delete,/google-business-profile-management-tool/,Product Landing,BOFU,5,High,P3,0.18
google my business español,,10,,Core / Navigational Head Terms,/google-business-profile-management-tool/,Product Landing,BOFU,5,High,P3,0.18
google my business for artists,,10,,Core / Navigational Head Terms,/google-business-profile-management-tool/,Product Landing,BOFU,5,High,P3,0.18
google my business for dentists,,10,,Core / Navigational Head Terms,/google-business-profile-management-tool/,Product Landing,BOFU,5,High,P3,0.18
google my business for law firms,,10,,Core / Navigational Head Terms,/google-business-profile-management-tool/,Product Landing,BOFU,5,High,P3,0.18
google my business for lawyers,,10,,Core / Navigational Head Terms,/google-business-profile-management-tool/,Product Landing,BOFU,5,High,P3,0.18
google my business for pc,,10,,Core / Navigational Head Terms,/google-business-profile-management-tool/,Product Landing,BOFU,5,High,P3,0.18
google my business franchise,,10,,Core / Navigational Head Terms,/google-business-profile-management-tool/,Product Landing,BOFU,5,High,P3,0.18
google my business geotagging,,10,,Core / Navigational Head Terms,/google-business-profile-management-tool/,Product Landing,BOFU,5,High,P3,0.18
google my business google posts,,10,,Google Posts / Offers / Updates,/features/google-posts-scheduler/,Feature Landing,BOFU,5,High,P3,0.18
google my business guide pdf,,10,,Core / Navigational Head Terms,/google-business-profile-management-tool/,Product Landing,BOFU,5,High,P3,0.18
google my business help forum,,10,,Core / Navigational Head Terms,/google-business-profile-management-tool/,Product Landing,BOFU,5,High,P3,0.18
google my business highlights,,10,,Core / Navigational Head Terms,/google-business-profile-management-tool/,Product Landing,BOFU,5,High,P3,0.18
google my business hotel,,10,,Core / Navigational Head Terms,/google-business-profile-management-tool/,Product Landing,BOFU,5,High,P3,0.18
google my business icon png,,10,,Core / Navigational Head Terms,/google-business-profile-management-tool/,Product Landing,BOFU,5,High,P3,0.18
google my business jobs,,10,,Core / Navigational Head Terms,/google-business-profile-management-tool/,Product Landing,BOFU,5,High,P3,0.18
google my business knowledge panel,,10,,Core / Navigational Head Terms,/google-business-profile-management-tool/,Product Landing,BOFU,5,High,P3,0.18
google my business kya hai,,10,,Core / Navigational Head Terms,/google-business-profile-management-tool/,Product Landing,BOFU,5,High,P3,0.18
google my business lead generation,,10,,Core / Navigational Head Terms,/google-business-profile-management-tool/,Product Landing,BOFU,5,High,P3,0.18
google my business listing benefits,,10,,Core / Navigational Head Terms,/google-business-profile-management-tool/,Product Landing,BOFU,5,High,P3,0.18
google my business listing example,,10,,Core / Navigational Head Terms,/google-business-profile-management-tool/,Product Landing,BOFU,5,High,P3,0.18
google my business listing guidelines,,10,,Core / Navigational Head Terms,/google-business-profile-management-tool/,Product Landing,BOFU,5,High,P3,0.18
google my business listing search,,10,,Core / Navigational Head Terms,/google-business-profile-management-tool/,Product Landing,BOFU,5,High,P3,0.18
google my business local guide,,10,,Core / Navigational Head Terms,/google-business-profile-management-tool/,Product Landing,BOFU,5,High,P3,0.18
google my business local listing,,10,,Core / Navigational Head Terms,/google-business-profile-management-tool/,Product Landing,BOFU,5,High,P3,0.18
google my business local pack,,10,,Core / Navigational Head Terms,/google-business-profile-management-tool/,Product Landing,BOFU,5,High,P3,0.18
google my business local search,,10,,Core / Navigational Head Terms,/google-business-profile-management-tool/,Product Landing,BOFU,5,High,P3,0.18
google my business location id,,10,,Core / Navigational Head Terms,/google-business-profile-management-tool/,Product Landing,BOFU,5,High,P3,0.18
google my business location verification,,10,,Verification / Code / Postcard,/guides/google-business-profile-verification/,Guide,MOFU,5,High,P3,0.18
google my business management tool,,10,,Management Service / Agency,/google-business-profile-management-tool/,Product Landing,BOFU,5,High,P3,0.18
google my business marketing agency,,10,,Management Service / Agency,/google-my-business-management-service/,Service Landing,BOFU,5,High,P3,0.18
google my business marketing service,,10,,Management Service / Agency,/google-business-profile-management-tool/,Product Landing,BOFU,5,High,P3,0.18
google my business merge listings,,10,,Core / Navigational Head Terms,/google-business-profile-management-tool/,Product Landing,BOFU,5,High,P3,0.18
google my business messaging tool,,10,,Management Service / Agency,/google-business-profile-management-tool/,Product Landing,BOFU,5,High,P3,0.18
google my business multiple businesses,,10,,Core / Navigational Head Terms,/google-business-profile-management-tool/,Product Landing,BOFU,5,High,P3,0.18
google my business multiple languages,,10,,Core / Navigational Head Terms,/google-business-profile-management-tool/,Product Landing,BOFU,5,High,P3,0.18
google my business new features,,10,,Core / Navigational Head Terms,/google-business-profile-management-tool/,Product Landing,BOFU,5,High,P3,0.18
google my business number,,10,,Core / Navigational Head Terms,/google-business-profile-management-tool/,Product Landing,BOFU,5,High,P3,0.18
google my business online business,,10,,Core / Navigational Head Terms,/google-business-profile-management-tool/,Product Landing,BOFU,5,High,P3,0.18
google my business optimisation checklist,,10,,Optimization / SEO / Ranking,/guides/google-business-profile-optimization-checklist/,Pillar Guide,MOFU,5,High,P3,0.18
google my business optimization pricing,,10,,Optimization / SEO / Ranking,/guides/google-business-profile-optimization-checklist/,Pillar Guide,MOFU,5,High,P3,0.18
google my business page examples,,10,,Core / Navigational Head Terms,/google-business-profile-management-tool/,Product Landing,BOFU,5,High,P3,0.18
google my business page optimization,,10,,Optimization / SEO / Ranking,/guides/google-business-profile-optimization-checklist/,Pillar Guide,MOFU,5,High,P3,0.18
google my business page url,,10,,Core / Navigational Head Terms,/google-business-profile-management-tool/,Product Landing,BOFU,5,High,P3,0.18
google my business partners program,,10,,Core / Navigational Head Terms,/google-business-profile-management-tool/,Product Landing,BOFU,5,High,P3,0.18
google my business payment methods,,10,,Core / Navigational Head Terms,/google-business-profile-management-tool/,Product Landing,BOFU,5,High,P3,0.18
google my business pending review,,10,,Reviews / Ratings / Reply,/features/google-review-management/,Feature Landing,BOFU,5,High,P3,0.18
google my business permanently closed,,10,,Core / Navigational Head Terms,/google-business-profile-management-tool/,Product Landing,BOFU,5,High,P3,0.18
google my business place id finder,,10,,Core / Navigational Head Terms,/google-business-profile-management-tool/,Product Landing,BOFU,5,High,P3,0.18
google my business posts api,,10,,Google Posts / Offers / Updates,/features/google-posts-scheduler/,Feature Landing,BOFU,5,High,P3,0.18
google my business preview,,10,,Core / Navigational Head Terms,/google-business-profile-management-tool/,Product Landing,BOFU,5,High,P3,0.18
google my business product catalog,,10,,Google Posts / Offers / Updates,/features/google-posts-scheduler/,Feature Landing,BOFU,5,High,P3,0.18
google my business product listings,,10,,Google Posts / Offers / Updates,/features/google-posts-scheduler/,Feature Landing,BOFU,5,High,P3,0.18
google my business products,,10,,Google Posts / Offers / Updates,/features/google-posts-scheduler/,Feature Landing,BOFU,5,High,P3,0.18
google my business products and services,,10,,Google Posts / Offers / Updates,/features/google-posts-scheduler/,Feature Landing,BOFU,5,High,P3,0.18
google my business quora,,10,,Core / Navigational Head Terms,/google-business-profile-management-tool/,Product Landing,BOFU,5,High,P3,0.18
google my business restaurants,,10,,Core / Navigational Head Terms,/google-business-profile-management-tool/,Product Landing,BOFU,5,High,P3,0.18
google my business results,,10,,Core / Navigational Head Terms,/google-business-profile-management-tool/,Product Landing,BOFU,5,High,P3,0.18
google my business reviews embed,,10,,Reviews / Ratings / Reply,/features/google-review-management/,Feature Landing,BOFU,5,High,P3,0.18
google my business reviews from the web,,10,,Reviews / Ratings / Reply,/features/google-review-management/,Feature Landing,BOFU,5,High,P3,0.18
google my business schedule posts,,10,,Google Posts / Offers / Updates,/features/google-posts-scheduler/,Feature Landing,BOFU,5,High,P3,0.18
google my business scheduled posts,,10,,Google Posts / Offers / Updates,/features/google-posts-scheduler/,Feature Landing,BOFU,5,High,P3,0.18
google my business scheduler,,10,,Core / Navigational Head Terms,/google-business-profile-management-tool/,Product Landing,BOFU,5,High,P3,0.18
google my business secrets,,10,,Core / Navigational Head Terms,/google-business-profile-management-tool/,Product Landing,BOFU,5,High,P3,0.18
google my business seminar,,10,,Core / Navigational Head Terms,/google-business-profile-management-tool/,Product Landing,BOFU,5,High,P3,0.18
google my business settings,,10,,Core / Navigational Head Terms,/google-business-profile-management-tool/,Product Landing,BOFU,5,High,P3,0.18
google my business shopify,,10,,Core / Navigational Head Terms,/google-business-profile-management-tool/,Product Landing,BOFU,5,High,P3,0.18
google my business signals,,10,,Core / Navigational Head Terms,/google-business-profile-management-tool/,Product Landing,BOFU,5,High,P3,0.18
google my business step by step,,10,,Core / Navigational Head Terms,/google-business-profile-management-tool/,Product Landing,BOFU,5,High,P3,0.18
google my business telephone number,,10,,Core / Navigational Head Terms,/google-business-profile-management-tool/,Product Landing,BOFU,5,High,P3,0.18
google my business test,,10,,Core / Navigational Head Terms,/google-business-profile-management-tool/,Product Landing,BOFU,5,High,P3,0.18
google my business training guide,,10,,Core / Navigational Head Terms,/google-business-profile-management-tool/,Product Landing,BOFU,5,High,P3,0.18
google my business trusted verifier,,10,,Core / Navigational Head Terms,/google-business-profile-management-tool/,Product Landing,BOFU,5,High,P3,0.18
google my business twitter,,10,,Core / Navigational Head Terms,/google-business-profile-management-tool/,Product Landing,BOFU,5,High,P3,0.18
google my business two locations,,10,,Core / Navigational Head Terms,/google-business-profile-management-tool/,Product Landing,BOFU,5,High,P3,0.18
google my business update address,,10,,Google Posts / Offers / Updates,/features/google-posts-scheduler/,Feature Landing,BOFU,5,High,P3,0.18
google my business verify by phone,,10,,Verification / Code / Postcard,/guides/google-business-profile-verification/,Guide,MOFU,5,High,P3,0.18
google my business verify now,,10,,Verification / Code / Postcard,/guides/google-business-profile-verification/,Guide,MOFU,5,High,P3,0.18
google my business views,,10,,Core / Navigational Head Terms,/google-business-profile-management-tool/,Product Landing,BOFU,5,High,P3,0.18
google my business white label,,10,,Core / Navigational Head Terms,/google-business-profile-management-tool/,Product Landing,BOFU,5,High,P3,0.18
google my business wikipedia,,10,,Core / Navigational Head Terms,/google-business-profile-management-tool/,Product Landing,BOFU,5,High,P3,0.18
google my business with multiple locations,,10,,Core / Navigational Head Terms,/google-business-profile-management-tool/,Product Landing,BOFU,5,High,P3,0.18
google places vs google my business,,10,,Core / Navigational Head Terms,/google-business-profile-management-tool/,Product Landing,BOFU,5,High,P3,0.18
google search console vs google my business,,10,,Core / Navigational Head Terms,/google-business-profile-management-tool/,Product Landing,BOFU,5,High,P3,0.18
google verify my business phone number,,10,,Verification / Code / Postcard,/guides/google-business-profile-verification/,Guide,MOFU,5,High,P3,0.18
google verify my business verification code,,10,,Verification / Code / Postcard,/guides/google-business-profile-verification/,Guide,MOFU,5,High,P3,0.18
how can a google my business location can be verified,,10,,Verification / Code / Postcard,/guides/google-business-profile-verification/,Guide,MOFU,5,High,P3,0.18
how to add google my business reviews to website,,10,,Reviews / Ratings / Reply,/features/google-review-management/,Feature Landing,BOFU,5,High,P3,0.18
how to check google my business,,10,,Core / Navigational Head Terms,/google-business-profile-management-tool/,Product Landing,BOFU,5,High,P3,0.18
how to delete google my business permanently,,10,,Suspension / Reinstatement / Delete,/google-business-profile-management-tool/,Product Landing,BOFU,5,High,P3,0.18
how to delete pictures from google my business,,10,,Suspension / Reinstatement / Delete,/google-business-profile-management-tool/,Product Landing,BOFU,5,High,P3,0.18
how to do google my business,,10,,Core / Navigational Head Terms,/google-business-profile-management-tool/,Product Landing,BOFU,5,High,P3,0.18
how to find google my business page url,,10,,Core / Navigational Head Terms,/google-business-profile-management-tool/,Product Landing,BOFU,5,High,P3,0.18
how to get google my business reviews,,10,,Reviews / Ratings / Reply,/features/google-review-management/,Feature Landing,BOFU,5,High,P3,0.18
how to get store code in google my business,,10,,Verification / Code / Postcard,/guides/google-business-profile-verification/,Guide,MOFU,5,High,P3,0.18
how to improve google my business,,10,,Optimization / SEO / Ranking,/guides/google-business-profile-optimization-checklist/,Pillar Guide,MOFU,5,High,P3,0.18
how to improve google my business listing,,10,,Optimization / SEO / Ranking,/guides/google-business-profile-optimization-checklist/,Pillar Guide,MOFU,5,High,P3,0.18
how to improve my business listing on google,,10,,Optimization / SEO / Ranking,/guides/google-business-profile-optimization-checklist/,Pillar Guide,MOFU,5,High,P3,0.18
how to increase google my business ranking,,10,,Optimization / SEO / Ranking,/guides/google-business-profile-optimization-checklist/,Pillar Guide,MOFU,5,High,P3,0.18
how to increase google my business reviews,,10,,Reviews / Ratings / Reply,/features/google-review-management/,Feature Landing,BOFU,5,High,P3,0.18
how to list google my business,,10,,Core / Navigational Head Terms,/google-business-profile-management-tool/,Product Landing,BOFU,5,High,P3,0.18
how to list on google my business,,10,,Core / Navigational Head Terms,/google-business-profile-management-tool/,Product Landing,BOFU,5,High,P3,0.18
how to make money with google my business,,10,,Core / Navigational Head Terms,/google-business-profile-management-tool/,Product Landing,BOFU,5,High,P3,0.18
how to merge two google my business pages,,10,,Core / Navigational Head Terms,/google-business-profile-management-tool/,Product Landing,BOFU,5,High,P3,0.18
how to open google my business,,10,,Setup / Add / Create / Register,/google-business-profile-management-tool/,Product Landing,BOFU,5,High,P3,0.18
how to optimise google my business listing,,10,,Optimization / SEO / Ranking,/guides/google-business-profile-optimization-checklist/,Pillar Guide,MOFU,5,High,P3,0.18
how to optimize your google my business listing,,10,,Optimization / SEO / Ranking,/guides/google-business-profile-optimization-checklist/,Pillar Guide,MOFU,5,High,P3,0.18
how to rank up in google my business,,10,,Optimization / SEO / Ranking,/guides/google-business-profile-optimization-checklist/,Pillar Guide,MOFU,5,High,P3,0.18
how to remove a google my business listing,,10,,Suspension / Reinstatement / Delete,/google-business-profile-management-tool/,Product Landing,BOFU,5,High,P3,0.18
how to remove a review from google my business,,10,,Suspension / Reinstatement / Delete,/guides/remove-bad-google-reviews/,Troubleshooting Guide,MOFU,5,High,P3,0.18
how to remove google my business,,10,,Suspension / Reinstatement / Delete,/google-business-profile-management-tool/,Product Landing,BOFU,5,High,P3,0.18
how to update my google business listing,,10,,Google Posts / Offers / Updates,/features/google-posts-scheduler/,Feature Landing,BOFU,5,High,P3,0.18
how to use google my business for seo,,10,,Optimization / SEO / Ranking,/guides/google-business-profile-optimization-checklist/,Pillar Guide,MOFU,5,High,P3,0.18
how to verify google my business instantly,,10,,Verification / Code / Postcard,/guides/google-business-profile-verification/,Guide,MOFU,5,High,P3,0.18
https www google com verify my business,,10,,Verification / Code / Postcard,/guides/google-business-profile-verification/,Guide,MOFU,5,High,P3,0.18
install google my business,,10,,Core / Navigational Head Terms,/google-business-profile-management-tool/,Product Landing,BOFU,5,High,P3,0.18
link google ads to google my business,,10,,Core / Navigational Head Terms,/google-business-profile-management-tool/,Product Landing,BOFU,5,High,P3,0.18
link google my business to facebook,,10,,Core / Navigational Head Terms,/google-business-profile-management-tool/,Product Landing,BOFU,5,High,P3,0.18
link google my business to google ads,,10,,Core / Navigational Head Terms,/google-business-profile-management-tool/,Product Landing,BOFU,5,High,P3,0.18
make money with google my business,,10,,Core / Navigational Head Terms,/google-business-profile-management-tool/,Product Landing,BOFU,5,High,P3,0.18
manage google my business locations,,10,,Management Service / Agency,/google-business-profile-management-tool/,Product Landing,BOFU,5,High,P3,0.18
manage locations google my business,,10,,Management Service / Agency,/google-business-profile-management-tool/,Product Landing,BOFU,5,High,P3,0.18
manage multiple google my business accounts,,10,,Management Service / Agency,/google-business-profile-management-tool/,Product Landing,BOFU,5,High,P3,0.18
merge google my business listings,,10,,Core / Navigational Head Terms,/google-business-profile-management-tool/,Product Landing,BOFU,5,High,P3,0.18
merge two google my business listings,,10,,Core / Navigational Head Terms,/google-business-profile-management-tool/,Product Landing,BOFU,5,High,P3,0.18
multiple locations google my business,,10,,Core / Navigational Head Terms,/google-business-profile-management-tool/,Product Landing,BOFU,5,High,P3,0.18
neil patel google my business,,10,,Core / Navigational Head Terms,/google-business-profile-management-tool/,Product Landing,BOFU,5,High,P3,0.18
online business google my business,,10,,Core / Navigational Head Terms,/google-business-profile-management-tool/,Product Landing,BOFU,5,High,P3,0.18
post google my business,,10,,Google Posts / Offers / Updates,/features/google-posts-scheduler/,Feature Landing,BOFU,5,High,P3,0.18
remove google my business listing,,10,,Suspension / Reinstatement / Delete,/google-business-profile-management-tool/,Product Landing,BOFU,5,High,P3,0.18
remove pictures from google my business,,10,,Suspension / Reinstatement / Delete,/google-business-profile-management-tool/,Product Landing,BOFU,5,High,P3,0.18
review link google my business,,10,,Reviews / Ratings / Reply,/guides/google-my-business-review-link/,Guide,MOFU,5,High,P3,0.18
seo for google my business,,10,,Optimization / SEO / Ranking,/guides/google-business-profile-optimization-checklist/,Pillar Guide,MOFU,5,High,P3,0.18
seo local google my business,,10,,Optimization / SEO / Ranking,/guides/google-business-profile-optimization-checklist/,Pillar Guide,MOFU,5,High,P3,0.18
share google my business review link,,10,,Reviews / Ratings / Reply,/guides/google-my-business-review-link/,Guide,MOFU,5,High,P3,0.18
share review link google my business,,10,,Reviews / Ratings / Reply,/guides/google-my-business-review-link/,Guide,MOFU,5,High,P3,0.18
tips for google my business,,10,,Core / Navigational Head Terms,/google-business-profile-management-tool/,Product Landing,BOFU,5,High,P3,0.18
turn off google my business,,10,,Core / Navigational Head Terms,/google-business-profile-management-tool/,Product Landing,BOFU,5,High,P3,0.18
udemy google my business,,10,,Core / Navigational Head Terms,/google-business-profile-management-tool/,Product Landing,BOFU,5,High,P3,0.18
verify google my business without postcard,,10,,Verification / Code / Postcard,/guides/google-business-profile-verification/,Guide,MOFU,5,High,P3,0.18
virtual office for google my business,,10,,Core / Navigational Head Terms,/google-business-profile-management-tool/,Product Landing,BOFU,5,High,P3,0.18
welcome offer google my business,,10,,Google Posts / Offers / Updates,/features/google-posts-scheduler/,Feature Landing,BOFU,5,High,P3,0.18
what is a google my business page,,10,,Core / Navigational Head Terms,/google-business-profile-management-tool/,Product Landing,BOFU,5,High,P3,0.18
what is a store code in google my business,,10,,Verification / Code / Postcard,/guides/google-business-profile-verification/,Guide,MOFU,5,High,P3,0.18
what is store code google my business,,10,,Verification / Code / Postcard,/guides/google-business-profile-verification/,Guide,MOFU,5,High,P3,0.18
where do i enter my google business verification code,,10,,Verification / Code / Postcard,/guides/google-business-profile-verification/,Guide,MOFU,5,High,P3,0.18
where do i enter my verification code for google business,,10,,Verification / Code / Postcard,/guides/google-business-profile-verification/,Guide,MOFU,5,High,P3,0.18
why is google my business important,,10,,Core / Navigational Head Terms,/google-business-profile-management-tool/,Product Landing,BOFU,5,High,P3,0.18
add a business to google my business,,10,,Setup / Add / Create / Register,/guides/add-business-to-google-maps/,Guide,TOFU,4,High,P3,0.16
add menu to google my business,,10,,Google Posts / Offers / Updates,/guides/add-business-to-google-maps/,Guide,TOFU,4,High,P3,0.16
add multiple locations to google my business,,10,,Setup / Add / Create / Register,/guides/add-business-to-google-maps/,Guide,TOFU,4,High,P3,0.16
add my business address to google maps,,10,,Categories / Services / Description,/guides/add-business-to-google-maps/,Guide,TOFU,4,High,P3,0.16
add my business location to google maps,,10,,Setup / Add / Create / Register,/guides/add-business-to-google-maps/,Guide,TOFU,4,High,P3,0.16
add my business to google local,,10,,Setup / Add / Create / Register,/guides/add-business-to-google-maps/,Guide,TOFU,4,High,P3,0.16
add my business to google search,,10,,Setup / Add / Create / Register,/guides/add-business-to-google-maps/,Guide,TOFU,4,High,P3,0.16
add services to google my business,,10,,Categories / Services / Description,/guides/add-business-to-google-maps/,Guide,TOFU,4,High,P3,0.16
add social links to google my business,,10,,Setup / Add / Create / Register,/guides/add-business-to-google-maps/,Guide,TOFU,4,High,P3,0.16
best image size for google my business post,,10,,Google Posts / Offers / Updates,/guides/google-business-profile-posts-examples/,Guide,TOFU,4,High,P3,0.16
business description for google my business,,10,,Categories / Services / Description,/guides/google-business-profile-description-examples/,Guide,TOFU,4,High,P3,0.16
create location group google my business,,10,,Setup / Add / Create / Register,/guides/add-business-to-google-maps/,Guide,TOFU,4,High,P3,0.16
give access to google my business,,10,,Ownership / Access / Transfer,/guides/google-business-profile-ownership-transfer/,Guide,TOFU,4,High,P3,0.16
google analytics for my business,,10,,API / Analytics / Insights,/features/google-business-profile-reporting/,Feature Landing,BOFU,4,High,P3,0.16
google my business access request,,10,,Ownership / Access / Transfer,/guides/google-business-profile-ownership-transfer/,Guide,TOFU,4,High,P3,0.16
google my business add business,,10,,Setup / Add / Create / Register,/guides/add-business-to-google-maps/,Guide,TOFU,4,High,P3,0.16
google my business add photos,,10,,Photos / Logo / Cover / Videos,/guides/add-business-to-google-maps/,Guide,TOFU,4,High,P3,0.16
google my business add products,,10,,Google Posts / Offers / Updates,/guides/add-business-to-google-maps/,Guide,TOFU,4,High,P3,0.16
google my business analytics,,10,,API / Analytics / Insights,/features/google-business-profile-reporting/,Feature Landing,BOFU,4,High,P3,0.16
google my business api,,10,,API / Analytics / Insights,/features/google-business-profile-reporting/,Feature Landing,BOFU,4,High,P3,0.16
google my business api documentation,,10,,API / Analytics / Insights,/features/google-business-profile-reporting/,Feature Landing,BOFU,4,High,P3,0.16
google my business api github,,10,,API / Analytics / Insights,/features/google-business-profile-reporting/,Feature Landing,BOFU,4,High,P3,0.16
google my business business categories,,10,,Categories / Services / Description,/guides/google-business-profile-categories-list/,Guide,TOFU,4,High,P3,0.16
google my business categories list 2017,,10,,Categories / Services / Description,/guides/google-business-profile-categories-list/,Guide,TOFU,4,High,P3,0.16
google my business create website,,10,,Categories / Services / Description,/guides/add-business-to-google-maps/,Guide,TOFU,4,High,P3,0.16
google my business description character limit,,10,,Categories / Services / Description,/guides/google-business-profile-description-examples/,Guide,TOFU,4,High,P3,0.16
google my business description examples,,10,,Categories / Services / Description,/guides/google-business-profile-description-examples/,Guide,TOFU,4,High,P3,0.16
google my business description length,,10,,Categories / Services / Description,/guides/google-business-profile-description-examples/,Guide,TOFU,4,High,P3,0.16
google my business insights report,,10,,API / Analytics / Insights,/features/google-business-profile-reporting/,Feature Landing,BOFU,4,High,P3,0.16
google my business manage users,,10,,Management Service / Agency,/guides/google-business-profile-ownership-transfer/,Guide,TOFU,4,High,P3,0.16
google my business primary category,,10,,Categories / Services / Description,/guides/google-business-profile-categories-list/,Guide,TOFU,4,High,P3,0.16
google my business request access,,10,,Ownership / Access / Transfer,/guides/google-business-profile-ownership-transfer/,Guide,TOFU,4,High,P3,0.16
google my business service area,,10,,Categories / Services / Description,/guides/google-my-business-services/,Guide,TOFU,4,High,P3,0.16
google my business service area radius,,10,,Categories / Services / Description,/guides/google-my-business-services/,Guide,TOFU,4,High,P3,0.16
google my business services list,,10,,Categories / Services / Description,/guides/google-my-business-services/,Guide,TOFU,4,High,P3,0.16
google my business services not showing,,10,,Categories / Services / Description,/guides/google-my-business-services/,Guide,TOFU,4,High,P3,0.16
google places register my business,,10,,Setup / Add / Create / Register,/guides/add-business-to-google-maps/,Guide,TOFU,4,High,P3,0.16
grant access to google my business,,10,,Ownership / Access / Transfer,/guides/google-business-profile-ownership-transfer/,Guide,TOFU,4,High,P3,0.16
how can i add my business to google search,,10,,Setup / Add / Create / Register,/guides/add-business-to-google-maps/,Guide,TOFU,4,High,P3,0.16
how do i add my business to google,,10,,Setup / Add / Create / Register,/guides/add-business-to-google-maps/,Guide,TOFU,4,High,P3,0.16
how do i add my business to google places,,10,,Setup / Add / Create / Register,/guides/add-business-to-google-maps/,Guide,TOFU,4,High,P3,0.16
how do i add my business to google search engine,,10,,Setup / Add / Create / Register,/guides/add-business-to-google-maps/,Guide,TOFU,4,High,P3,0.16
how do i add photos to my google business page,,10,,Photos / Logo / Cover / Videos,/guides/add-business-to-google-maps/,Guide,TOFU,4,High,P3,0.16
how do i claim my business on google,,10,,Setup / Add / Create / Register,/guides/google-business-profile-ownership-transfer/,Guide,TOFU,4,High,P3,0.16
how do i register my business on google search,,10,,Setup / Add / Create / Register,/guides/add-business-to-google-maps/,Guide,TOFU,4,High,P3,0.16
how to add a location on google my business,,10,,Setup / Add / Create / Register,/guides/add-business-to-google-maps/,Guide,TOFU,4,High,P3,0.16
how to add business to google my business,,10,,Setup / Add / Create / Register,/guides/add-business-to-google-maps/,Guide,TOFU,4,High,P3,0.16
how to add facebook profile in google my business,,10,,Setup / Add / Create / Register,/guides/add-business-to-google-maps/,Guide,TOFU,4,High,P3,0.16
how to add google my business to google ads,,10,,Setup / Add / Create / Register,/guides/add-business-to-google-maps/,Guide,TOFU,4,High,P3,0.16
how to add google my business to website,,10,,Categories / Services / Description,/guides/add-business-to-google-maps/,Guide,TOFU,4,High,P3,0.16
how to add labels in google my business,,10,,Setup / Add / Create / Register,/guides/add-business-to-google-maps/,Guide,TOFU,4,High,P3,0.16
how to add logo in google my business,,10,,Photos / Logo / Cover / Videos,/guides/add-business-to-google-maps/,Guide,TOFU,4,High,P3,0.16
how to add manager to google my business,,10,,Management Service / Agency,/guides/add-business-to-google-maps/,Guide,TOFU,4,High,P3,0.16
how to add my business in google search,,10,,Setup / Add / Create / Register,/guides/add-business-to-google-maps/,Guide,TOFU,4,High,P3,0.16
how to add my business to google places,,10,,Setup / Add / Create / Register,/guides/add-business-to-google-maps/,Guide,TOFU,4,High,P3,0.16
how to add services to google my business,,10,,Categories / Services / Description,/guides/add-business-to-google-maps/,Guide,TOFU,4,High,P3,0.16
how to add social profiles to google my business,,10,,Setup / Add / Create / Register,/guides/add-business-to-google-maps/,Guide,TOFU,4,High,P3,0.16
how to add website in google my business,,10,,Categories / Services / Description,/guides/add-business-to-google-maps/,Guide,TOFU,4,High,P3,0.16
how to add website to google my business,,10,,Categories / Services / Description,/guides/add-business-to-google-maps/,Guide,TOFU,4,High,P3,0.16
how to add your business to google my business,,10,,Setup / Add / Create / Register,/guides/add-business-to-google-maps/,Guide,TOFU,4,High,P3,0.16
how to claim a google my business listing,,10,,Setup / Add / Create / Register,/guides/google-business-profile-ownership-transfer/,Guide,TOFU,4,High,P3,0.16
how to claim my business on google,,10,,Setup / Add / Create / Register,/guides/google-business-profile-ownership-transfer/,Guide,TOFU,4,High,P3,0.16
how to create a link to my google business page,,10,,Setup / Add / Create / Register,/guides/add-business-to-google-maps/,Guide,TOFU,4,High,P3,0.16
how to create google my business website,,10,,Categories / Services / Description,/guides/add-business-to-google-maps/,Guide,TOFU,4,High,P3,0.16
how to get access to google my business,,10,,Ownership / Access / Transfer,/guides/google-business-profile-ownership-transfer/,Guide,TOFU,4,High,P3,0.16
how to grant access to google my business,,10,,Ownership / Access / Transfer,/guides/google-business-profile-ownership-transfer/,Guide,TOFU,4,High,P3,0.16
how to put my business on google search,,10,,Setup / Add / Create / Register,/guides/add-business-to-google-maps/,Guide,TOFU,4,High,P3,0.16
how to register a business on google my business,,10,,Setup / Add / Create / Register,/guides/add-business-to-google-maps/,Guide,TOFU,4,High,P3,0.16
how to share access to google my business,,10,,Ownership / Access / Transfer,/guides/google-business-profile-ownership-transfer/,Guide,TOFU,4,High,P3,0.16
how to share google my business access,,10,,Ownership / Access / Transfer,/guides/google-business-profile-ownership-transfer/,Guide,TOFU,4,High,P3,0.16
how to transfer google my business ownership,,10,,Ownership / Access / Transfer,/guides/google-business-profile-ownership-transfer/,Guide,TOFU,4,High,P3,0.16
register my business on google search,,10,,Setup / Add / Create / Register,/guides/add-business-to-google-maps/,Guide,TOFU,4,High,P3,0.16
request ownership of google my business,,10,,Ownership / Access / Transfer,/guides/google-business-profile-ownership-transfer/,Guide,TOFU,4,High,P3,0.16
share google my business access,,10,,Ownership / Access / Transfer,/guides/google-business-profile-ownership-transfer/,Guide,TOFU,4,High,P3,0.16
transfer ownership of google my business,,10,,Ownership / Access / Transfer,/guides/google-business-profile-ownership-transfer/,Guide,TOFU,4,High,P3,0.16
change address google my business,,10,,Categories / Services / Description,/guides/edit-google-business-profile/,Guide,TOFU,3,High,P3,0.14
change cover photo google my business,,10,,Photos / Logo / Cover / Videos,/guides/google-business-profile-photo-size/,Guide,TOFU,3,High,P3,0.14
change google my business name,,10,,Core / Navigational Head Terms,/guides/edit-google-business-profile/,Guide,TOFU,3,High,P3,0.14
change my business address on google maps,,10,,Categories / Services / Description,/guides/edit-google-business-profile/,Guide,TOFU,3,High,P3,0.14
cover photo size for google my business,,10,,Photos / Logo / Cover / Videos,/guides/google-business-profile-photo-size/,Guide,TOFU,3,High,P3,0.14
edit my google business listing,,10,,Other / Long-tail,/guides/edit-google-business-profile/,Guide,TOFU,3,High,P3,0.14
edit my google business page,,10,,Other / Long-tail,/guides/edit-google-business-profile/,Guide,TOFU,3,High,P3,0.14
edit my google business website,,10,,Categories / Services / Description,/guides/edit-google-business-profile/,Guide,TOFU,3,High,P3,0.14
free google my business listing,,10,,Free / Cost / Pricing,/guides/is-google-my-business-free/,Guide,TOFU,3,High,P3,0.14
google maps shows wrong address for my business,,10,,Categories / Services / Description,/guides/edit-google-business-profile/,Guide,TOFU,3,High,P3,0.14
google my business 360 photos,,10,,Photos / Logo / Cover / Videos,/guides/google-business-profile-photo-size/,Guide,TOFU,3,High,P3,0.14
google my business change logo,,10,,Photos / Logo / Cover / Videos,/guides/google-my-business-logo-size/,Guide,TOFU,3,High,P3,0.14
google my business change primary owner,,10,,Ownership / Access / Transfer,/guides/edit-google-business-profile/,Guide,TOFU,3,High,P3,0.14
google my business charges,,10,,Free / Cost / Pricing,/guides/is-google-my-business-free/,Guide,TOFU,3,High,P3,0.14
google my business cover photo not showing,,10,,Photos / Logo / Cover / Videos,/guides/google-business-profile-photo-size/,Guide,TOFU,3,High,P3,0.14
google my business cover photo not updating,,10,,Photos / Logo / Cover / Videos,/guides/google-business-profile-photo-size/,Guide,TOFU,3,High,P3,0.14
google my business free online advertising,,10,,Free / Cost / Pricing,/guides/is-google-my-business-free/,Guide,TOFU,3,High,P3,0.14
google my business logo vector,,10,,Photos / Logo / Cover / Videos,/guides/google-my-business-logo-size/,Guide,TOFU,3,High,P3,0.14
google my business mailing address,,10,,Categories / Services / Description,/guides/edit-google-business-profile/,Guide,TOFU,3,High,P3,0.14
google my business multiple businesses same address,,10,,Categories / Services / Description,/guides/edit-google-business-profile/,Guide,TOFU,3,High,P3,0.14
google my business phone number usa,,10,,Categories / Services / Description,/guides/edit-google-business-profile/,Guide,TOFU,3,High,P3,0.14
google my business remove address,,10,,Suspension / Reinstatement / Delete,/guides/edit-google-business-profile/,Guide,TOFU,3,High,P3,0.14
google my business special hours,,10,,Categories / Services / Description,/guides/google-business-profile-hours/,Guide,TOFU,3,High,P3,0.14
google my business suggest an edit,,10,,Core / Navigational Head Terms,/guides/edit-google-business-profile/,Guide,TOFU,3,High,P3,0.14
google my business video format,,10,,Photos / Logo / Cover / Videos,/guides/google-business-profile-photo-size/,Guide,TOFU,3,High,P3,0.14
google my business video requirements,,10,,Photos / Logo / Cover / Videos,/guides/google-business-profile-photo-size/,Guide,TOFU,3,High,P3,0.14
google my business video size limit,,10,,Photos / Logo / Cover / Videos,/guides/google-business-profile-photo-size/,Guide,TOFU,3,High,P3,0.14
google my business video upload,,10,,Photos / Logo / Cover / Videos,/guides/google-business-profile-photo-size/,Guide,TOFU,3,High,P3,0.14
google my business website builder,,10,,Categories / Services / Description,/guides/edit-google-business-profile/,Guide,TOFU,3,High,P3,0.14
google my business website link,,10,,Categories / Services / Description,/guides/edit-google-business-profile/,Guide,TOFU,3,High,P3,0.14
how can i change my business address on google,,10,,Categories / Services / Description,/guides/edit-google-business-profile/,Guide,TOFU,3,High,P3,0.14
how do i advertise my business on google for free,,10,,Free / Cost / Pricing,/guides/is-google-my-business-free/,Guide,TOFU,3,High,P3,0.14
how do i change my business photo on google search,,10,,Photos / Logo / Cover / Videos,/guides/google-business-profile-photo-size/,Guide,TOFU,3,High,P3,0.14
how do i change my google business address,,10,,Categories / Services / Description,/guides/edit-google-business-profile/,Guide,TOFU,3,High,P3,0.14
how do i change my google business phone number,,10,,Categories / Services / Description,/guides/edit-google-business-profile/,Guide,TOFU,3,High,P3,0.14
how to answer questions on google my business,,10,,Core / Navigational Head Terms,/guides/google-business-profile-questions-and-answers/,Guide,TOFU,3,High,P3,0.14
how to change google my business,,10,,Core / Navigational Head Terms,/guides/edit-google-business-profile/,Guide,TOFU,3,High,P3,0.14
how to change google my business address,,10,,Categories / Services / Description,/guides/edit-google-business-profile/,Guide,TOFU,3,High,P3,0.14
how to change logo in google my business,,10,,Photos / Logo / Cover / Videos,/guides/google-my-business-logo-size/,Guide,TOFU,3,High,P3,0.14
how to change my business address in google,,10,,Categories / Services / Description,/guides/edit-google-business-profile/,Guide,TOFU,3,High,P3,0.14
how to change my business location on google maps,,10,,Other / Long-tail,/guides/edit-google-business-profile/,Guide,TOFU,3,High,P3,0.14
how to change phone number in google my business,,10,,Categories / Services / Description,/guides/edit-google-business-profile/,Guide,TOFU,3,High,P3,0.14
how to change photo on google my business,,10,,Photos / Logo / Cover / Videos,/guides/google-business-profile-photo-size/,Guide,TOFU,3,High,P3,0.14
how to edit google my business website,,10,,Categories / Services / Description,/guides/edit-google-business-profile/,Guide,TOFU,3,High,P3,0.14
how to edit my business address on google,,10,,Categories / Services / Description,/guides/edit-google-business-profile/,Guide,TOFU,3,High,P3,0.14
how to edit my google business listing,,10,,Other / Long-tail,/guides/edit-google-business-profile/,Guide,TOFU,3,High,P3,0.14
i want to advertise my business for free on google,,10,,Free / Cost / Pricing,/guides/is-google-my-business-free/,Guide,TOFU,3,High,P3,0.14
i want to advertise my business on google for free,,10,,Free / Cost / Pricing,/guides/is-google-my-business-free/,Guide,TOFU,3,High,P3,0.14
is google my business is free,,10,,Free / Cost / Pricing,/guides/is-google-my-business-free/,Guide,TOFU,3,High,P3,0.14
link google my business to website,,10,,Categories / Services / Description,/guides/edit-google-business-profile/,Guide,TOFU,3,High,P3,0.14
logo size for google my business,,10,,Photos / Logo / Cover / Videos,/guides/google-my-business-logo-size/,Guide,TOFU,3,High,P3,0.14
photo size for google my business,,10,,Photos / Logo / Cover / Videos,/guides/google-business-profile-photo-size/,Guide,TOFU,3,High,P3,0.14
video on google my business,,10,,Photos / Logo / Cover / Videos,/guides/google-business-profile-photo-size/,Guide,TOFU,3,High,P3,0.14
virtual address for google my business,,10,,Categories / Services / Description,/guides/edit-google-business-profile/,Guide,TOFU,3,High,P3,0.14
website in google my business,,10,,Categories / Services / Description,/guides/edit-google-business-profile/,Guide,TOFU,3,High,P3,0.14
advertise my business on google,,10,,Other / Long-tail,/guides/google-business-profile-faq/,FAQ,TOFU,1,High,P3,0.11
call google my business,,10,,Support / Customer Care / Contact,/guides/google-business-profile-support/,Official Support Guide,TOFU,1,High,P3,0.11
can i remove my google business listing,,10,,Suspension / Reinstatement / Delete,/guides/google-business-profile-faq/,FAQ,TOFU,1,High,P3,0.11
close my google business account,,10,,Login / Account / App,/guides/google-business-profile-login/,Guide,TOFU,1,High,P3,0.11
delete my google my business account,,10,,Suspension / Reinstatement / Delete,/guides/google-business-profile-login/,Guide,TOFU,1,High,P3,0.11
download photos from google my business,,10,,Photos / Logo / Cover / Videos,/guides/google-business-profile-login/,Guide,TOFU,1,High,P3,0.11
get my business listed on google,,10,,Other / Long-tail,/guides/google-business-profile-faq/,FAQ,TOFU,1,High,P3,0.11
google co in my business,,10,,Other / Long-tail,/guides/google-business-profile-faq/,FAQ,TOFU,1,High,P3,0.11
google in my business,,10,,Other / Long-tail,/guides/google-business-profile-faq/,FAQ,TOFU,1,High,P3,0.11
google maps does not show my business,,10,,Other / Long-tail,/guides/google-business-profile-faq/,FAQ,TOFU,1,High,P3,0.11
google maps not showing my business,,10,,Other / Long-tail,/guides/google-business-profile-faq/,FAQ,TOFU,1,High,P3,0.11
google maps showing wrong location for my business,,10,,Other / Long-tail,/guides/google-business-profile-faq/,FAQ,TOFU,1,High,P3,0.11
google my business account sign in,,10,,Login / Account / App,/guides/google-business-profile-login/,Guide,TOFU,1,High,P3,0.11
google my business account sign up,,10,,Setup / Add / Create / Register,/guides/google-business-profile-login/,Guide,TOFU,1,High,P3,0.11
google my business account suspended,,10,,Suspension / Reinstatement / Delete,/guides/google-business-profile-login/,Guide,TOFU,1,High,P3,0.11
google my business brand account,,10,,Login / Account / App,/guides/google-business-profile-login/,Guide,TOFU,1,High,P3,0.11
google my business call number,,10,,Support / Customer Care / Contact,/guides/google-business-profile-support/,Official Support Guide,TOFU,1,High,P3,0.11
google my business contact details,,10,,Support / Customer Care / Contact,/guides/google-business-profile-support/,Official Support Guide,TOFU,1,High,P3,0.11
google my business contact number in india,,10,,Support / Customer Care / Contact,/guides/google-business-profile-support/,Official Support Guide,TOFU,1,High,P3,0.11
google my business contact telephone number,,10,,Support / Customer Care / Contact,/guides/google-business-profile-support/,Official Support Guide,TOFU,1,High,P3,0.11
google my business customer care india,,10,,Support / Customer Care / Contact,/guides/google-business-profile-support/,Official Support Guide,TOFU,1,High,P3,0.11
google my business customer support phone number,,10,,Categories / Services / Description,/guides/google-business-profile-support/,Official Support Guide,TOFU,1,High,P3,0.11
google my business help support,,10,,Support / Customer Care / Contact,/guides/google-business-profile-support/,Official Support Guide,TOFU,1,High,P3,0.11
google my business helpline india,,10,,Support / Customer Care / Contact,/guides/google-business-profile-support/,Official Support Guide,TOFU,1,High,P3,0.11
google my business live chat support,,10,,Support / Customer Care / Contact,/guides/google-business-profile-support/,Official Support Guide,TOFU,1,High,P3,0.11
google my business login india,,10,,Login / Account / App,/guides/google-business-profile-login/,Guide,TOFU,1,High,P3,0.11
google my business sign in page,,10,,Login / Account / App,/guides/google-business-profile-login/,Guide,TOFU,1,High,P3,0.11
google my business support contact number,,10,,Support / Customer Care / Contact,/guides/google-business-profile-support/,Official Support Guide,TOFU,1,High,P3,0.11
google my business support phone number,,10,,Categories / Services / Description,/guides/google-business-profile-support/,Official Support Guide,TOFU,1,High,P3,0.11
google my business suspended account,,10,,Suspension / Reinstatement / Delete,/guides/google-business-profile-login/,Guide,TOFU,1,High,P3,0.11
google my business toll free number,,10,,Support / Customer Care / Contact,/guides/google-business-profile-support/,Official Support Guide,TOFU,1,High,P3,0.11
google my business verification call,,10,,Verification / Code / Postcard,/guides/google-business-profile-support/,Official Support Guide,TOFU,1,High,P3,0.11
google my page business,,10,,Other / Long-tail,/guides/google-business-profile-faq/,FAQ,TOFU,1,High,P3,0.11
google removed my business listing,,10,,Other / Long-tail,/guides/google-business-profile-faq/,FAQ,TOFU,1,High,P3,0.11
google search engine for my business,,10,,Other / Long-tail,/guides/google-business-profile-faq/,FAQ,TOFU,1,High,P3,0.11
how advertise my business on google,,10,,Other / Long-tail,/guides/google-business-profile-faq/,FAQ,TOFU,1,High,P3,0.11
how can google ads help my business,,10,,Other / Long-tail,/guides/google-business-profile-faq/,FAQ,TOFU,1,High,P3,0.11
how can google help my business,,10,,Other / Long-tail,/guides/google-business-profile-faq/,FAQ,TOFU,1,High,P3,0.11
how do i advertise my business on google maps,,10,,Other / Long-tail,/guides/google-business-profile-faq/,FAQ,TOFU,1,High,P3,0.11
how do i create a google account for my business,,10,,Setup / Add / Create / Register,/guides/google-business-profile-login/,Guide,TOFU,1,High,P3,0.11
how do i find my google business url,,10,,Other / Long-tail,/guides/google-business-profile-faq/,FAQ,TOFU,1,High,P3,0.11
how do i get my business listed on google maps,,10,,Other / Long-tail,/guides/google-business-profile-faq/,FAQ,TOFU,1,High,P3,0.11
how do i get my business on google maps,,10,,Other / Long-tail,/guides/google-business-profile-faq/,FAQ,TOFU,1,High,P3,0.11
how do i place my business on google maps,,10,,Other / Long-tail,/guides/google-business-profile-faq/,FAQ,TOFU,1,High,P3,0.11
how do i remove my business listing from google,,10,,Suspension / Reinstatement / Delete,/guides/google-business-profile-faq/,FAQ,TOFU,1,High,P3,0.11
how do i tag my business on google maps,,10,,Other / Long-tail,/guides/google-business-profile-faq/,FAQ,TOFU,1,High,P3,0.11
how to advertise my business on google maps,,10,,Other / Long-tail,/guides/google-business-profile-faq/,FAQ,TOFU,1,High,P3,0.11
how to close my business on google,,10,,Other / Long-tail,/guides/google-business-profile-faq/,FAQ,TOFU,1,High,P3,0.11
how to contact google my business support,,10,,Support / Customer Care / Contact,/guides/google-business-profile-support/,Official Support Guide,TOFU,1,High,P3,0.11
how to contact google my business team,,10,,Support / Customer Care / Contact,/guides/google-business-profile-support/,Official Support Guide,TOFU,1,High,P3,0.11
how to delete my google business,,10,,Suspension / Reinstatement / Delete,/guides/google-business-profile-faq/,FAQ,TOFU,1,High,P3,0.11
how to delete photos from my google business account,,10,,Suspension / Reinstatement / Delete,/guides/google-business-profile-login/,Guide,TOFU,1,High,P3,0.11
how to download images from google my business,,10,,Photos / Logo / Cover / Videos,/guides/google-business-profile-login/,Guide,TOFU,1,High,P3,0.11
how to get my business on google first page,,10,,Other / Long-tail,/guides/google-business-profile-faq/,FAQ,TOFU,1,High,P3,0.11
how to get my business on google maps listing,,10,,Other / Long-tail,/guides/google-business-profile-faq/,FAQ,TOFU,1,High,P3,0.11
how to make my business on google maps,,10,,Other / Long-tail,/guides/google-business-profile-faq/,FAQ,TOFU,1,High,P3,0.11
how to make my business show up on google search,,10,,Other / Long-tail,/guides/google-business-profile-faq/,FAQ,TOFU,1,High,P3,0.11
how to manage my google business account,,10,,Management Service / Agency,/guides/google-business-profile-login/,Guide,TOFU,1,High,P3,0.11
how to open google my business account,,10,,Setup / Add / Create / Register,/guides/google-business-profile-login/,Guide,TOFU,1,High,P3,0.11
how to setup a google my business account,,10,,Setup / Add / Create / Register,/guides/google-business-profile-login/,Guide,TOFU,1,High,P3,0.11
how to share my google business page,,10,,Other / Long-tail,/guides/google-business-profile-faq/,FAQ,TOFU,1,High,P3,0.11
how to show my business on google search,,10,,Other / Long-tail,/guides/google-business-profile-faq/,FAQ,TOFU,1,High,P3,0.11
is google my business account free,,10,,Login / Account / App,/guides/google-business-profile-login/,Guide,TOFU,1,High,P3,0.11
login google my business account,,10,,Login / Account / App,/guides/google-business-profile-login/,Guide,TOFU,1,High,P3,0.11
manage my google business account,,10,,Management Service / Agency,/guides/google-business-profile-login/,Guide,TOFU,1,High,P3,0.11
my business does not show on google maps,,10,,Other / Long-tail,/guides/google-business-profile-faq/,FAQ,TOFU,1,High,P3,0.11
my business doesn t show up on google maps,,10,,Other / Long-tail,/guides/google-business-profile-faq/,FAQ,TOFU,1,High,P3,0.11
my business google contact,,10,,Support / Customer Care / Contact,/guides/google-business-profile-support/,Official Support Guide,TOFU,1,High,P3,0.11
my business is not showing up on google,,10,,Other / Long-tail,/guides/google-business-profile-faq/,FAQ,TOFU,1,High,P3,0.11
my business is not showing up on google maps,,10,,Other / Long-tail,/guides/google-business-profile-faq/,FAQ,TOFU,1,High,P3,0.11
my business page on google,,10,,Other / Long-tail,/guides/google-business-profile-faq/,FAQ,TOFU,1,High,P3,0.11
my business site google,,10,,Other / Long-tail,/guides/google-business-profile-faq/,FAQ,TOFU,1,High,P3,0.11
recover google my business account,,10,,Login / Account / App,/guides/google-business-profile-login/,Guide,TOFU,1,High,P3,0.11
show my business on google maps,,10,,Other / Long-tail,/guides/google-business-profile-faq/,FAQ,TOFU,1,High,P3,0.11
sign in to my google business account,,10,,Login / Account / App,/guides/google-business-profile-login/,Guide,TOFU,1,High,P3,0.11
sign into my google business account,,10,,Login / Account / App,/guides/google-business-profile-login/,Guide,TOFU,1,High,P3,0.11
transfer google my business to another account,,10,,Ownership / Access / Transfer,/guides/google-business-profile-login/,Guide,TOFU,1,High,P3,0.11
what is google my business app,,10,,Login / Account / App,/guides/google-business-profile-login/,Guide,TOFU,1,High,P3,0.11
why does my business not show on google,,10,,Other / Long-tail,/guides/google-business-profile-faq/,FAQ,TOFU,1,High,P3,0.11
why doesn t my business show on google maps,,10,,Other / Long-tail,/guides/google-business-profile-faq/,FAQ,TOFU,1,High,P3,0.11
why is my google business listing not showing,,10,,Other / Long-tail,/guides/google-business-profile-faq/,FAQ,TOFU,1,High,P3,0.11
why my business is not showing in google maps,,10,,Other / Long-tail,/guides/google-business-profile-faq/,FAQ,TOFU,1,High,P3,0.11
why my business is not showing on google maps,,10,,Other / Long-tail,/guides/google-business-profile-faq/,FAQ,TOFU,1,High,P3,0.11
www google my business login,,10,,Login / Account / App,/guides/google-business-profile-login/,Guide,TOFU,1,High,P3,0.11
10 unique labels for cafe in google my business,,0,,Core / Navigational Head Terms,/google-business-profile-management-tool/,Product Landing,BOFU,5,High,P3,0
1800419 google my business,,0,,Core / Navigational Head Terms,/google-business-profile-management-tool/,Product Landing,BOFU,5,High,P3,0
2019 google my business,,0,,Core / Navigational Head Terms,/google-business-profile-management-tool/,Product Landing,BOFU,5,High,P3,0
2020 google my business ranking factors,,0,,Optimization / SEO / Ranking,/guides/google-business-profile-optimization-checklist/,Pillar Guide,MOFU,5,High,P3,0
3-pack google my business secrets review,,0,,Reviews / Ratings / Reply,/features/google-review-management/,Feature Landing,BOFU,5,High,P3,0
5 digit google my business code,,0,,Verification / Code / Postcard,/guides/google-business-profile-verification/,Guide,MOFU,5,High,P3,0
8 google my business page it'se logo,,0,,Photos / Logo / Cover / Videos,/guides/google-my-business-logo-size/,Guide,TOFU,3,High,P3,0
9272912784 on google my business,,0,,Core / Navigational Head Terms,/google-business-profile-management-tool/,Product Landing,BOFU,5,High,P3,0
able to retrieve only 5 reviews om google my business,,0,,Reviews / Ratings / Reply,/features/google-review-management/,Feature Landing,BOFU,5,High,P3,0
about google my business setup wikipedia,,0,,Setup / Add / Create / Register,/guides/add-business-to-google-maps/,Guide,TOFU,4,High,P3,0
about google my business setupwikipedia,,0,,Core / Navigational Head Terms,/guides/google-business-profile-description-examples/,Guide,TOFU,4,High,P3,0
about my google business listing,,0,,Other / Long-tail,/guides/google-business-profile-description-examples/,Guide,TOFU,4,High,P3,0
accenture google my business,,0,,Core / Navigational Head Terms,/google-business-profile-management-tool/,Product Landing,BOFU,5,High,P3,0
account ssummary in my google business,,0,,Login / Account / App,/guides/google-business-profile-login/,Guide,TOFU,1,High,P3,0
account summary google my business,,0,,Login / Account / App,/guides/google-business-profile-login/,Guide,TOFU,1,High,P3,0
account summary in google my business,,0,,Login / Account / App,/guides/google-business-profile-login/,Guide,TOFU,1,High,P3,0
account summary in my google business,,0,,Login / Account / App,/guides/google-business-profile-login/,Guide,TOFU,1,High,P3,0
account summary option in google my business,,0,,Login / Account / App,/guides/google-business-profile-login/,Guide,TOFU,1,High,P3,0
acheter des avis google my business,,0,,Core / Navigational Head Terms,/google-business-profile-management-tool/,Product Landing,BOFU,5,High,P3,0
actions means dashboard of google my business,,0,,Management Service / Agency,/google-business-profile-management-tool/,Product Landing,BOFU,5,High,P3,0
actions means dashboard ogf google my business,,0,,Management Service / Agency,/google-business-profile-management-tool/,Product Landing,BOFU,5,High,P3,0
activity on google my business,,0,,Core / Navigational Head Terms,/google-business-profile-management-tool/,Product Landing,BOFU,5,High,P3,0
ad my business place in google map,,0,,Other / Long-tail,/guides/google-business-profile-faq/,FAQ,TOFU,1,High,P3,0
ad profiles in google my business,,0,,Core / Navigational Head Terms,/google-business-profile-management-tool/,Product Landing,BOFU,5,High,P3,0
ad schema to google my business,,0,,Core / Navigational Head Terms,/google-business-profile-management-tool/,Product Landing,BOFU,5,High,P3,0
add a contributor to your google my business,,0,,Setup / Add / Create / Register,/guides/add-business-to-google-maps/,Guide,TOFU,4,High,P3,0
add analytics on google my business page,,0,,Setup / Add / Create / Register,/guides/add-business-to-google-maps/,Guide,TOFU,4,High,P3,0
add attributes google my business,,0,,Categories / Services / Description,/guides/add-business-to-google-maps/,Guide,TOFU,4,High,P3,0
add attributes google my business meaning,,0,,Categories / Services / Description,/guides/add-business-to-google-maps/,Guide,TOFU,4,High,P3,0
add blog to google my business,,0,,Setup / Add / Create / Register,/guides/add-business-to-google-maps/,Guide,TOFU,4,High,P3,0
add blog to google my business website,,0,,Categories / Services / Description,/guides/add-business-to-google-maps/,Guide,TOFU,4,High,P3,0
add contact email address to google my business,,0,,Categories / Services / Description,/guides/google-business-profile-support/,Official Support Guide,TOFU,1,High,P3,0
add contact email google my business,,0,,Setup / Add / Create / Register,/guides/google-business-profile-support/,Official Support Guide,TOFU,1,High,P3,0
add cotact email address to google my business,,0,,Categories / Services / Description,/guides/add-business-to-google-maps/,Guide,TOFU,4,High,P3,0
add descriotion for multiple locations in google my business,,0,,Setup / Add / Create / Register,/guides/add-business-to-google-maps/,Guide,TOFU,4,High,P3,0
add domain to google my business listing,,0,,Setup / Add / Create / Register,/guides/add-business-to-google-maps/,Guide,TOFU,4,High,P3,0
add email address to google my business,,0,,Categories / Services / Description,/guides/add-business-to-google-maps/,Guide,TOFU,4,High,P3,0
add email google my business,,0,,Setup / Add / Create / Register,/guides/add-business-to-google-maps/,Guide,TOFU,4,High,P3,0
add events to google my business,,0,,Google Posts / Offers / Updates,/guides/add-business-to-google-maps/,Guide,TOFU,4,High,P3,0
add extra to google my business website,,0,,Categories / Services / Description,/guides/add-business-to-google-maps/,Guide,TOFU,4,High,P3,0
add facebook profile in google my business,,0,,Setup / Add / Create / Register,/guides/add-business-to-google-maps/,Guide,TOFU,4,High,P3,0
add facebook to google my business,,0,,Setup / Add / Create / Register,/guides/add-business-to-google-maps/,Guide,TOFU,4,High,P3,0
add forms in google my business,,0,,Setup / Add / Create / Register,/guides/add-business-to-google-maps/,Guide,TOFU,4,High,P3,0
add google analytics to google my business,,0,,Setup / Add / Create / Register,/guides/add-business-to-google-maps/,Guide,TOFU,4,High,P3,0
add google my business as a referal traffic,,0,,Setup / Add / Create / Register,/guides/add-business-to-google-maps/,Guide,TOFU,4,High,P3,0
add google my business reviews to wordpress website,,0,,Reviews / Ratings / Reply,/features/google-review-management/,Feature Landing,BOFU,5,High,P3,0
add instagram account in google my business,,0,,Setup / Add / Create / Register,/guides/google-business-profile-login/,Guide,TOFU,1,High,P3,0
add keywords to my google business,,0,,Setup / Add / Create / Register,/guides/add-business-to-google-maps/,Guide,TOFU,4,High,P3,0
add linkedin to google my business,,0,,Setup / Add / Create / Register,/guides/add-business-to-google-maps/,Guide,TOFU,4,High,P3,0
add links in google my business information,,0,,Setup / Add / Create / Register,/guides/add-business-to-google-maps/,Guide,TOFU,4,High,P3,0
add links in the google my business,,0,,Setup / Add / Create / Register,/guides/add-business-to-google-maps/,Guide,TOFU,4,High,P3,0
add location on google my business,,0,,Setup / Add / Create / Register,/guides/add-business-to-google-maps/,Guide,TOFU,4,High,P3,0
add locations for same business in google my business,,0,,Setup / Add / Create / Register,/guides/add-business-to-google-maps/,Guide,TOFU,4,High,P3,0
add logo google my business,,0,,Photos / Logo / Cover / Videos,/guides/add-business-to-google-maps/,Guide,TOFU,4,High,P3,0
add more than one location to google my business,,0,,Setup / Add / Create / Register,/guides/add-business-to-google-maps/,Guide,TOFU,4,High,P3,0
add more user in google my business,,0,,Setup / Add / Create / Register,/guides/add-business-to-google-maps/,Guide,TOFU,4,High,P3,0
add multiple account in google my business,,0,,Setup / Add / Create / Register,/guides/google-business-profile-login/,Guide,TOFU,1,High,P3,0
add multiple address to google my business,,0,,Categories / Services / Description,/guides/add-business-to-google-maps/,Guide,TOFU,4,High,P3,0
add multiple location google my business,,0,,Setup / Add / Create / Register,/guides/add-business-to-google-maps/,Guide,TOFU,4,High,P3,0
add my another business location on google map,,0,,Setup / Add / Create / Register,/guides/add-business-to-google-maps/,Guide,TOFU,4,High,P3,0
add my business name to google maps,,0,,Setup / Add / Create / Register,/guides/add-business-to-google-maps/,Guide,TOFU,4,High,P3,0
add my business place google map,,0,,Setup / Add / Create / Register,/guides/add-business-to-google-maps/,Guide,TOFU,4,High,P3,0
add my business place in google maps,,0,,Setup / Add / Create / Register,/guides/add-business-to-google-maps/,Guide,TOFU,4,High,P3,0
add my business place on google maps,,0,,Setup / Add / Create / Register,/guides/add-business-to-google-maps/,Guide,TOFU,4,High,P3,0
add my business to google listing,,0,,Setup / Add / Create / Register,/guides/add-business-to-google-maps/,Guide,TOFU,4,High,P3,0
add my business to google maps india,,0,,Setup / Add / Create / Register,/guides/add-business-to-google-maps/,Guide,TOFU,4,High,P3,0
add my business to google maps mobile,,0,,Setup / Add / Create / Register,/guides/add-business-to-google-maps/,Guide,TOFU,4,High,P3,0
add my business to google maps uk,,0,,Setup / Add / Create / Register,/guides/add-business-to-google-maps/,Guide,TOFU,4,High,P3,0
add my business to google plus,,0,,Setup / Add / Create / Register,/guides/add-business-to-google-maps/,Guide,TOFU,4,High,P3,0
add my business to google search engine,,0,,Setup / Add / Create / Register,/guides/add-business-to-google-maps/,Guide,TOFU,4,High,P3,0
add my business to google street view,,0,,Setup / Add / Create / Register,/guides/add-business-to-google-maps/,Guide,TOFU,4,High,P3,0
add my center to google business,,0,,Setup / Add / Create / Register,/guides/add-business-to-google-maps/,Guide,TOFU,4,High,P3,0
add my domain to google business site,,0,,Setup / Add / Create / Register,/guides/add-business-to-google-maps/,Guide,TOFU,4,High,P3,0
add my location of business in google maps,,0,,Setup / Add / Create / Register,/guides/add-business-to-google-maps/,Guide,TOFU,4,High,P3,0
add new opened business to google my business,,0,,Setup / Add / Create / Register,/guides/add-business-to-google-maps/,Guide,TOFU,4,High,P3,0
add on google my business,,0,,Setup / Add / Create / Register,/guides/add-business-to-google-maps/,Guide,TOFU,4,High,P3,0
add photos from google my business,,0,,Photos / Logo / Cover / Videos,/guides/add-business-to-google-maps/,Guide,TOFU,4,High,P3,0
add service area to google my business bulk,,0,,Categories / Services / Description,/guides/add-business-to-google-maps/,Guide,TOFU,4,High,P3,0
add services in google my business,,0,,Categories / Services / Description,/guides/add-business-to-google-maps/,Guide,TOFU,4,High,P3,0
add social to google my business,,0,,Setup / Add / Create / Register,/guides/add-business-to-google-maps/,Guide,TOFU,4,High,P3,0
add special hours to google my business,,0,,Categories / Services / Description,/guides/add-business-to-google-maps/,Guide,TOFU,4,High,P3,0
add team member in google my business,,0,,Setup / Add / Create / Register,/guides/add-business-to-google-maps/,Guide,TOFU,4,High,P3,0
add telephone number in google my business,,0,,Setup / Add / Create / Register,/guides/add-business-to-google-maps/,Guide,TOFU,4,High,P3,0
add user to google my business account,,0,,Setup / Add / Create / Register,/guides/google-business-profile-login/,Guide,TOFU,1,High,P3,0
adding current website to google my business,,0,,Categories / Services / Description,/guides/edit-google-business-profile/,Guide,TOFU,3,High,P3,0
adding email id google my business,,0,,Core / Navigational Head Terms,/google-business-profile-management-tool/,Product Landing,BOFU,5,High,P3,0
adding more categories in google my business will rank low,,0,,Categories / Services / Description,/guides/google-business-profile-optimization-checklist/,Pillar Guide,MOFU,5,High,P3,0
adding multiple businesses on google my business,,0,,Core / Navigational Head Terms,/google-business-profile-management-tool/,Product Landing,BOFU,5,High,P3,0
adding photos & videos for google my business listing,,0,,Photos / Logo / Cover / Videos,/guides/google-business-profile-photo-size/,Guide,TOFU,3,High,P3,0
adding user on google my business,,0,,Core / Navigational Head Terms,/google-business-profile-management-tool/,Product Landing,BOFU,5,High,P3,0
additional information for google my business,,0,,Core / Navigational Head Terms,/google-business-profile-management-tool/,Product Landing,BOFU,5,High,P3,0
additonal category for robotics in google my business,,0,,Categories / Services / Description,/guides/google-business-profile-categories-list/,Guide,TOFU,4,High,P3,0
address change in google my business,,0,,Categories / Services / Description,/guides/edit-google-business-profile/,Guide,TOFU,3,High,P3,0
ads my business in google with out business account,,0,,Login / Account / App,/guides/google-business-profile-login/,Guide,TOFU,1,High,P3,0
advantage of having descriptions in google my business,,0,,Core / Navigational Head Terms,/google-business-profile-management-tool/,Product Landing,BOFU,5,High,P3,0
advantages of having a google my business listing,,0,,Core / Navigational Head Terms,/google-business-profile-management-tool/,Product Landing,BOFU,5,High,P3,0
advantages of images in google my business,,0,,Photos / Logo / Cover / Videos,/guides/google-business-profile-photo-size/,Guide,TOFU,3,High,P3,0
advantages of images in google my business neil patel,,0,,Photos / Logo / Cover / Videos,/guides/google-business-profile-photo-size/,Guide,TOFU,3,High,P3,0
advantages of photo in google my business,,0,,Photos / Logo / Cover / Videos,/guides/google-business-profile-photo-size/,Guide,TOFU,3,High,P3,0
advantages of photo in google my business neil patel,,0,,Photos / Logo / Cover / Videos,/guides/google-business-profile-photo-size/,Guide,TOFU,3,High,P3,0
advertise my business on google maps for multiple regions,,0,,Other / Long-tail,/guides/google-business-profile-faq/,FAQ,TOFU,1,High,P3,0
advertisercommunity google my business,,0,,Core / Navigational Head Terms,/google-business-profile-management-tool/,Product Landing,BOFU,5,High,P3,0
agarwal packers and movers ambala google my business,,0,,Core / Navigational Head Terms,/google-business-profile-management-tool/,Product Landing,BOFU,5,High,P3,0
agarwal packers and movers in ambala google my business,,0,,Core / Navigational Head Terms,/google-business-profile-management-tool/,Product Landing,BOFU,5,High,P3,0
agencia google my business,,0,,Core / Navigational Head Terms,/google-business-profile-management-tool/,Product Landing,BOFU,5,High,P3,0
agencies for google my business,,0,,Core / Navigational Head Terms,/google-business-profile-management-tool/,Product Landing,BOFU,5,High,P3,0
agnecies for google my business,,0,,Core / Navigational Head Terms,/google-business-profile-management-tool/,Product Landing,BOFU,5,High,P3,0
al hadiya advertising my business google,,0,,Other / Long-tail,/guides/google-business-profile-faq/,FAQ,TOFU,1,High,P3,0
al hadiya google my business,,0,,Core / Navigational Head Terms,/google-business-profile-management-tool/,Product Landing,BOFU,5,High,P3,0
al hadiya my business google,,0,,Other / Long-tail,/guides/google-business-profile-faq/,FAQ,TOFU,1,High,P3,0
alternative google my business,,0,,Competitors / Alternatives,/google-business-profile-management-tool/,Product Landing,BOFU,5,High,P3,0
alvish google my business,,0,,Core / Navigational Head Terms,/google-business-profile-management-tool/,Product Landing,BOFU,5,High,P3,0
amber gupta in google my business,,0,,Core / Navigational Head Terms,/google-business-profile-management-tool/,Product Landing,BOFU,5,High,P3,0
amber gupta on google my business,,0,,Core / Navigational Head Terms,/google-business-profile-management-tool/,Product Landing,BOFU,5,High,P3,0
amita exclusives google my business,,0,,Core / Navigational Head Terms,/google-business-profile-management-tool/,Product Landing,BOFU,5,High,P3,0
analytics for google my business best tool,,0,,Management Service / Agency,/google-business-profile-management-tool/,Product Landing,BOFU,5,High,P3,0
analytics link on google my business page,,0,,API / Analytics / Insights,/features/google-business-profile-reporting/,Feature Landing,BOFU,4,High,P3,0
analytics training institute google my business account,,0,,API / Analytics / Insights,/guides/google-business-profile-login/,Guide,TOFU,1,High,P3,0
anikavilla google my business,,0,,Core / Navigational Head Terms,/google-business-profile-management-tool/,Product Landing,BOFU,5,High,P3,0
anikavilla google my business page,,0,,Core / Navigational Head Terms,/google-business-profile-management-tool/,Product Landing,BOFU,5,High,P3,0
anleitung google my business,,0,,Core / Navigational Head Terms,/google-business-profile-management-tool/,Product Landing,BOFU,5,High,P3,0
anonymous google my business review,,0,,Reviews / Ratings / Reply,/features/google-review-management/,Feature Landing,BOFU,5,High,P3,0
anuncios en google my business,,0,,Core / Navigational Head Terms,/google-business-profile-management-tool/,Product Landing,BOFU,5,High,P3,0
any google my business updates,,0,,Google Posts / Offers / Updates,/features/google-posts-scheduler/,Feature Landing,BOFU,5,High,P3,0
api to get google my business listing,,0,,API / Analytics / Insights,/features/google-business-profile-reporting/,Feature Landing,BOFU,4,High,P3,0
apply for google my business,,0,,Core / Navigational Head Terms,/google-business-profile-management-tool/,Product Landing,BOFU,5,High,P3,0
appointment url google my business,,0,,Google Posts / Offers / Updates,/google-business-profile-management-tool/,Product Landing,BOFU,5,High,P3,0
appointment url in google my business,,0,,Google Posts / Offers / Updates,/google-business-profile-management-tool/,Product Landing,BOFU,5,High,P3,0
are 50 views enough for your google my business,,0,,Core / Navigational Head Terms,/google-business-profile-management-tool/,Product Landing,BOFU,5,High,P3,0
are detective agencies elligible for google my business,,0,,Core / Navigational Head Terms,/google-business-profile-management-tool/,Product Landing,BOFU,5,High,P3,0
are detective agencies elligible for google my business listing,,0,,Core / Navigational Head Terms,/google-business-profile-management-tool/,Product Landing,BOFU,5,High,P3,0
are post on google my business helpful,,0,,Google Posts / Offers / Updates,/features/google-posts-scheduler/,Feature Landing,BOFU,5,High,P3,0
article google my business,,0,,Core / Navigational Head Terms,/google-business-profile-management-tool/,Product Landing,BOFU,5,High,P3,0
ask google to advertise free my business,,0,,Free / Cost / Pricing,/guides/is-google-my-business-free/,Guide,TOFU,3,High,P3,0
assistenza google my business,,0,,Core / Navigational Head Terms,/google-business-profile-management-tool/,Product Landing,BOFU,5,High,P3,0
atributos google my business,,0,,Core / Navigational Head Terms,/google-business-profile-management-tool/,Product Landing,BOFU,5,High,P3,0
attribute mean in google my business,,0,,Categories / Services / Description,/google-business-profile-management-tool/,Product Landing,BOFU,5,High,P3,0
attributes for google my business,,0,,Categories / Services / Description,/google-business-profile-management-tool/,Product Landing,BOFU,5,High,P3,0
attributes for photography google my business,,0,,Categories / Services / Description,/google-business-profile-management-tool/,Product Landing,BOFU,5,High,P3,0
attributes meaning in google my business,,0,,Categories / Services / Description,/google-business-profile-management-tool/,Product Landing,BOFU,5,High,P3,0
authorize google my business api php,,0,,API / Analytics / Insights,/features/google-business-profile-reporting/,Feature Landing,BOFU,4,High,P3,0
auto post google my business,,0,,Google Posts / Offers / Updates,/features/google-posts-scheduler/,Feature Landing,BOFU,5,High,P3,0
auto repair shop google my business categories,,0,,Categories / Services / Description,/guides/google-business-profile-categories-list/,Guide,TOFU,4,High,P3,0
automate mail to reivews on google my business,,0,,Core / Navigational Head Terms,/google-business-profile-management-tool/,Product Landing,BOFU,5,High,P3,0
avensysspoken & professional english on google my business,,0,,Core / Navigational Head Terms,/google-business-profile-management-tool/,Product Landing,BOFU,5,High,P3,0
avis google my business,,0,,Core / Navigational Head Terms,/google-business-profile-management-tool/,Product Landing,BOFU,5,High,P3,0
ayuda google my business,,0,,Core / Navigational Head Terms,/google-business-profile-management-tool/,Product Landing,BOFU,5,High,P3,0
bachpan karnataka google my business,,0,,Core / Navigational Head Terms,/google-business-profile-management-tool/,Product Landing,BOFU,5,High,P3,0
backlink for google my business,,0,,Core / Navigational Head Terms,/google-business-profile-management-tool/,Product Landing,BOFU,5,High,P3,0
backlinko.io google my business listing seo,,0,,Optimization / SEO / Ranking,/guides/google-business-profile-optimization-checklist/,Pillar Guide,MOFU,5,High,P3,0
barcode scanning to verify google my business lsiting,,0,,Verification / Code / Postcard,/guides/google-business-profile-verification/,Guide,MOFU,5,High,P3,0
benefit of linking google my business to adwords,,0,,Core / Navigational Head Terms,/google-business-profile-management-tool/,Product Landing,BOFU,5,High,P3,0
benefits of getting google my business,,0,,Core / Navigational Head Terms,/google-business-profile-management-tool/,Product Landing,BOFU,5,High,P3,0
benefits of google my business listing,,0,,Core / Navigational Head Terms,/google-business-profile-management-tool/,Product Landing,BOFU,5,High,P3,0
benefits of google my business page,,0,,Core / Navigational Head Terms,/google-business-profile-management-tool/,Product Landing,BOFU,5,High,P3,0
benefits of google my business to my website,,0,,Categories / Services / Description,/guides/edit-google-business-profile/,Guide,TOFU,3,High,P3,0
benefits of posting on google my business,,0,,Core / Navigational Head Terms,/google-business-profile-management-tool/,Product Landing,BOFU,5,High,P3,0
benefits of setting up google my business listing,,0,,Core / Navigational Head Terms,/google-business-profile-management-tool/,Product Landing,BOFU,5,High,P3,0
benefits of using google my business in hindi,,0,,Core / Navigational Head Terms,/google-business-profile-management-tool/,Product Landing,BOFU,5,High,P3,0
berater google my business,,0,,Core / Navigational Head Terms,/google-business-profile-management-tool/,Product Landing,BOFU,5,High,P3,0
best backlink site for google my business,,0,,Core / Navigational Head Terms,/google-business-profile-management-tool/,Product Landing,BOFU,5,High,P3,0
best books on google my business,,0,,Core / Navigational Head Terms,/google-business-profile-management-tool/,Product Landing,BOFU,5,High,P3,0
best category for photography in google my business,,0,,Categories / Services / Description,/guides/google-business-profile-categories-list/,Guide,TOFU,4,High,P3,0
best category in google my business,,0,,Categories / Services / Description,/guides/google-business-profile-categories-list/,Guide,TOFU,4,High,P3,0
best caterers in kolkata google my business veryfication,,0,,Core / Navigational Head Terms,/google-business-profile-management-tool/,Product Landing,BOFU,5,High,P3,0
best google my business posts,,0,,Google Posts / Offers / Updates,/features/google-posts-scheduler/,Feature Landing,BOFU,5,High,P3,0
best google my business profile,,0,,Core / Navigational Head Terms,/google-business-profile-management-tool/,Product Landing,BOFU,5,High,P3,0
best image size for google my business posts,,0,,Google Posts / Offers / Updates,/guides/google-business-profile-posts-examples/,Guide,TOFU,4,High,P3,0
best reply for review on google my business,,0,,Reviews / Ratings / Reply,/features/google-review-management/,Feature Landing,BOFU,5,High,P3,0
best reviews of software company on google my business,,0,,Reviews / Ratings / Reply,/features/google-review-management/,Feature Landing,BOFU,5,High,P3,0
best use cases of google my business,,0,,Core / Navigational Head Terms,/google-business-profile-management-tool/,Product Landing,BOFU,5,High,P3,0
best way to reply of review on google my business,,0,,Reviews / Ratings / Reply,/features/google-review-management/,Feature Landing,BOFU,5,High,P3,0
bewakoof google my business,,0,,Core / Navigational Head Terms,/google-business-profile-management-tool/,Product Landing,BOFU,5,High,P3,0
bg dsign google my business,,0,,Core / Navigational Head Terms,/google-business-profile-management-tool/,Product Landing,BOFU,5,High,P3,0
bgdsign google my business,,0,,Core / Navigational Head Terms,/google-business-profile-management-tool/,Product Landing,BOFU,5,High,P3,0
bigblackwheels google my business,,0,,Core / Navigational Head Terms,/google-business-profile-management-tool/,Product Landing,BOFU,5,High,P3,0
bing places google my business,,0,,Core / Navigational Head Terms,/google-business-profile-management-tool/,Product Landing,BOFU,5,High,P3,0
bing places import from google my business,,0,,Core / Navigational Head Terms,/google-business-profile-management-tool/,Product Landing,BOFU,5,High,P3,0
block a person from google my business,,0,,Core / Navigational Head Terms,/google-business-profile-management-tool/,Product Landing,BOFU,5,High,P3,0
blog commenting sites for google my business powered by blogger,,0,,Core / Navigational Head Terms,/google-business-profile-management-tool/,Product Landing,BOFU,5,High,P3,0
blogger link google my business,,0,,Core / Navigational Head Terms,/google-business-profile-management-tool/,Product Landing,BOFU,5,High,P3,0
bnpl google my business,,0,,Core / Navigational Head Terms,/google-business-profile-management-tool/,Product Landing,BOFU,5,High,P3,0
bonita flooring google my business,,0,,Core / Navigational Head Terms,/google-business-profile-management-tool/,Product Landing,BOFU,5,High,P3,0
booking provider for google my business,,0,,Core / Navigational Head Terms,/google-business-profile-management-tool/,Product Landing,BOFU,5,High,P3,0
books on google my business,,0,,Core / Navigational Head Terms,/google-business-profile-management-tool/,Product Landing,BOFU,5,High,P3,0
bootstrap to creat google my business template,,0,,Core / Navigational Head Terms,/google-business-profile-management-tool/,Product Landing,BOFU,5,High,P3,0
bright smiles dental clinic thiruvalla google my business,,0,,Core / Navigational Head Terms,/google-business-profile-management-tool/,Product Landing,BOFU,5,High,P3,0
brightlocal google my business,,0,,Competitors / Alternatives,/google-business-profile-management-tool/,Product Landing,BOFU,5,High,P3,0
build a google my business profile,,0,,Core / Navigational Head Terms,/google-business-profile-management-tool/,Product Landing,BOFU,5,High,P3,0
bulk upload google my business locations,,0,,Photos / Logo / Cover / Videos,/google-business-profile-management-tool/,Product Landing,BOFU,5,High,P3,0
bulk verification of google my business,,0,,Verification / Code / Postcard,/guides/google-business-profile-verification/,Guide,MOFU,5,High,P3,0
bulk verified google my business account,,0,,Verification / Code / Postcard,/guides/google-business-profile-login/,Guide,TOFU,1,High,P3,0
bunnys burger google my business page,,0,,Core / Navigational Head Terms,/google-business-profile-management-tool/,Product Landing,BOFU,5,High,P3,0
business account on google my business,,0,,Login / Account / App,/guides/google-business-profile-login/,Guide,TOFU,1,High,P3,0
business and gain access google my business,,0,,Ownership / Access / Transfer,/guides/google-business-profile-ownership-transfer/,Guide,TOFU,4,High,P3,0
business categories google my business,,0,,Categories / Services / Description,/guides/google-business-profile-categories-list/,Guide,TOFU,4,High,P3,0
business description examples for google my business,,0,,Categories / Services / Description,/guides/google-business-profile-description-examples/,Guide,TOFU,4,High,P3,0
business description google my business,,0,,Categories / Services / Description,/guides/google-business-profile-description-examples/,Guide,TOFU,4,High,P3,0
business listing sites in india google my business,,0,,Core / Navigational Head Terms,/google-business-profile-management-tool/,Product Landing,BOFU,5,High,P3,0
business name in google my business listing,,0,,Core / Navigational Head Terms,/google-business-profile-management-tool/,Product Landing,BOFU,5,High,P3,0
business promotion through google my business,,0,,Core / Navigational Head Terms,/google-business-profile-management-tool/,Product Landing,BOFU,5,High,P3,0
business welcome message google my business,,0,,Core / Navigational Head Terms,/google-business-profile-management-tool/,Product Landing,BOFU,5,High,P3,0
business you cannot add in google my business,,0,,Setup / Add / Create / Register,/guides/add-business-to-google-maps/,Guide,TOFU,4,High,P3,0
by appointment only google my business,,0,,Google Posts / Offers / Updates,/google-business-profile-management-tool/,Product Landing,BOFU,5,High,P3,0
byte matrix pvt ltd google my business,,0,,Core / Navigational Head Terms,/google-business-profile-management-tool/,Product Landing,BOFU,5,High,P3,0
c google my business,,0,,Core / Navigational Head Terms,/google-business-profile-management-tool/,Product Landing,BOFU,5,High,P3,0
c google my business api,,0,,API / Analytics / Insights,/features/google-business-profile-reporting/,Feature Landing,BOFU,4,High,P3,0
cakephp google my business api plugin,,0,,API / Analytics / Insights,/features/google-business-profile-reporting/,Feature Landing,BOFU,4,High,P3,0
cakephp google my business plugin,,0,,Core / Navigational Head Terms,/google-business-profile-management-tool/,Product Landing,BOFU,5,High,P3,0
cakephp3 google my business plugin,,0,,Core / Navigational Head Terms,/google-business-profile-management-tool/,Product Landing,BOFU,5,High,P3,0
cakephp3 google my business sdk,,0,,Core / Navigational Head Terms,/google-business-profile-management-tool/,Product Landing,BOFU,5,High,P3,0
call to action factors under google my business,,0,,Support / Customer Care / Contact,/guides/google-business-profile-support/,Official Support Guide,TOFU,1,High,P3,0
call tracking google my business,,0,,Support / Customer Care / Contact,/guides/google-business-profile-support/,Official Support Guide,TOFU,1,High,P3,0
call-only ads in google my business page,,0,,Support / Customer Care / Contact,/guides/google-business-profile-support/,Official Support Guide,TOFU,1,High,P3,0
can a google my business account be deactived,,0,,Login / Account / App,/guides/google-business-profile-login/,Guide,TOFU,1,High,P3,0
can anyone edit update google my business page,,0,,Google Posts / Offers / Updates,/features/google-posts-scheduler/,Feature Landing,BOFU,5,High,P3,0
can detective agency list on google my business,,0,,Management Service / Agency,/google-my-business-management-service/,Service Landing,BOFU,5,High,P3,0
can domain names be bought through google my business,,0,,Core / Navigational Head Terms,/google-business-profile-management-tool/,Product Landing,BOFU,5,High,P3,0
can google invest in my business,,0,,Other / Long-tail,/guides/google-business-profile-faq/,FAQ,TOFU,1,High,P3,0
can i add dynamic capabilities to google my business websites,,0,,Setup / Add / Create / Register,/guides/add-business-to-google-maps/,Guide,TOFU,4,High,P3,0
can i add google my business on my website,,0,,Categories / Services / Description,/guides/add-business-to-google-maps/,Guide,TOFU,4,High,P3,0
can i add menu in google my business,,0,,Google Posts / Offers / Updates,/guides/add-business-to-google-maps/,Guide,TOFU,4,High,P3,0
can i add user to google my business account,,0,,Setup / Add / Create / Register,/guides/google-business-profile-login/,Guide,TOFU,1,High,P3,0
can i block my google business page from recieving reviews,,0,,Reviews / Ratings / Reply,/features/google-review-management/,Feature Landing,BOFU,5,High,P3,0
can i change my address in google business verify,,0,,Verification / Code / Postcard,/guides/google-business-profile-verification/,Guide,MOFU,5,High,P3,0
can i code for my google business site,,0,,Verification / Code / Postcard,/guides/google-business-profile-verification/,Guide,MOFU,5,High,P3,0
can i connect my domain name to google business website,,0,,Categories / Services / Description,/guides/edit-google-business-profile/,Guide,TOFU,3,High,P3,0
can i delete my google business listing,,0,,Suspension / Reinstatement / Delete,/guides/google-business-profile-faq/,FAQ,TOFU,1,High,P3,0
can i display google my business listing on my website,,0,,Categories / Services / Description,/guides/edit-google-business-profile/,Guide,TOFU,3,High,P3,0
can i edit the code of my google business website,,0,,Verification / Code / Postcard,/guides/google-business-profile-verification/,Guide,MOFU,5,High,P3,0
can i forward my eamils in google business mail,,0,,Other / Long-tail,/guides/google-business-profile-faq/,FAQ,TOFU,1,High,P3,0
can i get google adsense for my wordpress.com business plan,,0,,Other / Long-tail,/guides/google-business-profile-faq/,FAQ,TOFU,1,High,P3,0
can i get orders on google my business,,0,,Core / Navigational Head Terms,/google-business-profile-management-tool/,Product Landing,BOFU,5,High,P3,0
can i gives google ads without verification my business,,0,,Verification / Code / Postcard,/guides/google-business-profile-verification/,Guide,MOFU,5,High,P3,0
can i hide my business address later on google maps,,0,,Categories / Services / Description,/guides/edit-google-business-profile/,Guide,TOFU,3,High,P3,0
can i hide my google business ads,,0,,Other / Long-tail,/guides/google-business-profile-faq/,FAQ,TOFU,1,High,P3,0
can i install wardpress at google my business page,,0,,Core / Navigational Head Terms,/google-business-profile-management-tool/,Product Landing,BOFU,5,High,P3,0
can i integrate my yelp review in google business account,,0,,Reviews / Ratings / Reply,/guides/google-business-profile-login/,Guide,TOFU,1,High,P3,0
can i link a booking app with google my business,,0,,Login / Account / App,/guides/google-business-profile-login/,Guide,TOFU,1,High,P3,0
can i link google pay to my business account,,0,,Login / Account / App,/guides/google-business-profile-login/,Guide,TOFU,1,High,P3,0
can i merge google my business pages,,0,,Core / Navigational Head Terms,/google-business-profile-management-tool/,Product Landing,BOFU,5,High,P3,0
can i merge two google my business listings,,0,,Core / Navigational Head Terms,/google-business-profile-management-tool/,Product Landing,BOFU,5,High,P3,0
can i put google my business in my website,,0,,Categories / Services / Description,/guides/edit-google-business-profile/,Guide,TOFU,3,High,P3,0
can i put my business on google maps,,0,,Setup / Add / Create / Register,/guides/add-business-to-google-maps/,Guide,TOFU,4,High,P3,0
can i rate my own google business listing,,0,,Other / Long-tail,/guides/google-business-profile-faq/,FAQ,TOFU,1,High,P3,0
can i use google my business offline access demo code,,0,,Verification / Code / Postcard,/guides/google-business-profile-verification/,Guide,MOFU,5,High,P3,0
can i use same contact number for google my business,,0,,Support / Customer Care / Contact,/guides/google-business-profile-support/,Official Support Guide,TOFU,1,High,P3,0
can my competitor change my business location on google maps,,0,,Competitors / Alternatives,/guides/edit-google-business-profile/,Guide,TOFU,3,High,P3,0
can not mark loaction of my business on google maps,,0,,Other / Long-tail,/guides/google-business-profile-faq/,FAQ,TOFU,1,High,P3,0
can recover permanently closed location in google my business,,0,,Core / Navigational Head Terms,/google-business-profile-management-tool/,Product Landing,BOFU,5,High,P3,0
can see my business on google searches,,0,,Other / Long-tail,/guides/google-business-profile-faq/,FAQ,TOFU,1,High,P3,0
can see my business on keyword google searches,,0,,Other / Long-tail,/guides/google-business-profile-faq/,FAQ,TOFU,1,High,P3,0
can some one change my business location on google maps,,0,,Other / Long-tail,/guides/edit-google-business-profile/,Guide,TOFU,3,High,P3,0
can t find my business on google maps,,0,,Other / Long-tail,/guides/google-business-profile-faq/,FAQ,TOFU,1,High,P3,0
can t see my business on google maps,,0,,Other / Long-tail,/guides/google-business-profile-faq/,FAQ,TOFU,1,High,P3,0
can we add website later in google my business page,,0,,Categories / Services / Description,/guides/add-business-to-google-maps/,Guide,TOFU,4,High,P3,0
can we change email address on google my business,,0,,Categories / Services / Description,/guides/edit-google-business-profile/,Guide,TOFU,3,High,P3,0
can we check monthly stats in google my business,,0,,Core / Navigational Head Terms,/google-business-profile-management-tool/,Product Landing,BOFU,5,High,P3,0
can we choose 2 catagories in google my business,,0,,Core / Navigational Head Terms,/google-business-profile-management-tool/,Product Landing,BOFU,5,High,P3,0
can we do seo in google my business,,0,,Optimization / SEO / Ranking,/guides/google-business-profile-optimization-checklist/,Pillar Guide,MOFU,5,High,P3,0
can we make website from google my business,,0,,Categories / Services / Description,/guides/edit-google-business-profile/,Guide,TOFU,3,High,P3,0
can we prevent google review for my business,,0,,Reviews / Ratings / Reply,/features/google-review-management/,Feature Landing,BOFU,5,High,P3,0
can we publish and unpublish google my business,,0,,Core / Navigational Head Terms,/google-business-profile-management-tool/,Product Landing,BOFU,5,High,P3,0
can we transfer the email account in google my business,,0,,Ownership / Access / Transfer,/guides/google-business-profile-login/,Guide,TOFU,1,High,P3,0
can we use godaddy domain name in google my business,,0,,Core / Navigational Head Terms,/google-business-profile-management-tool/,Product Landing,BOFU,5,High,P3,0
can you change business name in google my business listing,,0,,Core / Navigational Head Terms,/guides/edit-google-business-profile/,Guide,TOFU,3,High,P3,0
can you combine google my business accounts,,0,,Core / Navigational Head Terms,/google-business-profile-management-tool/,Product Landing,BOFU,5,High,P3,0
can you delete a google my business listing,,0,,Suspension / Reinstatement / Delete,/google-business-profile-management-tool/,Product Landing,BOFU,5,High,P3,0
can you schedule post on google my business,,0,,Google Posts / Offers / Updates,/features/google-posts-scheduler/,Feature Landing,BOFU,5,High,P3,0
can you update location in google my business,,0,,Google Posts / Offers / Updates,/features/google-posts-scheduler/,Feature Landing,BOFU,5,High,P3,0
can't remove a photo of my business from google,,0,,Suspension / Reinstatement / Delete,/guides/google-business-profile-photo-size/,Guide,TOFU,3,High,P3,0
can't remove google my business,,0,,Suspension / Reinstatement / Delete,/google-business-profile-management-tool/,Product Landing,BOFU,5,High,P3,0
cancel google my business postcard,,0,,Verification / Code / Postcard,/guides/google-business-profile-verification/,Guide,MOFU,5,High,P3,0
cannabis dispensary google my business,,0,,Core / Navigational Head Terms,/google-business-profile-management-tool/,Product Landing,BOFU,5,High,P3,0
cant find location on google my business,,0,,Core / Navigational Head Terms,/google-business-profile-management-tool/,Product Landing,BOFU,5,High,P3,0
cant find location on my google business page,,0,,Other / Long-tail,/guides/google-business-profile-faq/,FAQ,TOFU,1,High,P3,0
cant update address in google my business,,0,,Google Posts / Offers / Updates,/features/google-posts-scheduler/,Feature Landing,BOFU,5,High,P3,0
car wash ads in google my business,,0,,Core / Navigational Head Terms,/google-business-profile-management-tool/,Product Landing,BOFU,5,High,P3,0
carable google my business,,0,,Core / Navigational Head Terms,/google-business-profile-management-tool/,Product Landing,BOFU,5,High,P3,0
card view in google my business,,0,,Core / Navigational Head Terms,/google-business-profile-management-tool/,Product Landing,BOFU,5,High,P3,0
carrierservice.in google my business,,0,,Core / Navigational Head Terms,/google-business-profile-management-tool/,Product Landing,BOFU,5,High,P3,0
categories in google my business,,0,,Categories / Services / Description,/guides/google-business-profile-categories-list/,Guide,TOFU,4,High,P3,0
category for blog in google my business,,0,,Categories / Services / Description,/guides/google-business-profile-categories-list/,Guide,TOFU,4,High,P3,0
category for robotics in google my business,,0,,Categories / Services / Description,/guides/google-business-profile-categories-list/,Guide,TOFU,4,High,P3,0
category for robotics shop in google my business,,0,,Categories / Services / Description,/guides/google-business-profile-categories-list/,Guide,TOFU,4,High,P3,0
category of pharmacy college in google my business,,0,,Categories / Services / Description,/guides/google-business-profile-categories-list/,Guide,TOFU,4,High,P3,0
catégories google my business,,0,,Core / Navigational Head Terms,/google-business-profile-management-tool/,Product Landing,BOFU,5,High,P3,0
celeritio team google my business,,0,,Core / Navigational Head Terms,/google-business-profile-management-tool/,Product Landing,BOFU,5,High,P3,0
certification google acedemy my business,,0,,Other / Long-tail,/guides/google-business-profile-faq/,FAQ,TOFU,1,High,P3,0
chaitrasoft google my business login,,0,,Login / Account / App,/guides/google-business-profile-login/,Guide,TOFU,1,High,P3,0
chamge my business location in google maps,,0,,Other / Long-tail,/guides/google-business-profile-faq/,FAQ,TOFU,1,High,P3,0
change attn name from google my business,,0,,Core / Navigational Head Terms,/guides/edit-google-business-profile/,Guide,TOFU,3,High,P3,0
change email address for google my business,,0,,Categories / Services / Description,/guides/edit-google-business-profile/,Guide,TOFU,3,High,P3,0
change email address from google my business,,0,,Categories / Services / Description,/guides/edit-google-business-profile/,Guide,TOFU,3,High,P3,0
change font of google my business page,,0,,Core / Navigational Head Terms,/guides/edit-google-business-profile/,Guide,TOFU,3,High,P3,0
change google my business photo,,0,,Photos / Logo / Cover / Videos,/guides/google-business-profile-photo-size/,Guide,TOFU,3,High,P3,0
change google my business website,,0,,Categories / Services / Description,/guides/edit-google-business-profile/,Guide,TOFU,3,High,P3,0
change google my business website domain name,,0,,Categories / Services / Description,/guides/edit-google-business-profile/,Guide,TOFU,3,High,P3,0
change in google my business verification procedure,,0,,Verification / Code / Postcard,/guides/google-business-profile-verification/,Guide,MOFU,5,High,P3,0
change location of google my business address,,0,,Categories / Services / Description,/guides/edit-google-business-profile/,Guide,TOFU,3,High,P3,0
change mail on google my business,,0,,Core / Navigational Head Terms,/guides/edit-google-business-profile/,Guide,TOFU,3,High,P3,0
change my business address in google,,0,,Categories / Services / Description,/guides/edit-google-business-profile/,Guide,TOFU,3,High,P3,0
change my business phone number google,,0,,Categories / Services / Description,/guides/edit-google-business-profile/,Guide,TOFU,3,High,P3,0
change my business phone number google maps,,0,,Categories / Services / Description,/guides/edit-google-business-profile/,Guide,TOFU,3,High,P3,0
change my google business listing,,0,,Other / Long-tail,/guides/edit-google-business-profile/,Guide,TOFU,3,High,P3,0
change name of google my business,,0,,Core / Navigational Head Terms,/guides/edit-google-business-profile/,Guide,TOFU,3,High,P3,0
change primary owner in google my business,,0,,Ownership / Access / Transfer,/guides/edit-google-business-profile/,Guide,TOFU,3,High,P3,0
change profile picture on google my business,,0,,Core / Navigational Head Terms,/guides/edit-google-business-profile/,Guide,TOFU,3,High,P3,0
changing google my business name,,0,,Core / Navigational Head Terms,/google-business-profile-management-tool/,Product Landing,BOFU,5,High,P3,0
chat support google my business,,0,,Support / Customer Care / Contact,/guides/google-business-profile-support/,Official Support Guide,TOFU,1,High,P3,0
chat with google my business support team,,0,,Support / Customer Care / Contact,/guides/google-business-profile-support/,Official Support Guide,TOFU,1,High,P3,0
chci google my business,,0,,Core / Navigational Head Terms,/google-business-profile-management-tool/,Product Landing,BOFU,5,High,P3,0
check if my business is google verifed,,0,,Other / Long-tail,/guides/google-business-profile-faq/,FAQ,TOFU,1,High,P3,0
check if your business is in google my business account,,0,,Login / Account / App,/guides/google-business-profile-login/,Guide,TOFU,1,High,P3,0
check list to update google my business,,0,,Google Posts / Offers / Updates,/features/google-posts-scheduler/,Feature Landing,BOFU,5,High,P3,0
check my contrubution in google business,,0,,Other / Long-tail,/guides/google-business-profile-faq/,FAQ,TOFU,1,High,P3,0
checklist to update google my business,,0,,Google Posts / Offers / Updates,/features/google-posts-scheduler/,Feature Landing,BOFU,5,High,P3,0
chemtron asia google my business,,0,,Core / Navigational Head Terms,/google-business-profile-management-tool/,Product Landing,BOFU,5,High,P3,0
chronossolutions google my business,,0,,Core / Navigational Head Terms,/google-business-profile-management-tool/,Product Landing,BOFU,5,High,P3,0
claim my business listing on google,,0,,Setup / Add / Create / Register,/guides/google-business-profile-ownership-transfer/,Guide,TOFU,4,High,P3,0
claim your google my business listing with images,,0,,Photos / Logo / Cover / Videos,/guides/google-business-profile-photo-size/,Guide,TOFU,3,High,P3,0
claim your page on google my business,,0,,Setup / Add / Create / Register,/guides/google-business-profile-ownership-transfer/,Guide,TOFU,4,High,P3,0
cleok fashions google my business,,0,,Core / Navigational Head Terms,/google-business-profile-management-tool/,Product Landing,BOFU,5,High,P3,0
cn i include hyfen in short name google my business,,0,,Core / Navigational Head Terms,/google-business-profile-management-tool/,Product Landing,BOFU,5,High,P3,0
code to create google my business template stack overflow,,0,,Verification / Code / Postcard,/guides/google-business-profile-verification/,Guide,MOFU,5,High,P3,0
codigo de verificacion google my business,,0,,Core / Navigational Head Terms,/google-business-profile-management-tool/,Product Landing,BOFU,5,High,P3,0
coffeegraphy content solutions google my business,,0,,Core / Navigational Head Terms,/google-business-profile-management-tool/,Product Landing,BOFU,5,High,P3,0
coffeegraphy google my business,,0,,Core / Navigational Head Terms,/google-business-profile-management-tool/,Product Landing,BOFU,5,High,P3,0
cokarya google my business,,0,,Core / Navigational Head Terms,/google-business-profile-management-tool/,Product Landing,BOFU,5,High,P3,0
collapsing floating action button like google my business,,0,,Core / Navigational Head Terms,/google-business-profile-management-tool/,Product Landing,BOFU,5,High,P3,0
come funziona google my business,,0,,Core / Navigational Head Terms,/google-business-profile-management-tool/,Product Landing,BOFU,5,High,P3,0
comment contacter google my business,,0,,Core / Navigational Head Terms,/google-business-profile-management-tool/,Product Landing,BOFU,5,High,P3,0
comment être en premier sur google my business,,0,,Core / Navigational Head Terms,/google-business-profile-management-tool/,Product Landing,BOFU,5,High,P3,0
communications manager google my business,,0,,Management Service / Agency,/google-business-profile-management-tool/,Product Landing,BOFU,5,High,P3,0
como conseguir reseñas en google my business,,0,,Core / Navigational Head Terms,/google-business-profile-management-tool/,Product Landing,BOFU,5,High,P3,0
company deal with google my business in indirapuram,,0,,Core / Navigational Head Terms,/google-my-business-management-service/,Service Landing,BOFU,5,High,P3,0
compare google & google my business,,0,,Core / Navigational Head Terms,/google-business-profile-management-tool/,Product Landing,BOFU,5,High,P3,0
compare google my business,,0,,Core / Navigational Head Terms,/google-business-profile-management-tool/,Product Landing,BOFU,5,High,P3,0
complaint to google my business,,0,,Core / Navigational Head Terms,/google-business-profile-management-tool/,Product Landing,BOFU,5,High,P3,0
complete guide to google my business posting,,0,,Core / Navigational Head Terms,/google-business-profile-management-tool/,Product Landing,BOFU,5,High,P3,0
comprar reseñas google my business,,0,,Core / Navigational Head Terms,/google-business-profile-management-tool/,Product Landing,BOFU,5,High,P3,0
compras video for google my business,,0,,Photos / Logo / Cover / Videos,/guides/google-business-profile-photo-size/,Guide,TOFU,3,High,P3,0
compress video for google my business,,0,,Photos / Logo / Cover / Videos,/guides/google-business-profile-photo-size/,Guide,TOFU,3,High,P3,0
connect domain to google my business,,0,,Core / Navigational Head Terms,/google-business-profile-management-tool/,Product Landing,BOFU,5,High,P3,0
connect domain to google my business website,,0,,Categories / Services / Description,/guides/edit-google-business-profile/,Guide,TOFU,3,High,P3,0
connect google business mail to my site,,0,,Other / Long-tail,/guides/google-business-profile-faq/,FAQ,TOFU,1,High,P3,0
connect google my business to ads,,0,,Core / Navigational Head Terms,/google-business-profile-management-tool/,Product Landing,BOFU,5,High,P3,0
connect google my business to analytics,,0,,API / Analytics / Insights,/features/google-business-profile-reporting/,Feature Landing,BOFU,4,High,P3,0
connect website with google my business,,0,,Categories / Services / Description,/guides/edit-google-business-profile/,Guide,TOFU,3,High,P3,0
connect youtube to google my business,,0,,Core / Navigational Head Terms,/google-business-profile-management-tool/,Product Landing,BOFU,5,High,P3,0
connection point google my business,,0,,Core / Navigational Head Terms,/google-business-profile-management-tool/,Product Landing,BOFU,5,High,P3,0
connexion google my business,,0,,Core / Navigational Head Terms,/google-business-profile-management-tool/,Product Landing,BOFU,5,High,P3,0
contact address in footer in google my business,,0,,Categories / Services / Description,/guides/google-business-profile-support/,Official Support Guide,TOFU,1,High,P3,0
contact google my business experts usa,,0,,Support / Customer Care / Contact,/guides/google-business-profile-support/,Official Support Guide,TOFU,1,High,P3,0
contact google my business india,,0,,Support / Customer Care / Contact,/guides/google-business-profile-support/,Official Support Guide,TOFU,1,High,P3,0
contact newzeland google my business,,0,,Support / Customer Care / Contact,/guides/google-business-profile-support/,Official Support Guide,TOFU,1,High,P3,0
contact number europe google my business,,0,,Support / Customer Care / Contact,/guides/google-business-profile-support/,Official Support Guide,TOFU,1,High,P3,0
contact number google my business toll free number india,,0,,Support / Customer Care / Contact,/guides/google-business-profile-support/,Official Support Guide,TOFU,1,High,P3,0
contact number newzeland google my business,,0,,Support / Customer Care / Contact,/guides/google-business-profile-support/,Official Support Guide,TOFU,1,High,P3,0
contattare google my business,,0,,Core / Navigational Head Terms,/google-business-profile-management-tool/,Product Landing,BOFU,5,High,P3,0
content writing service in delhi in google my business,,0,,Management Service / Agency,/google-business-profile-management-tool/,Product Landing,BOFU,5,High,P3,0
convert my google to business,,0,,Other / Long-tail,/guides/google-business-profile-faq/,FAQ,TOFU,1,High,P3,0
copertina google my business,,0,,Core / Navigational Head Terms,/google-business-profile-management-tool/,Product Landing,BOFU,5,High,P3,0
corpuslabs google my business,,0,,Core / Navigational Head Terms,/google-business-profile-management-tool/,Product Landing,BOFU,5,High,P3,0
cosè google my business,,0,,Core / Navigational Head Terms,/google-business-profile-management-tool/,Product Landing,BOFU,5,High,P3,0
could not remove location from google my business,,0,,Suspension / Reinstatement / Delete,/google-business-profile-management-tool/,Product Landing,BOFU,5,High,P3,0
cover image size for google my business for mobile,,0,,Photos / Logo / Cover / Videos,/guides/google-business-profile-photo-size/,Guide,TOFU,3,High,P3,0
cover photo of google my business size,,0,,Photos / Logo / Cover / Videos,/guides/google-business-profile-photo-size/,Guide,TOFU,3,High,P3,0
cover photo size for google my business website,,0,,Photos / Logo / Cover / Videos,/guides/google-business-profile-photo-size/,Guide,TOFU,3,High,P3,0
cover photo size google my business,,0,,Photos / Logo / Cover / Videos,/guides/google-business-profile-photo-size/,Guide,TOFU,3,High,P3,0
cover photos for google my business,,0,,Photos / Logo / Cover / Videos,/guides/google-business-profile-photo-size/,Guide,TOFU,3,High,P3,0
cover pic size for google my business,,0,,Photos / Logo / Cover / Videos,/google-business-profile-management-tool/,Product Landing,BOFU,5,High,P3,0
cover picture on google my business,,0,,Photos / Logo / Cover / Videos,/google-business-profile-management-tool/,Product Landing,BOFU,5,High,P3,0
cpimobi google my business,,0,,Core / Navigational Head Terms,/google-business-profile-management-tool/,Product Landing,BOFU,5,High,P3,0
crate google my business,,0,,Core / Navigational Head Terms,/google-business-profile-management-tool/,Product Landing,BOFU,5,High,P3,0
crawl google my business,,0,,Core / Navigational Head Terms,/google-business-profile-management-tool/,Product Landing,BOFU,5,High,P3,0
creat google my business account,,0,,Login / Account / App,/guides/google-business-profile-login/,Guide,TOFU,1,High,P3,0
creat my business on google,,0,,Other / Long-tail,/guides/google-business-profile-faq/,FAQ,TOFU,1,High,P3,0
create a beautiful website on google my business,,0,,Categories / Services / Description,/guides/add-business-to-google-maps/,Guide,TOFU,4,High,P3,0
create a beautiful website with google my business,,0,,Categories / Services / Description,/guides/add-business-to-google-maps/,Guide,TOFU,4,High,P3,0
create a google page google my business,,0,,Setup / Add / Create / Register,/guides/add-business-to-google-maps/,Guide,TOFU,4,High,P3,0
create a google plus account for my business,,0,,Setup / Add / Create / Register,/guides/google-business-profile-login/,Guide,TOFU,1,High,P3,0
create a google plus page for my business,,0,,Setup / Add / Create / Register,/guides/add-business-to-google-maps/,Guide,TOFU,4,High,P3,0
create a post in google my business,,0,,Google Posts / Offers / Updates,/guides/add-business-to-google-maps/,Guide,TOFU,4,High,P3,0
create a product post in google my business,,0,,Google Posts / Offers / Updates,/guides/add-business-to-google-maps/,Guide,TOFU,4,High,P3,0
create an app to handel google my business,,0,,Setup / Add / Create / Register,/guides/google-business-profile-login/,Guide,TOFU,1,High,P3,0
create an app to handle google my business,,0,,Setup / Add / Create / Register,/guides/google-business-profile-login/,Guide,TOFU,1,High,P3,0
create and rank google my business,,0,,Optimization / SEO / Ranking,/guides/add-business-to-google-maps/,Guide,TOFU,4,High,P3,0
create and rank google my business fiverr,,0,,Optimization / SEO / Ranking,/guides/add-business-to-google-maps/,Guide,TOFU,4,High,P3,0
create brand account google my business,,0,,Setup / Add / Create / Register,/guides/google-business-profile-login/,Guide,TOFU,1,High,P3,0
create business account on google for my website,,0,,Categories / Services / Description,/guides/google-business-profile-login/,Guide,TOFU,1,High,P3,0
create cover photo for google my business,,0,,Photos / Logo / Cover / Videos,/guides/add-business-to-google-maps/,Guide,TOFU,4,High,P3,0
create google account for myself or to manage my business,,0,,Management Service / Agency,/guides/google-business-profile-login/,Guide,TOFU,1,High,P3,0
create google my business account via api,,0,,Setup / Add / Create / Register,/guides/google-business-profile-login/,Guide,TOFU,1,High,P3,0
create google my business account with g suite accoujt,,0,,Setup / Add / Create / Register,/guides/google-business-profile-login/,Guide,TOFU,1,High,P3,0
create google my business banner for free,,0,,Setup / Add / Create / Register,/guides/add-business-to-google-maps/,Guide,TOFU,4,High,P3,0
create google my business site using gsuite domain name,,0,,Setup / Add / Create / Register,/guides/add-business-to-google-maps/,Guide,TOFU,4,High,P3,0
create google my business template,,0,,Setup / Add / Create / Register,/guides/add-business-to-google-maps/,Guide,TOFU,4,High,P3,0
create google my business template stack overflow,,0,,Setup / Add / Create / Register,/guides/add-business-to-google-maps/,Guide,TOFU,4,High,P3,0
create google my business website based on gsuite domain,,0,,Categories / Services / Description,/guides/add-business-to-google-maps/,Guide,TOFU,4,High,P3,0
create google plus page from google my business,,0,,Setup / Add / Create / Register,/guides/add-business-to-google-maps/,Guide,TOFU,4,High,P3,0
create google plus page my business,,0,,Setup / Add / Create / Register,/guides/add-business-to-google-maps/,Guide,TOFU,4,High,P3,0
create google+ page for my business,,0,,Setup / Add / Create / Register,/guides/add-business-to-google-maps/,Guide,TOFU,4,High,P3,0
create my business email account oon google,,0,,Setup / Add / Create / Register,/guides/google-business-profile-login/,Guide,TOFU,1,High,P3,0
create my business page on google,,0,,Setup / Add / Create / Register,/guides/add-business-to-google-maps/,Guide,TOFU,4,High,P3,0
create my own business email address google,,0,,Categories / Services / Description,/guides/add-business-to-google-maps/,Guide,TOFU,4,High,P3,0
create photo album google my business,,0,,Photos / Logo / Cover / Videos,/guides/add-business-to-google-maps/,Guide,TOFU,4,High,P3,0
create post is not appearing in google my business,,0,,Google Posts / Offers / Updates,/guides/add-business-to-google-maps/,Guide,TOFU,4,High,P3,0
create review link for google my business listing,,0,,Reviews / Ratings / Reply,/guides/google-my-business-review-link/,Guide,MOFU,5,High,P3,0
create two my google business accounts,,0,,Setup / Add / Create / Register,/guides/add-business-to-google-maps/,Guide,TOFU,4,High,P3,0
create your google my business listing,,0,,Setup / Add / Create / Register,/guides/add-business-to-google-maps/,Guide,TOFU,4,High,P3,0
creative ethics google my business review,,0,,Reviews / Ratings / Reply,/features/google-review-management/,Feature Landing,BOFU,5,High,P3,0
créer compte google my business,,0,,Core / Navigational Head Terms,/google-business-profile-management-tool/,Product Landing,BOFU,5,High,P3,0
créer un compte google my business,,0,,Core / Navigational Head Terms,/google-business-profile-management-tool/,Product Landing,BOFU,5,High,P3,0
créer un google my business chine,,0,,Core / Navigational Head Terms,/google-business-profile-management-tool/,Product Landing,BOFU,5,High,P3,0
cs photography kharagpur google my business,,0,,Core / Navigational Head Terms,/google-business-profile-management-tool/,Product Landing,BOFU,5,High,P3,0
currency in google my business product post,,0,,Google Posts / Offers / Updates,/features/google-posts-scheduler/,Feature Landing,BOFU,5,High,P3,0
custom call to action button on google my business,,0,,Support / Customer Care / Contact,/guides/google-business-profile-support/,Official Support Guide,TOFU,1,High,P3,0
custom url edit on google my business,,0,,Core / Navigational Head Terms,/guides/edit-google-business-profile/,Guide,TOFU,3,High,P3,0
customise google my business with keywords,,0,,Core / Navigational Head Terms,/google-business-profile-management-tool/,Product Landing,BOFU,5,High,P3,0
customize notifications in google my business,,0,,Core / Navigational Head Terms,/google-business-profile-management-tool/,Product Landing,BOFU,5,High,P3,0
customized notifications in google my business,,0,,Core / Navigational Head Terms,/google-business-profile-management-tool/,Product Landing,BOFU,5,High,P3,0
dar de alta en google my business,,0,,Core / Navigational Head Terms,/google-business-profile-management-tool/,Product Landing,BOFU,5,High,P3,0
das neue google local - google my business,,0,,Core / Navigational Head Terms,/google-business-profile-management-tool/,Product Landing,BOFU,5,High,P3,0
data for google my business,,0,,API / Analytics / Insights,/features/google-business-profile-reporting/,Feature Landing,BOFU,4,High,P3,0
data of people using google my business,,0,,API / Analytics / Insights,/features/google-business-profile-reporting/,Feature Landing,BOFU,4,High,P3,0
de activate google my business website,,0,,Categories / Services / Description,/guides/edit-google-business-profile/,Guide,TOFU,3,High,P3,0
deactivate google my business,,0,,Core / Navigational Head Terms,/google-business-profile-management-tool/,Product Landing,BOFU,5,High,P3,0
delete a google my business page,,0,,Suspension / Reinstatement / Delete,/google-business-profile-management-tool/,Product Landing,BOFU,5,High,P3,0
delete a google my business review,,0,,Suspension / Reinstatement / Delete,/guides/remove-bad-google-reviews/,Troubleshooting Guide,MOFU,5,High,P3,0
delete google my business website,,0,,Suspension / Reinstatement / Delete,/guides/edit-google-business-profile/,Guide,TOFU,3,High,P3,0
delete listing google my business account,,0,,Suspension / Reinstatement / Delete,/guides/google-business-profile-login/,Guide,TOFU,1,High,P3,0
delete loation from google my business,,0,,Suspension / Reinstatement / Delete,/google-business-profile-management-tool/,Product Landing,BOFU,5,High,P3,0
delete my business listing from google map,,0,,Suspension / Reinstatement / Delete,/guides/google-business-profile-faq/,FAQ,TOFU,1,High,P3,0
delete my business listing from google maps,,0,,Suspension / Reinstatement / Delete,/guides/google-business-profile-faq/,FAQ,TOFU,1,High,P3,0
delete my google plus business page,,0,,Suspension / Reinstatement / Delete,/guides/google-business-profile-faq/,FAQ,TOFU,1,High,P3,0
deleting location in google my business,,0,,Core / Navigational Head Terms,/google-business-profile-management-tool/,Product Landing,BOFU,5,High,P3,0
deloitte on google my business,,0,,Core / Navigational Head Terms,/google-business-profile-management-tool/,Product Landing,BOFU,5,High,P3,0
desactiver avis google my business,,0,,Core / Navigational Head Terms,/google-business-profile-management-tool/,Product Landing,BOFU,5,High,P3,0
description for my business page on google,,0,,Categories / Services / Description,/guides/google-business-profile-description-examples/,Guide,TOFU,4,High,P3,0
design everest san francisco google my business page,,0,,Core / Navigational Head Terms,/google-business-profile-management-tool/,Product Landing,BOFU,5,High,P3,0
designing of google my business,,0,,Core / Navigational Head Terms,/google-business-profile-management-tool/,Product Landing,BOFU,5,High,P3,0
detail in my google business listing,,0,,Other / Long-tail,/guides/google-business-profile-faq/,FAQ,TOFU,1,High,P3,0
dhaval waghela google my business,,0,,Core / Navigational Head Terms,/google-business-profile-management-tool/,Product Landing,BOFU,5,High,P3,0
dienstleister google my business,,0,,Core / Navigational Head Terms,/google-business-profile-management-tool/,Product Landing,BOFU,5,High,P3,0
dienstleistung google my business,,0,,Core / Navigational Head Terms,/google-business-profile-management-tool/,Product Landing,BOFU,5,High,P3,0
difference between delete location and remove on google my business,,0,,Suspension / Reinstatement / Delete,/google-business-profile-management-tool/,Product Landing,BOFU,5,High,P3,0
difference between google my business account and organization account,,0,,Login / Account / App,/guides/google-business-profile-login/,Guide,TOFU,1,High,P3,0
difference between google my business and g suites,,0,,Core / Navigational Head Terms,/google-business-profile-management-tool/,Product Landing,BOFU,5,High,P3,0
difference between google my business and google adwords,,0,,Core / Navigational Head Terms,/google-business-profile-management-tool/,Product Landing,BOFU,5,High,P3,0
difference between google my business and google places,,0,,Core / Navigational Head Terms,/google-business-profile-management-tool/,Product Landing,BOFU,5,High,P3,0
difference between google my business and google plus page,,0,,Core / Navigational Head Terms,/google-business-profile-management-tool/,Product Landing,BOFU,5,High,P3,0
difference between google my business and google plus page quora,,0,,Core / Navigational Head Terms,/google-business-profile-management-tool/,Product Landing,BOFU,5,High,P3,0
difference between google places and my business,,0,,Other / Long-tail,/guides/google-business-profile-faq/,FAQ,TOFU,1,High,P3,0
difference between myself and my business in google accounts,,0,,Other / Long-tail,/guides/google-business-profile-faq/,FAQ,TOFU,1,High,P3,0
difference between yourself or manage my business account in google,,0,,Management Service / Agency,/guides/google-business-profile-login/,Guide,TOFU,1,High,P3,0
different business showing up on my google business,,0,,Other / Long-tail,/guides/google-business-profile-faq/,FAQ,TOFU,1,High,P3,0
digital phonebook listing google my business,,0,,Core / Navigational Head Terms,/google-business-profile-management-tool/,Product Landing,BOFU,5,High,P3,0
dimensioni post google my business,,0,,Google Posts / Offers / Updates,/features/google-posts-scheduler/,Feature Landing,BOFU,5,High,P3,0
dimensions for google my business cover,,0,,Photos / Logo / Cover / Videos,/guides/google-business-profile-photo-size/,Guide,TOFU,3,High,P3,0
direct google ads to my business page,,0,,Other / Long-tail,/guides/google-business-profile-faq/,FAQ,TOFU,1,High,P3,0
directory submission for google my business,,0,,Core / Navigational Head Terms,/google-business-profile-management-tool/,Product Landing,BOFU,5,High,P3,0
disable google appointment google.my business,,0,,Google Posts / Offers / Updates,/guides/google-business-profile-faq/,FAQ,TOFU,1,High,P3,0
disable reviews on google my business,,0,,Reviews / Ratings / Reply,/features/google-review-management/,Feature Landing,BOFU,5,High,P3,0
disadvantage of using tollfree number in google my business listing,,0,,Core / Navigational Head Terms,/google-business-profile-management-tool/,Product Landing,BOFU,5,High,P3,0
do i need to register my company on google business,,0,,Setup / Add / Create / Register,/guides/add-business-to-google-maps/,Guide,TOFU,4,High,P3,0
do we get paid for google my business,,0,,Free / Cost / Pricing,/guides/is-google-my-business-free/,Guide,TOFU,3,High,P3,0
do we need a website for google my business listing,,0,,Categories / Services / Description,/guides/edit-google-business-profile/,Guide,TOFU,3,High,P3,0
do you need an address for google my business,,0,,Categories / Services / Description,/guides/edit-google-business-profile/,Guide,TOFU,3,High,P3,0
does a claim google my business listing help seo,,0,,Optimization / SEO / Ranking,/guides/google-business-profile-optimization-checklist/,Pillar Guide,MOFU,5,High,P3,0
does google customer reviews use google my business review,,0,,Reviews / Ratings / Reply,/features/google-review-management/,Feature Landing,BOFU,5,High,P3,0
does google my business cost,,0,,Free / Cost / Pricing,/guides/is-google-my-business-free/,Guide,TOFU,3,High,P3,0
does google my business have an api,,0,,API / Analytics / Insights,/features/google-business-profile-reporting/,Feature Landing,BOFU,4,High,P3,0
does google own my business data,,0,,API / Analytics / Insights,/features/google-business-profile-reporting/,Feature Landing,BOFU,4,High,P3,0
does google.my business access square images,,0,,Photos / Logo / Cover / Videos,/guides/google-business-profile-photo-size/,Guide,TOFU,3,High,P3,0
dont able to search my business page on google,,0,,Other / Long-tail,/guides/google-business-profile-faq/,FAQ,TOFU,1,High,P3,0
dont see verify now in google my business,,0,,Verification / Code / Postcard,/guides/google-business-profile-verification/,Guide,MOFU,5,High,P3,0
download google my business api,,0,,API / Analytics / Insights,/guides/google-business-profile-login/,Guide,TOFU,1,High,P3,0
download google my business app for pc,,0,,API / Analytics / Insights,/guides/google-business-profile-login/,Guide,TOFU,1,High,P3,0
download google my business for pc,,0,,API / Analytics / Insights,/guides/google-business-profile-login/,Guide,TOFU,1,High,P3,0
download google my business images,,0,,Photos / Logo / Cover / Videos,/guides/google-business-profile-login/,Guide,TOFU,1,High,P3,0
downloag google my business app for window10,,0,,Login / Account / App,/guides/google-business-profile-login/,Guide,TOFU,1,High,P3,0
dr akhil google my business,,0,,Core / Navigational Head Terms,/google-business-profile-management-tool/,Product Landing,BOFU,5,High,P3,0
dr akhil shah google my business,,0,,Core / Navigational Head Terms,/google-business-profile-management-tool/,Product Landing,BOFU,5,High,P3,0
dubai safaris tour uae google my business,,0,,Core / Navigational Head Terms,/google-business-profile-management-tool/,Product Landing,BOFU,5,High,P3,0
duplicate address google my business,,0,,Suspension / Reinstatement / Delete,/guides/edit-google-business-profile/,Guide,TOFU,3,High,P3,0
duplicate google my business pages,,0,,Suspension / Reinstatement / Delete,/google-business-profile-management-tool/,Product Landing,BOFU,5,High,P3,0
duplicate listing google my business,,0,,Suspension / Reinstatement / Delete,/google-business-profile-management-tool/,Product Landing,BOFU,5,High,P3,0
duplicate location google my business,,0,,Suspension / Reinstatement / Delete,/google-business-profile-management-tool/,Product Landing,BOFU,5,High,P3,0
dynamo google my business page,,0,,Core / Navigational Head Terms,/google-business-profile-management-tool/,Product Landing,BOFU,5,High,P3,0
earn money from google my business,,0,,Core / Navigational Head Terms,/google-business-profile-management-tool/,Product Landing,BOFU,5,High,P3,0
ec be2 error google my business,,0,,Core / Navigational Head Terms,/google-business-profile-management-tool/,Product Landing,BOFU,5,High,P3,0
edit budget in google my business,,0,,Core / Navigational Head Terms,/guides/edit-google-business-profile/,Guide,TOFU,3,High,P3,0
edit google map location my business,,0,,Other / Long-tail,/guides/edit-google-business-profile/,Guide,TOFU,3,High,P3,0
edit google my business address,,0,,Categories / Services / Description,/guides/edit-google-business-profile/,Guide,TOFU,3,High,P3,0
edit google my business via schema,,0,,Core / Navigational Head Terms,/guides/edit-google-business-profile/,Guide,TOFU,3,High,P3,0
edit google my business website,,0,,Categories / Services / Description,/guides/edit-google-business-profile/,Guide,TOFU,3,High,P3,0
edit incorrect street view imagery for your business google my,,0,,Other / Long-tail,/guides/edit-google-business-profile/,Guide,TOFU,3,High,P3,0
edit my google maps business listing,,0,,Other / Long-tail,/guides/edit-google-business-profile/,Guide,TOFU,3,High,P3,0
edit your google my business listing,,0,,Core / Navigational Head Terms,/guides/edit-google-business-profile/,Guide,TOFU,3,High,P3,0
edit your location in google maps my business,,0,,Other / Long-tail,/guides/edit-google-business-profile/,Guide,TOFU,3,High,P3,0
effects of using tollfree number in google my business listing,,0,,Core / Navigational Head Terms,/google-business-profile-management-tool/,Product Landing,BOFU,5,High,P3,0
efit google my business,,0,,Core / Navigational Head Terms,/google-business-profile-management-tool/,Product Landing,BOFU,5,High,P3,0
eliminar reseñas google my business,,0,,Core / Navigational Head Terms,/google-business-profile-management-tool/,Product Landing,BOFU,5,High,P3,0
email id of google my business support,,0,,Support / Customer Care / Contact,/guides/google-business-profile-support/,Official Support Guide,TOFU,1,High,P3,0
embed google my business post on my website,,0,,Google Posts / Offers / Updates,/features/google-posts-scheduler/,Feature Landing,BOFU,5,High,P3,0
embedding google my business post on my website,,0,,Google Posts / Offers / Updates,/features/google-posts-scheduler/,Feature Landing,BOFU,5,High,P3,0
embedding google my business post on my website in iframe,,0,,Google Posts / Offers / Updates,/features/google-posts-scheduler/,Feature Landing,BOFU,5,High,P3,0
emoha google my business login,,0,,Login / Account / App,/guides/google-business-profile-login/,Guide,TOFU,1,High,P3,0
en.advertisercommunity google my business,,0,,Core / Navigational Head Terms,/google-business-profile-management-tool/,Product Landing,BOFU,5,High,P3,0
en.advertisercommunity.com t5 google-my-business ct-p gmb,,0,,Core / Navigational Head Terms,/google-business-profile-management-tool/,Product Landing,BOFU,5,High,P3,0
enable google my business,,0,,Core / Navigational Head Terms,/google-business-profile-management-tool/,Product Landing,BOFU,5,High,P3,0
enable review for my business on google maps,,0,,Reviews / Ratings / Reply,/features/google-review-management/,Feature Landing,BOFU,5,High,P3,0
enbke google my business api,,0,,API / Analytics / Insights,/features/google-business-profile-reporting/,Feature Landing,BOFU,4,High,P3,0
engage online and bring in customers through google my business,,0,,Core / Navigational Head Terms,/google-business-profile-management-tool/,Product Landing,BOFU,5,High,P3,0
enter a valid name google my business,,0,,Core / Navigational Head Terms,/google-business-profile-management-tool/,Product Landing,BOFU,5,High,P3,0
enter opening date in google my business seo,,0,,Optimization / SEO / Ranking,/guides/google-business-profile-optimization-checklist/,Pillar Guide,MOFU,5,High,P3,0
error while verifying google my business,,0,,Core / Navigational Head Terms,/google-business-profile-management-tool/,Product Landing,BOFU,5,High,P3,0
errors of google my business,,0,,Core / Navigational Head Terms,/google-business-profile-management-tool/,Product Landing,BOFU,5,High,P3,0
estadisticas google my business,,0,,Core / Navigational Head Terms,/google-business-profile-management-tool/,Product Landing,BOFU,5,High,P3,0
eternal fitnesse google my business,,0,,Core / Navigational Head Terms,/google-business-profile-management-tool/,Product Landing,BOFU,5,High,P3,0
etiquetas google my business,,0,,Core / Navigational Head Terms,/google-business-profile-management-tool/,Product Landing,BOFU,5,High,P3,0
everise immigration chandigarh on google my business,,0,,Core / Navigational Head Terms,/google-business-profile-management-tool/,Product Landing,BOFU,5,High,P3,0
example of cover photo in google my business,,0,,Photos / Logo / Cover / Videos,/guides/google-business-profile-photo-size/,Guide,TOFU,3,High,P3,0
examples of google my business websites,,0,,Core / Navigational Head Terms,/google-business-profile-management-tool/,Product Landing,BOFU,5,High,P3,0
examples of label in google my business,,0,,Core / Navigational Head Terms,/google-business-profile-management-tool/,Product Landing,BOFU,5,High,P3,0
examples of label in google my business quora,,0,,Core / Navigational Head Terms,/google-business-profile-management-tool/,Product Landing,BOFU,5,High,P3,0
expand my business with google ads,,0,,Other / Long-tail,/guides/google-business-profile-faq/,FAQ,TOFU,1,High,P3,0
experte google my business,,0,,Core / Navigational Head Terms,/google-business-profile-management-tool/,Product Landing,BOFU,5,High,P3,0
experte google my business hamburg,,0,,Core / Navigational Head Terms,/google-business-profile-management-tool/,Product Landing,BOFU,5,High,P3,0
expertos google my business,,0,,Core / Navigational Head Terms,/google-business-profile-management-tool/,Product Landing,BOFU,5,High,P3,0
export google my business insights,,0,,API / Analytics / Insights,/features/google-business-profile-reporting/,Feature Landing,BOFU,4,High,P3,0
extra zoom communication on google my business,,0,,Core / Navigational Head Terms,/google-business-profile-management-tool/,Product Landing,BOFU,5,High,P3,0
extract google my business data,,0,,API / Analytics / Insights,/features/google-business-profile-reporting/,Feature Landing,BOFU,4,High,P3,0
facebook google my business,,0,,Core / Navigational Head Terms,/google-business-profile-management-tool/,Product Landing,BOFU,5,High,P3,0
factors rank of google my business listing,,0,,Optimization / SEO / Ranking,/guides/google-business-profile-optimization-checklist/,Pillar Guide,MOFU,5,High,P3,0
famous ref and engg works google my business,,0,,Core / Navigational Head Terms,/google-business-profile-management-tool/,Product Landing,BOFU,5,High,P3,0
feature pending inn google my business,,0,,Core / Navigational Head Terms,/google-business-profile-management-tool/,Product Landing,BOFU,5,High,P3,0
features in my business on google,,0,,Other / Long-tail,/guides/google-business-profile-faq/,FAQ,TOFU,1,High,P3,0
features of google my business api,,0,,API / Analytics / Insights,/features/google-business-profile-reporting/,Feature Landing,BOFU,4,High,P3,0
features to look for in a google my business podt,,0,,Core / Navigational Head Terms,/google-business-profile-management-tool/,Product Landing,BOFU,5,High,P3,0
features to look for in a google my business post,,0,,Google Posts / Offers / Updates,/features/google-posts-scheduler/,Feature Landing,BOFU,5,High,P3,0
feb 04 how to optimize your google my business listings,,0,,Optimization / SEO / Ranking,/guides/google-business-profile-optimization-checklist/,Pillar Guide,MOFU,5,High,P3,0
fee for google my business,,0,,Core / Navigational Head Terms,/google-business-profile-management-tool/,Product Landing,BOFU,5,High,P3,0
fee for google my business page,,0,,Core / Navigational Head Terms,/google-business-profile-management-tool/,Product Landing,BOFU,5,High,P3,0
feedbox indore google my business,,0,,Core / Navigational Head Terms,/google-business-profile-management-tool/,Product Landing,BOFU,5,High,P3,0
ferramenta de google my business,,0,,Core / Navigational Head Terms,/google-business-profile-management-tool/,Product Landing,BOFU,5,High,P3,0
fetch data from google my business,,0,,API / Analytics / Insights,/features/google-business-profile-reporting/,Feature Landing,BOFU,4,High,P3,0
fetch google my business insights,,0,,API / Analytics / Insights,/features/google-business-profile-reporting/,Feature Landing,BOFU,4,High,P3,0
find clients in google my business,,0,,Core / Navigational Head Terms,/google-business-profile-management-tool/,Product Landing,BOFU,5,High,P3,0
find google my business categories,,0,,Categories / Services / Description,/guides/google-business-profile-categories-list/,Guide,TOFU,4,High,P3,0
find my google business listing,,0,,Other / Long-tail,/guides/google-business-profile-faq/,FAQ,TOFU,1,High,P3,0
find my google plus business page,,0,,Other / Long-tail,/guides/google-business-profile-faq/,FAQ,TOFU,1,High,P3,0
find unclaimed google my business listings,,0,,Core / Navigational Head Terms,/google-business-profile-management-tool/,Product Landing,BOFU,5,High,P3,0
fit cover photo to google my business,,0,,Photos / Logo / Cover / Videos,/guides/google-business-profile-photo-size/,Guide,TOFU,3,High,P3,0
flag as inappropriate in my business google,,0,,Other / Long-tail,/guides/google-business-profile-faq/,FAQ,TOFU,1,High,P3,0
flat as a inapproriate in google my business,,0,,Core / Navigational Head Terms,/google-business-profile-management-tool/,Product Landing,BOFU,5,High,P3,0
flat complex meaning in google my business,,0,,Core / Navigational Head Terms,/google-business-profile-management-tool/,Product Landing,BOFU,5,High,P3,0
font awesome google my business,,0,,Core / Navigational Head Terms,/google-business-profile-management-tool/,Product Landing,BOFU,5,High,P3,0
forgot login google my business,,0,,Login / Account / App,/guides/google-business-profile-login/,Guide,TOFU,1,High,P3,0
forgot username of google my business,,0,,Core / Navigational Head Terms,/google-business-profile-management-tool/,Product Landing,BOFU,5,High,P3,0
format image post google my business,,0,,Google Posts / Offers / Updates,/guides/google-business-profile-posts-examples/,Guide,TOFU,4,High,P3,0
forrest and love google my business,,0,,Core / Navigational Head Terms,/google-business-profile-management-tool/,Product Landing,BOFU,5,High,P3,0
fortius solutions google my business,,0,,Core / Navigational Head Terms,/google-business-profile-management-tool/,Product Landing,BOFU,5,High,P3,0
forum google my business,,0,,Core / Navigational Head Terms,/google-business-profile-management-tool/,Product Landing,BOFU,5,High,P3,0
forward google review link to my business,,0,,Reviews / Ratings / Reply,/guides/google-my-business-review-link/,Guide,MOFU,5,High,P3,0
free editing video google in my business,,0,,Photos / Logo / Cover / Videos,/guides/google-business-profile-photo-size/,Guide,TOFU,3,High,P3,0
free google data studio connector for google my business,,0,,API / Analytics / Insights,/features/google-business-profile-reporting/,Feature Landing,BOFU,4,High,P3,0
free google my business page,,0,,Free / Cost / Pricing,/guides/is-google-my-business-free/,Guide,TOFU,3,High,P3,0
free google my business post scheduler,,0,,Google Posts / Offers / Updates,/features/google-posts-scheduler/,Feature Landing,BOFU,5,High,P3,0
free services provided by google my business,,0,,Categories / Services / Description,/guides/google-my-business-services/,Guide,TOFU,4,High,P3,0
from starting how to google my business,,0,,Core / Navigational Head Terms,/google-business-profile-management-tool/,Product Landing,BOFU,5,High,P3,0
frozen india google my business,,0,,Core / Navigational Head Terms,/google-business-profile-management-tool/,Product Landing,BOFU,5,High,P3,0
full tutorial google my business,,0,,Core / Navigational Head Terms,/google-business-profile-management-tool/,Product Landing,BOFU,5,High,P3,0
furnitmart google my business page,,0,,Core / Navigational Head Terms,/google-business-profile-management-tool/,Product Landing,BOFU,5,High,P3,0
gcid vs category in google my business,,0,,Categories / Services / Description,/guides/google-business-profile-categories-list/,Guide,TOFU,4,High,P3,0
generate qr code for google my business,,0,,Verification / Code / Postcard,/guides/google-business-profile-verification/,Guide,MOFU,5,High,P3,0
generate review link for google my business,,0,,Reviews / Ratings / Reply,/guides/google-my-business-review-link/,Guide,MOFU,5,High,P3,0
geo tagging of photos google my business,,0,,Photos / Logo / Cover / Videos,/guides/google-business-profile-photo-size/,Guide,TOFU,3,High,P3,0
get a call back from google my business,,0,,Support / Customer Care / Contact,/guides/google-business-profile-support/,Official Support Guide,TOFU,1,High,P3,0
get a google my business,,0,,Core / Navigational Head Terms,/google-business-profile-management-tool/,Product Landing,BOFU,5,High,P3,0
get a google my business also with no address verification,,0,,Verification / Code / Postcard,/guides/google-business-profile-verification/,Guide,MOFU,5,High,P3,0
get a google voice number for my business,,0,,Other / Long-tail,/guides/google-business-profile-faq/,FAQ,TOFU,1,High,P3,0
get a quote google my business,,0,,Core / Navigational Head Terms,/google-business-profile-management-tool/,Product Landing,BOFU,5,High,P3,0
get all google my business api,,0,,API / Analytics / Insights,/features/google-business-profile-reporting/,Feature Landing,BOFU,4,High,P3,0
get all google my business data category wise,,0,,Categories / Services / Description,/guides/google-business-profile-categories-list/,Guide,TOFU,4,High,P3,0
get all google reviews my business exaple,,0,,Reviews / Ratings / Reply,/features/google-review-management/,Feature Landing,BOFU,5,High,P3,0
get google my business api key,,0,,API / Analytics / Insights,/features/google-business-profile-reporting/,Feature Landing,BOFU,4,High,P3,0
get more reviews google my business,,0,,Reviews / Ratings / Reply,/features/google-review-management/,Feature Landing,BOFU,5,High,P3,0
get my advantage on google business,,0,,Other / Long-tail,/guides/google-business-profile-faq/,FAQ,TOFU,1,High,P3,0
get my business listed on google maps,,0,,Other / Long-tail,/guides/google-business-profile-faq/,FAQ,TOFU,1,High,P3,0
get my business listing on google,,0,,Other / Long-tail,/guides/google-business-profile-faq/,FAQ,TOFU,1,High,P3,0
get my business on google for free,,0,,Free / Cost / Pricing,/guides/is-google-my-business-free/,Guide,TOFU,3,High,P3,0
get my business on google search,,0,,Other / Long-tail,/guides/google-business-profile-faq/,FAQ,TOFU,1,High,P3,0
get my business pinned on google maps,,0,,Other / Long-tail,/guides/google-business-profile-faq/,FAQ,TOFU,1,High,P3,0
get my google business listing,,0,,Other / Long-tail,/guides/google-business-profile-faq/,FAQ,TOFU,1,High,P3,0
get my google business listing in top list,,0,,Other / Long-tail,/guides/google-business-profile-faq/,FAQ,TOFU,1,High,P3,0
get noticed google my business,,0,,Core / Navigational Head Terms,/google-business-profile-management-tool/,Product Landing,BOFU,5,High,P3,0
get store code in google my business,,0,,Verification / Code / Postcard,/guides/google-business-profile-verification/,Guide,MOFU,5,High,P3,0
getting best out of google my business,,0,,Core / Navigational Head Terms,/google-business-profile-management-tool/,Product Landing,BOFU,5,High,P3,0
gharelu nushka google my business,,0,,Core / Navigational Head Terms,/google-business-profile-management-tool/,Product Landing,BOFU,5,High,P3,0
ghow to get top spot in google my business,,0,,Core / Navigational Head Terms,/google-business-profile-management-tool/,Product Landing,BOFU,5,High,P3,0
give access to agency google my business,,0,,Management Service / Agency,/google-my-business-management-service/,Service Landing,BOFU,5,High,P3,0
give admin access in google my business,,0,,Ownership / Access / Transfer,/guides/google-business-profile-ownership-transfer/,Guide,TOFU,4,High,P3,0
give me my website of on google business,,0,,Categories / Services / Description,/guides/edit-google-business-profile/,Guide,TOFU,3,High,P3,0
give the access of google my business page,,0,,Ownership / Access / Transfer,/guides/google-business-profile-ownership-transfer/,Guide,TOFU,4,High,P3,0
gmb class in google my business,,0,,Core / Navigational Head Terms,/google-business-profile-management-tool/,Product Landing,BOFU,5,High,P3,0
gmcc google my business,,0,,Core / Navigational Head Terms,/google-business-profile-management-tool/,Product Landing,BOFU,5,High,P3,0
gmybiz google my business in salem,,0,,Core / Navigational Head Terms,/google-business-profile-management-tool/,Product Landing,BOFU,5,High,P3,0
go italia vizag google my business,,0,,Core / Navigational Head Terms,/google-business-profile-management-tool/,Product Landing,BOFU,5,High,P3,0
go italia vizag google my business login,,0,,Login / Account / App,/guides/google-business-profile-login/,Guide,TOFU,1,High,P3,0
go italia vizag google my business page,,0,,Core / Navigational Head Terms,/google-business-profile-management-tool/,Product Landing,BOFU,5,High,P3,0
goantick google my business,,0,,Core / Navigational Head Terms,/google-business-profile-management-tool/,Product Landing,BOFU,5,High,P3,0
godaddy forward your domain to your google my business,,0,,Core / Navigational Head Terms,/google-business-profile-management-tool/,Product Landing,BOFU,5,High,P3,0
goldspot google my business,,0,,Core / Navigational Head Terms,/google-business-profile-management-tool/,Product Landing,BOFU,5,High,P3,0
good business description for google my business profile,,0,,Categories / Services / Description,/guides/google-business-profile-description-examples/,Guide,TOFU,4,High,P3,0
good business description for google my business profile sample,,0,,Categories / Services / Description,/guides/google-business-profile-description-examples/,Guide,TOFU,4,High,P3,0
googl my business adwor linking,,0,,Other / Long-tail,/guides/google-business-profile-faq/,FAQ,TOFU,1,High,P3,0
googl my business.com,,0,,Other / Long-tail,/guides/google-business-profile-faq/,FAQ,TOFU,1,High,P3,0
google academy google my business,,0,,Core / Navigational Head Terms,/google-business-profile-management-tool/,Product Landing,BOFU,5,High,P3,0
google account for myself to manage my business,,0,,Management Service / Agency,/guides/google-business-profile-login/,Guide,TOFU,1,High,P3,0
google add my business add location,,0,,Setup / Add / Create / Register,/guides/add-business-to-google-maps/,Guide,TOFU,4,High,P3,0
google add my business basic,,0,,Setup / Add / Create / Register,/guides/add-business-to-google-maps/,Guide,TOFU,4,High,P3,0
google add my business contact number,,0,,Setup / Add / Create / Register,/guides/google-business-profile-support/,Official Support Guide,TOFU,1,High,P3,0
google add my business contact number india,,0,,Setup / Add / Create / Register,/guides/google-business-profile-support/,Official Support Guide,TOFU,1,High,P3,0
google address of my business,,0,,Categories / Services / Description,/guides/edit-google-business-profile/,Guide,TOFU,3,High,P3,0
google ads location extensions phone google my business,,0,,Categories / Services / Description,/guides/edit-google-business-profile/,Guide,TOFU,3,High,P3,0
google ads to promote my business,,0,,Other / Long-tail,/guides/google-business-profile-faq/,FAQ,TOFU,1,High,P3,0
google adwords vs google my business,,0,,Core / Navigational Head Terms,/google-business-profile-management-tool/,Product Landing,BOFU,5,High,P3,0
google agrovet my business app,,0,,Login / Account / App,/guides/google-business-profile-login/,Guide,TOFU,1,High,P3,0
google analytics api google my business,,0,,API / Analytics / Insights,/features/google-business-profile-reporting/,Feature Landing,BOFU,4,High,P3,0
google analytics api v4 and google my business,,0,,API / Analytics / Insights,/features/google-business-profile-reporting/,Feature Landing,BOFU,4,High,P3,0
google api client my business php,,0,,API / Analytics / Insights,/features/google-business-profile-reporting/,Feature Landing,BOFU,4,High,P3,0
google app for my business,,0,,Login / Account / App,/guides/google-business-profile-login/,Guide,TOFU,1,High,P3,0
google business and my locations,,0,,Other / Long-tail,/google-business-profile-management-tool/,Product Landing,BOFU,5,High,P3,0
google business changed my phone number,,0,,Categories / Services / Description,/guides/edit-google-business-profile/,Guide,TOFU,3,High,P3,0
google business not updating my phone number,,0,,Categories / Services / Description,/guides/edit-google-business-profile/,Guide,TOFU,3,High,P3,0
google business site go through google my business,,0,,Core / Navigational Head Terms,/google-business-profile-management-tool/,Product Landing,BOFU,5,High,P3,0
google business support my business,,0,,Support / Customer Care / Contact,/guides/google-business-profile-support/,Official Support Guide,TOFU,1,High,P3,0
google certification in my business,,0,,Other / Long-tail,/guides/google-business-profile-faq/,FAQ,TOFU,1,High,P3,0
google co in google my business,,0,,Core / Navigational Head Terms,/google-business-profile-management-tool/,Product Landing,BOFU,5,High,P3,0
google co uk my business,,0,,Other / Long-tail,/guides/google-business-profile-faq/,FAQ,TOFU,1,High,P3,0
google com my google business,,0,,Other / Long-tail,/guides/google-business-profile-faq/,FAQ,TOFU,1,High,P3,0
google create account to manage my business,,0,,Management Service / Agency,/guides/google-business-profile-login/,Guide,TOFU,1,High,P3,0
google create an account to manage my business,,0,,Management Service / Agency,/guides/google-business-profile-login/,Guide,TOFU,1,High,P3,0
google customer reviews vs google my business reviews,,0,,Reviews / Ratings / Reply,/features/google-review-management/,Feature Landing,BOFU,5,High,P3,0
google customer service my business,,0,,Management Service / Agency,/guides/google-business-profile-faq/,FAQ,TOFU,1,High,P3,0
google deleted my business listing,,0,,Other / Long-tail,/guides/google-business-profile-faq/,FAQ,TOFU,1,High,P3,0
google email account to manage my business,,0,,Management Service / Agency,/guides/google-business-profile-login/,Guide,TOFU,1,High,P3,0
google erify my business,,0,,Other / Long-tail,/guides/google-business-profile-faq/,FAQ,TOFU,1,High,P3,0
google falsely recognized my business as duplicate business,,0,,Suspension / Reinstatement / Delete,/guides/google-business-profile-faq/,FAQ,TOFU,1,High,P3,0
google form to google my business,,0,,Core / Navigational Head Terms,/google-business-profile-management-tool/,Product Landing,BOFU,5,High,P3,0
google fr my business,,0,,Other / Long-tail,/guides/google-business-profile-faq/,FAQ,TOFU,1,High,P3,0
google free my business,,0,,Free / Cost / Pricing,/guides/is-google-my-business-free/,Guide,TOFU,3,High,P3,0
google get my business online,,0,,Other / Long-tail,/guides/google-business-profile-faq/,FAQ,TOFU,1,High,P3,0
google get the latest review my-business,,0,,Reviews / Ratings / Reply,/features/google-review-management/,Feature Landing,BOFU,5,High,P3,0
google has my business phone number wrong,,0,,Categories / Services / Description,/guides/edit-google-business-profile/,Guide,TOFU,3,High,P3,0
google help me my business,,0,,Other / Long-tail,/guides/google-business-profile-faq/,FAQ,TOFU,1,High,P3,0
google help my business place id,,0,,Other / Long-tail,/guides/google-business-profile-faq/,FAQ,TOFU,1,High,P3,0
google help.me.in my business com,,0,,Other / Long-tail,/guides/google-business-profile-faq/,FAQ,TOFU,1,High,P3,0
google india my business support number,,0,,Support / Customer Care / Contact,/guides/google-business-profile-support/,Official Support Guide,TOFU,1,High,P3,0
google is not update my business address,,0,,Google Posts / Offers / Updates,/features/google-posts-scheduler/,Feature Landing,BOFU,5,High,P3,0
google keeps changing my business hours,,0,,Categories / Services / Description,/guides/google-business-profile-hours/,Guide,TOFU,3,High,P3,0
google labels my business,,0,,Other / Long-tail,/guides/google-business-profile-faq/,FAQ,TOFU,1,High,P3,0
google link generator for my business,,0,,Other / Long-tail,/guides/google-business-profile-faq/,FAQ,TOFU,1,High,P3,0
google listing map my business,,0,,Other / Long-tail,/guides/google-business-profile-faq/,FAQ,TOFU,1,High,P3,0
google listing my business customer care,,0,,Support / Customer Care / Contact,/guides/google-business-profile-support/,Official Support Guide,TOFU,1,High,P3,0
google listing my business site,,0,,Other / Long-tail,/guides/google-business-profile-faq/,FAQ,TOFU,1,High,P3,0
google local listing and google my business,,0,,Core / Navigational Head Terms,/google-business-profile-management-tool/,Product Landing,BOFU,5,High,P3,0
google local my business insights,,0,,API / Analytics / Insights,/features/google-business-profile-reporting/,Feature Landing,BOFU,4,High,P3,0
google looking my business,,0,,Other / Long-tail,/guides/google-business-profile-faq/,FAQ,TOFU,1,High,P3,0
google map always show my business location,,0,,Other / Long-tail,/guides/google-business-profile-faq/,FAQ,TOFU,1,High,P3,0
google map incorrect my business,,0,,Other / Long-tail,/guides/google-business-profile-faq/,FAQ,TOFU,1,High,P3,0
google map my business address add,,0,,Categories / Services / Description,/guides/add-business-to-google-maps/,Guide,TOFU,4,High,P3,0
google map showing my business only after search,,0,,Other / Long-tail,/guides/google-business-profile-faq/,FAQ,TOFU,1,High,P3,0
google map snippit of my business,,0,,Other / Long-tail,/guides/google-business-profile-faq/,FAQ,TOFU,1,High,P3,0
google map veryfy my business,,0,,Other / Long-tail,/guides/google-business-profile-faq/,FAQ,TOFU,1,High,P3,0
google maps iframe generator with all my business locations,,0,,Other / Long-tail,/google-business-profile-management-tool/,Product Landing,BOFU,5,High,P3,0
google maps is wrong for my business,,0,,Other / Long-tail,/guides/google-business-profile-faq/,FAQ,TOFU,1,High,P3,0
google maps location update how in my business,,0,,Google Posts / Offers / Updates,/features/google-posts-scheduler/,Feature Landing,BOFU,5,High,P3,0
google maps show my business,,0,,Other / Long-tail,/guides/google-business-profile-faq/,FAQ,TOFU,1,High,P3,0
google maps toll free my business listing,,0,,Support / Customer Care / Contact,/guides/google-business-profile-support/,Official Support Guide,TOFU,1,High,P3,0
google market my business,,0,,Other / Long-tail,/guides/google-business-profile-faq/,FAQ,TOFU,1,High,P3,0
google my busi listing,,0,,Other / Long-tail,/guides/google-business-profile-faq/,FAQ,TOFU,1,High,P3,0
google my business 101,,0,,Core / Navigational Head Terms,/google-business-profile-management-tool/,Product Landing,BOFU,5,High,P3,0
google my business 1702 diigtal,,0,,Core / Navigational Head Terms,/google-business-profile-management-tool/,Product Landing,BOFU,5,High,P3,0
google my business 1800,,0,,Core / Navigational Head Terms,/google-business-profile-management-tool/,Product Landing,BOFU,5,High,P3,0
google my business 1800419,,0,,Core / Navigational Head Terms,/google-business-profile-management-tool/,Product Landing,BOFU,5,High,P3,0
google my business 2 adresses,,0,,Core / Navigational Head Terms,/google-business-profile-management-tool/,Product Landing,BOFU,5,High,P3,0
google my business 2 star,,0,,Core / Navigational Head Terms,/google-business-profile-management-tool/,Product Landing,BOFU,5,High,P3,0
google my business 2 star rating,,0,,Reviews / Ratings / Reply,/features/google-review-management/,Feature Landing,BOFU,5,High,P3,0
google my business 2018,,0,,Core / Navigational Head Terms,/google-business-profile-management-tool/,Product Landing,BOFU,5,High,P3,0
google my business 2018 tutorial,,0,,Core / Navigational Head Terms,/google-business-profile-management-tool/,Product Landing,BOFU,5,High,P3,0
google my business 2019,,0,,Core / Navigational Head Terms,/google-business-profile-management-tool/,Product Landing,BOFU,5,High,P3,0
google my business 36 downtown,,0,,Core / Navigational Head Terms,/google-business-profile-management-tool/,Product Landing,BOFU,5,High,P3,0
google my business 360 tour,,0,,Core / Navigational Head Terms,/google-business-profile-management-tool/,Product Landing,BOFU,5,High,P3,0
google my business 360 virtual tour,,0,,Core / Navigational Head Terms,/google-business-profile-management-tool/,Product Landing,BOFU,5,High,P3,0
google my business 36downtown,,0,,Core / Navigational Head Terms,/google-business-profile-management-tool/,Product Landing,BOFU,5,High,P3,0
google my business 3p policy,,0,,Core / Navigational Head Terms,/google-business-profile-management-tool/,Product Landing,BOFU,5,High,P3,0
google my business 5 star review badge,,0,,Reviews / Ratings / Reply,/features/google-review-management/,Feature Landing,BOFU,5,High,P3,0
google my business 5 star review icon,,0,,Reviews / Ratings / Reply,/features/google-review-management/,Feature Landing,BOFU,5,High,P3,0
google my business 58020,,0,,Core / Navigational Head Terms,/google-business-profile-management-tool/,Product Landing,BOFU,5,High,P3,0
google my business a c,,0,,Core / Navigational Head Terms,/google-business-profile-management-tool/,Product Landing,BOFU,5,High,P3,0
google my business aachen,,0,,Core / Navigational Head Terms,/google-business-profile-management-tool/,Product Landing,BOFU,5,High,P3,0
google my business aakav fitness,,0,,Core / Navigational Head Terms,/google-business-profile-management-tool/,Product Landing,BOFU,5,High,P3,0
google my business aalst,,0,,Core / Navigational Head Terms,/google-business-profile-management-tool/,Product Landing,BOFU,5,High,P3,0
google my business abd global exports,,0,,Core / Navigational Head Terms,/google-business-profile-management-tool/,Product Landing,BOFU,5,High,P3,0
google my business academy for ads,,0,,Core / Navigational Head Terms,/google-business-profile-management-tool/,Product Landing,BOFU,5,High,P3,0
google my business accedi,,0,,Core / Navigational Head Terms,/google-business-profile-management-tool/,Product Landing,BOFU,5,High,P3,0
google my business accept payments,,0,,Core / Navigational Head Terms,/google-business-profile-management-tool/,Product Landing,BOFU,5,High,P3,0
google my business account cant accessed by gsuite iser,,0,,Login / Account / App,/guides/google-business-profile-login/,Guide,TOFU,1,High,P3,0
google my business account cost,,0,,Login / Account / App,/guides/google-business-profile-login/,Guide,TOFU,1,High,P3,0
google my business account dashboard,,0,,Management Service / Agency,/guides/google-business-profile-login/,Guide,TOFU,1,High,P3,0
google my business account delete kaise karte hai,,0,,Suspension / Reinstatement / Delete,/guides/google-business-profile-login/,Guide,TOFU,1,High,P3,0
google my business account ko kaise,,0,,Login / Account / App,/guides/google-business-profile-login/,Guide,TOFU,1,High,P3,0
google my business account ko kaise banaye,,0,,Login / Account / App,/guides/google-business-profile-login/,Guide,TOFU,1,High,P3,0
google my business account ko verify kaise kare,,0,,Verification / Code / Postcard,/guides/google-business-profile-login/,Guide,TOFU,1,High,P3,0
google my business account löschen,,0,,Login / Account / App,/guides/google-business-profile-login/,Guide,TOFU,1,High,P3,0
google my business account short name,,0,,Login / Account / App,/guides/google-business-profile-login/,Guide,TOFU,1,High,P3,0
google my business account summary,,0,,Login / Account / App,/guides/google-business-profile-login/,Guide,TOFU,1,High,P3,0
google my business account support,,0,,Support / Customer Care / Contact,/guides/google-business-profile-support/,Official Support Guide,TOFU,1,High,P3,0
google my business account suspended due to quality issues,,0,,Suspension / Reinstatement / Delete,/guides/google-business-profile-login/,Guide,TOFU,1,High,P3,0
google my business acess,,0,,Core / Navigational Head Terms,/google-business-profile-management-tool/,Product Landing,BOFU,5,High,P3,0
google my business acoount,,0,,Core / Navigational Head Terms,/google-business-profile-management-tool/,Product Landing,BOFU,5,High,P3,0
google my business acquisition in analytics,,0,,API / Analytics / Insights,/features/google-business-profile-reporting/,Feature Landing,BOFU,4,High,P3,0
google my business ad a user,,0,,Core / Navigational Head Terms,/google-business-profile-management-tool/,Product Landing,BOFU,5,High,P3,0
google my business ad themanifest.com,,0,,Core / Navigational Head Terms,/google-business-profile-management-tool/,Product Landing,BOFU,5,High,P3,0
google my business add a user,,0,,Setup / Add / Create / Register,/guides/add-business-to-google-maps/,Guide,TOFU,4,High,P3,0
google my business add car book link in information,,0,,Setup / Add / Create / Register,/guides/add-business-to-google-maps/,Guide,TOFU,4,High,P3,0
google my business add cover photo,,0,,Photos / Logo / Cover / Videos,/guides/add-business-to-google-maps/,Guide,TOFU,4,High,P3,0
google my business add email,,0,,Setup / Add / Create / Register,/guides/add-business-to-google-maps/,Guide,TOFU,4,High,P3,0
google my business add facebook,,0,,Setup / Add / Create / Register,/guides/add-business-to-google-maps/,Guide,TOFU,4,High,P3,0
google my business add facebook and twitter link,,0,,Setup / Add / Create / Register,/guides/add-business-to-google-maps/,Guide,TOFU,4,High,P3,0
google my business add missing data,,0,,Setup / Add / Create / Register,/guides/add-business-to-google-maps/,Guide,TOFU,4,High,P3,0
google my business add multiple numbers,,0,,Setup / Add / Create / Register,/guides/add-business-to-google-maps/,Guide,TOFU,4,High,P3,0
google my business add profile photo,,0,,Photos / Logo / Cover / Videos,/guides/add-business-to-google-maps/,Guide,TOFU,4,High,P3,0
google my business add second business location using same profile,,0,,Setup / Add / Create / Register,/guides/add-business-to-google-maps/,Guide,TOFU,4,High,P3,0
google my business add social media,,0,,Setup / Add / Create / Register,/guides/add-business-to-google-maps/,Guide,TOFU,4,High,P3,0
google my business add team members,,0,,Setup / Add / Create / Register,/guides/add-business-to-google-maps/,Guide,TOFU,4,High,P3,0
google my business add whatsapp group link,,0,,Setup / Add / Create / Register,/guides/add-business-to-google-maps/,Guide,TOFU,4,High,P3,0
google my business address change effect,,0,,Categories / Services / Description,/guides/edit-google-business-profile/,Guide,TOFU,3,High,P3,0
google my business address change not reflecting in google map,,0,,Categories / Services / Description,/guides/edit-google-business-profile/,Guide,TOFU,3,High,P3,0
google my business address guidelines,,0,,Categories / Services / Description,/guides/edit-google-business-profile/,Guide,TOFU,3,High,P3,0
google my business adds more branding tools introduces searchable shortnames,,0,,Core / Navigational Head Terms,/google-business-profile-management-tool/,Product Landing,BOFU,5,High,P3,0
google my business admin access to others,,0,,Ownership / Access / Transfer,/guides/google-business-profile-ownership-transfer/,Guide,TOFU,4,High,P3,0
google my business administrative area,,0,,Core / Navigational Head Terms,/google-business-profile-management-tool/,Product Landing,BOFU,5,High,P3,0
google my business adress buy,,0,,Core / Navigational Head Terms,/google-business-profile-management-tool/,Product Landing,BOFU,5,High,P3,0
google my business adress is only visible to you,,0,,Core / Navigational Head Terms,/google-business-profile-management-tool/,Product Landing,BOFU,5,High,P3,0
google my business adresse gmail,,0,,Core / Navigational Head Terms,/google-business-profile-management-tool/,Product Landing,BOFU,5,High,P3,0
google my business ads images,,0,,Photos / Logo / Cover / Videos,/guides/google-business-profile-photo-size/,Guide,TOFU,3,High,P3,0
google my business advanced information labels,,0,,Core / Navigational Head Terms,/google-business-profile-management-tool/,Product Landing,BOFU,5,High,P3,0
google my business advantages latest,,0,,Core / Navigational Head Terms,/google-business-profile-management-tool/,Product Landing,BOFU,5,High,P3,0
google my business advertise,,0,,Core / Navigational Head Terms,/google-business-profile-management-tool/,Product Landing,BOFU,5,High,P3,0
google my business advertisier community,,0,,Core / Navigational Head Terms,/google-business-profile-management-tool/,Product Landing,BOFU,5,High,P3,0
google my business advertising communit,,0,,Core / Navigational Head Terms,/google-business-profile-management-tool/,Product Landing,BOFU,5,High,P3,0
google my business adwords express,,0,,Core / Navigational Head Terms,/google-business-profile-management-tool/,Product Landing,BOFU,5,High,P3,0
google my business affiliate location,,0,,Core / Navigational Head Terms,/google-business-profile-management-tool/,Product Landing,BOFU,5,High,P3,0
google my business affiliate program,,0,,Core / Navigational Head Terms,/google-business-profile-management-tool/,Product Landing,BOFU,5,High,P3,0
google my business after postcard verification,,0,,Verification / Code / Postcard,/guides/google-business-profile-verification/,Guide,MOFU,5,High,P3,0
google my business agency api,,0,,Management Service / Agency,/google-my-business-management-service/,Service Landing,BOFU,5,High,P3,0
google my business agency images hd,,0,,Photos / Logo / Cover / Videos,/google-my-business-management-service/,Service Landing,BOFU,5,High,P3,0
google my business agency registration,,0,,Management Service / Agency,/google-my-business-management-service/,Service Landing,BOFU,5,High,P3,0
google my business agency reports,,0,,Management Service / Agency,/google-my-business-management-service/,Service Landing,BOFU,5,High,P3,0
google my business agency services,,0,,Categories / Services / Description,/google-my-business-management-service/,Service Landing,BOFU,5,High,P3,0
google my business agency tools,,0,,Management Service / Agency,/google-my-business-management-service/,Service Landing,BOFU,5,High,P3,0
google my business agency vancouver canada,,0,,Management Service / Agency,/google-my-business-management-service/,Service Landing,BOFU,5,High,P3,0
google my business agent guideline,,0,,Core / Navigational Head Terms,/google-business-profile-management-tool/,Product Landing,BOFU,5,High,P3,0
google my business agentur,,0,,Core / Navigational Head Terms,/google-business-profile-management-tool/,Product Landing,BOFU,5,High,P3,0
google my business alaknanda pet clinic,,0,,Core / Navigational Head Terms,/google-business-profile-management-tool/,Product Landing,BOFU,5,High,P3,0
google my business alert,,0,,Core / Navigational Head Terms,/google-business-profile-management-tool/,Product Landing,BOFU,5,High,P3,0
google my business alerts,,0,,Core / Navigational Head Terms,/google-business-profile-management-tool/,Product Landing,BOFU,5,High,P3,0
google my business all categories list,,0,,Categories / Services / Description,/guides/google-business-profile-categories-list/,Guide,TOFU,4,High,P3,0
google my business all in one soultion,,0,,Core / Navigational Head Terms,/google-business-profile-management-tool/,Product Landing,BOFU,5,High,P3,0
google my business alternative,,0,,Competitors / Alternatives,/google-business-profile-management-tool/,Product Landing,BOFU,5,High,P3,0
google my business and bing places,,0,,Core / Navigational Head Terms,/google-business-profile-management-tool/,Product Landing,BOFU,5,High,P3,0
google my business and facebook,,0,,Core / Navigational Head Terms,/google-business-profile-management-tool/,Product Landing,BOFU,5,High,P3,0
google my business anleitung,,0,,Core / Navigational Head Terms,/google-business-profile-management-tool/,Product Landing,BOFU,5,High,P3,0
google my business anmelden,,0,,Core / Navigational Head Terms,/google-business-profile-management-tool/,Product Landing,BOFU,5,High,P3,0
google my business announcements,,0,,Core / Navigational Head Terms,/google-business-profile-management-tool/,Product Landing,BOFU,5,High,P3,0
google my business answer questions,,0,,Core / Navigational Head Terms,/guides/google-business-profile-questions-and-answers/,Guide,TOFU,3,High,P3,0
google my business aoto post,,0,,Google Posts / Offers / Updates,/features/google-posts-scheduler/,Feature Landing,BOFU,5,High,P3,0
google my business api account name,,0,,API / Analytics / Insights,/guides/google-business-profile-login/,Guide,TOFU,1,High,P3,0
google my business api account page,,0,,API / Analytics / Insights,/guides/google-business-profile-login/,Guide,TOFU,1,High,P3,0
google my business api advance,,0,,API / Analytics / Insights,/features/google-business-profile-reporting/,Feature Landing,BOFU,4,High,P3,0
google my business api advanced,,0,,API / Analytics / Insights,/features/google-business-profile-reporting/,Feature Landing,BOFU,4,High,P3,0
google my business api agency,,0,,Management Service / Agency,/google-my-business-management-service/,Service Landing,BOFU,5,High,P3,0
google my business api application status,,0,,API / Analytics / Insights,/features/google-business-profile-reporting/,Feature Landing,BOFU,4,High,P3,0
google my business api approval,,0,,API / Analytics / Insights,/features/google-business-profile-reporting/,Feature Landing,BOFU,4,High,P3,0
google my business api attributes,,0,,Categories / Services / Description,/features/google-business-profile-reporting/,Feature Landing,BOFU,4,High,P3,0
google my business api basic setup,,0,,Setup / Add / Create / Register,/guides/add-business-to-google-maps/,Guide,TOFU,4,High,P3,0
google my business api c,,0,,API / Analytics / Insights,/features/google-business-profile-reporting/,Feature Landing,BOFU,4,High,P3,0
google my business api c example,,0,,API / Analytics / Insights,/features/google-business-profile-reporting/,Feature Landing,BOFU,4,High,P3,0
google my business api categories,,0,,Categories / Services / Description,/guides/google-business-profile-categories-list/,Guide,TOFU,4,High,P3,0
google my business api category,,0,,Categories / Services / Description,/guides/google-business-profile-categories-list/,Guide,TOFU,4,High,P3,0
google my business api connection,,0,,API / Analytics / Insights,/features/google-business-profile-reporting/,Feature Landing,BOFU,4,High,P3,0
google my business api console,,0,,API / Analytics / Insights,/features/google-business-profile-reporting/,Feature Landing,BOFU,4,High,P3,0
google my business api cost,,0,,API / Analytics / Insights,/features/google-business-profile-reporting/,Feature Landing,BOFU,4,High,P3,0
google my business api create location,,0,,Setup / Add / Create / Register,/guides/add-business-to-google-maps/,Guide,TOFU,4,High,P3,0
google my business api docs,,0,,API / Analytics / Insights,/features/google-business-profile-reporting/,Feature Landing,BOFU,4,High,P3,0
google my business api download,,0,,API / Analytics / Insights,/guides/google-business-profile-login/,Guide,TOFU,1,High,P3,0
google my business api endpoints,,0,,API / Analytics / Insights,/features/google-business-profile-reporting/,Feature Landing,BOFU,4,High,P3,0
google my business api error,,0,,API / Analytics / Insights,/features/google-business-profile-reporting/,Feature Landing,BOFU,4,High,P3,0
google my business api error method not found,,0,,API / Analytics / Insights,/features/google-business-profile-reporting/,Feature Landing,BOFU,4,High,P3,0
google my business api events,,0,,Google Posts / Offers / Updates,/features/google-posts-scheduler/,Feature Landing,BOFU,5,High,P3,0
google my business api example php,,0,,API / Analytics / Insights,/features/google-business-profile-reporting/,Feature Landing,BOFU,4,High,P3,0
google my business api example php site www.en.advertisercommunity.com,,0,,API / Analytics / Insights,/features/google-business-profile-reporting/,Feature Landing,BOFU,4,High,P3,0
google my business api example stackoverflow,,0,,API / Analytics / Insights,/features/google-business-profile-reporting/,Feature Landing,BOFU,4,High,P3,0
google my business api examples,,0,,API / Analytics / Insights,/features/google-business-profile-reporting/,Feature Landing,BOFU,4,High,P3,0
google my business api fields,,0,,API / Analytics / Insights,/features/google-business-profile-reporting/,Feature Landing,BOFU,4,High,P3,0
google my business api for insights,,0,,API / Analytics / Insights,/features/google-business-profile-reporting/,Feature Landing,BOFU,4,High,P3,0
google my business api form,,0,,API / Analytics / Insights,/features/google-business-profile-reporting/,Feature Landing,BOFU,4,High,P3,0
google my business api forum,,0,,API / Analytics / Insights,/features/google-business-profile-reporting/,Feature Landing,BOFU,4,High,P3,0
google my business api get all locations,,0,,API / Analytics / Insights,/google-business-profile-management-tool/,Product Landing,BOFU,5,High,P3,0
google my business api get all reviews,,0,,Reviews / Ratings / Reply,/features/google-review-management/,Feature Landing,BOFU,5,High,P3,0
google my business api hours,,0,,Categories / Services / Description,/guides/google-business-profile-hours/,Guide,TOFU,3,High,P3,0
google my business api insight,,0,,API / Analytics / Insights,/features/google-business-profile-reporting/,Feature Landing,BOFU,4,High,P3,0
google my business api insights,,0,,API / Analytics / Insights,/features/google-business-profile-reporting/,Feature Landing,BOFU,4,High,P3,0
google my business api javascript,,0,,API / Analytics / Insights,/features/google-business-profile-reporting/,Feature Landing,BOFU,4,High,P3,0
google my business api javasscript,,0,,API / Analytics / Insights,/features/google-business-profile-reporting/,Feature Landing,BOFU,4,High,P3,0
google my business api key,,0,,API / Analytics / Insights,/features/google-business-profile-reporting/,Feature Landing,BOFU,4,High,P3,0
google my business api latest,,0,,API / Analytics / Insights,/features/google-business-profile-reporting/,Feature Landing,BOFU,4,High,P3,0
google my business api library,,0,,API / Analytics / Insights,/features/google-business-profile-reporting/,Feature Landing,BOFU,4,High,P3,0
google my business api limits,,0,,API / Analytics / Insights,/features/google-business-profile-reporting/,Feature Landing,BOFU,4,High,P3,0
google my business api locations,,0,,API / Analytics / Insights,/google-business-profile-management-tool/,Product Landing,BOFU,5,High,P3,0
google my business api locationstate,,0,,API / Analytics / Insights,/features/google-business-profile-reporting/,Feature Landing,BOFU,4,High,P3,0
google my business api node,,0,,API / Analytics / Insights,/features/google-business-profile-reporting/,Feature Landing,BOFU,4,High,P3,0
google my business api nodejs,,0,,API / Analytics / Insights,/features/google-business-profile-reporting/,Feature Landing,BOFU,4,High,P3,0
google my business api not showing up,,0,,API / Analytics / Insights,/features/google-business-profile-reporting/,Feature Landing,BOFU,4,High,P3,0
google my business api notifications,,0,,API / Analytics / Insights,/features/google-business-profile-reporting/,Feature Landing,BOFU,4,High,P3,0
google my business api oauth,,0,,API / Analytics / Insights,/features/google-business-profile-reporting/,Feature Landing,BOFU,4,High,P3,0
google my business api oauth code,,0,,Verification / Code / Postcard,/guides/google-business-profile-verification/,Guide,MOFU,5,High,P3,0
google my business api oauth playground,,0,,API / Analytics / Insights,/features/google-business-profile-reporting/,Feature Landing,BOFU,4,High,P3,0
google my business api oauth2,,0,,API / Analytics / Insights,/features/google-business-profile-reporting/,Feature Landing,BOFU,4,High,P3,0
google my business api online demo,,0,,API / Analytics / Insights,/features/google-business-profile-reporting/,Feature Landing,BOFU,4,High,P3,0
google my business api php,,0,,API / Analytics / Insights,/features/google-business-profile-reporting/,Feature Landing,BOFU,4,High,P3,0
google my business api php example,,0,,API / Analytics / Insights,/features/google-business-profile-reporting/,Feature Landing,BOFU,4,High,P3,0
google my business api php example site stackoverflow.com,,0,,API / Analytics / Insights,/features/google-business-profile-reporting/,Feature Landing,BOFU,4,High,P3,0
google my business api php library,,0,,API / Analytics / Insights,/features/google-business-profile-reporting/,Feature Landing,BOFU,4,High,P3,0
google my business api php reviews,,0,,Reviews / Ratings / Reply,/features/google-review-management/,Feature Landing,BOFU,5,High,P3,0
google my business api php sdk,,0,,API / Analytics / Insights,/features/google-business-profile-reporting/,Feature Landing,BOFU,4,High,P3,0
google my business api place id,,0,,API / Analytics / Insights,/features/google-business-profile-reporting/,Feature Landing,BOFU,4,High,P3,0
google my business api playground,,0,,API / Analytics / Insights,/features/google-business-profile-reporting/,Feature Landing,BOFU,4,High,P3,0
google my business api posts,,0,,Google Posts / Offers / Updates,/features/google-posts-scheduler/,Feature Landing,BOFU,5,High,P3,0
google my business api prerequisites,,0,,API / Analytics / Insights,/features/google-business-profile-reporting/,Feature Landing,BOFU,4,High,P3,0
google my business api price,,0,,API / Analytics / Insights,/features/google-business-profile-reporting/,Feature Landing,BOFU,4,High,P3,0
google my business api project,,0,,API / Analytics / Insights,/features/google-business-profile-reporting/,Feature Landing,BOFU,4,High,P3,0
google my business api project number,,0,,API / Analytics / Insights,/features/google-business-profile-reporting/,Feature Landing,BOFU,4,High,P3,0
google my business api python,,0,,API / Analytics / Insights,/features/google-business-profile-reporting/,Feature Landing,BOFU,4,High,P3,0
google my business api questions and answers,,0,,API / Analytics / Insights,/guides/google-business-profile-questions-and-answers/,Guide,TOFU,3,High,P3,0
google my business api ratings,,0,,Reviews / Ratings / Reply,/features/google-review-management/,Feature Landing,BOFU,5,High,P3,0
google my business api refresh token,,0,,API / Analytics / Insights,/features/google-business-profile-reporting/,Feature Landing,BOFU,4,High,P3,0
google my business api reportinsights,,0,,API / Analytics / Insights,/features/google-business-profile-reporting/,Feature Landing,BOFU,4,High,P3,0
google my business api review,,0,,Reviews / Ratings / Reply,/features/google-review-management/,Feature Landing,BOFU,5,High,P3,0
google my business api review reply,,0,,Reviews / Ratings / Reply,/features/google-review-management/,Feature Landing,BOFU,5,High,P3,0
google my business api reviews from around the web,,0,,Reviews / Ratings / Reply,/features/google-review-management/,Feature Landing,BOFU,5,High,P3,0
google my business api reviews php,,0,,Reviews / Ratings / Reply,/features/google-review-management/,Feature Landing,BOFU,5,High,P3,0
google my business api sample,,0,,API / Analytics / Insights,/features/google-business-profile-reporting/,Feature Landing,BOFU,4,High,P3,0
google my business api scope,,0,,API / Analytics / Insights,/features/google-business-profile-reporting/,Feature Landing,BOFU,4,High,P3,0
google my business api scopes,,0,,API / Analytics / Insights,/features/google-business-profile-reporting/,Feature Landing,BOFU,4,High,P3,0
google my business api service account,,0,,Management Service / Agency,/guides/google-business-profile-login/,Guide,TOFU,1,High,P3,0
google my business api service area,,0,,Categories / Services / Description,/guides/google-my-business-services/,Guide,TOFU,4,High,P3,0
google my business api support,,0,,API / Analytics / Insights,/guides/google-business-profile-support/,Official Support Guide,TOFU,1,High,P3,0
google my business api tutorial,,0,,API / Analytics / Insights,/features/google-business-profile-reporting/,Feature Landing,BOFU,4,High,P3,0
google my business api updates,,0,,Google Posts / Offers / Updates,/features/google-posts-scheduler/,Feature Landing,BOFU,5,High,P3,0
google my business api v3,,0,,API / Analytics / Insights,/features/google-business-profile-reporting/,Feature Landing,BOFU,4,High,P3,0
google my business api v4 3,,0,,API / Analytics / Insights,/features/google-business-profile-reporting/,Feature Landing,BOFU,4,High,P3,0
google my business api v4.3,,0,,API / Analytics / Insights,/features/google-business-profile-reporting/,Feature Landing,BOFU,4,High,P3,0
google my business api verification,,0,,Verification / Code / Postcard,/guides/google-business-profile-verification/,Guide,MOFU,5,High,P3,0
google my business api webhook,,0,,API / Analytics / Insights,/features/google-business-profile-reporting/,Feature Landing,BOFU,4,High,P3,0
google my business apkmirror,,0,,Core / Navigational Head Terms,/google-business-profile-management-tool/,Product Landing,BOFU,5,High,P3,0
google my business apoorva sinha,,0,,Core / Navigational Head Terms,/google-business-profile-management-tool/,Product Landing,BOFU,5,High,P3,0
google my business app customer care number,,0,,Support / Customer Care / Contact,/guides/google-business-profile-support/,Official Support Guide,TOFU,1,High,P3,0
google my business app for desktop,,0,,Login / Account / App,/guides/google-business-profile-login/,Guide,TOFU,1,High,P3,0
google my business app for mac,,0,,Login / Account / App,/guides/google-business-profile-login/,Guide,TOFU,1,High,P3,0
google my business app for windows,,0,,Login / Account / App,/guides/google-business-profile-login/,Guide,TOFU,1,High,P3,0
google my business app for windows 10,,0,,Login / Account / App,/guides/google-business-profile-login/,Guide,TOFU,1,High,P3,0
google my business app for windows phone,,0,,Categories / Services / Description,/guides/google-business-profile-login/,Guide,TOFU,1,High,P3,0
google my business app in windows 8.1,,0,,Login / Account / App,/guides/google-business-profile-login/,Guide,TOFU,1,High,P3,0
google my business app kaise use kare,,0,,Login / Account / App,/guides/google-business-profile-login/,Guide,TOFU,1,High,P3,0
google my business app kya hai,,0,,Login / Account / App,/guides/google-business-profile-login/,Guide,TOFU,1,High,P3,0
google my business app registration,,0,,Login / Account / App,/guides/google-business-profile-login/,Guide,TOFU,1,High,P3,0
google my business app review,,0,,Reviews / Ratings / Reply,/guides/google-business-profile-login/,Guide,TOFU,1,High,P3,0
google my business app sign in,,0,,Login / Account / App,/guides/google-business-profile-login/,Guide,TOFU,1,High,P3,0
google my business app software download winodw 10 laptop,,0,,Management Service / Agency,/guides/google-business-profile-login/,Guide,TOFU,1,High,P3,0
google my business application programming interface api,,0,,API / Analytics / Insights,/features/google-business-profile-reporting/,Feature Landing,BOFU,4,High,P3,0
google my business appointment url,,0,,Google Posts / Offers / Updates,/google-business-profile-management-tool/,Product Landing,BOFU,5,High,P3,0
google my business approval,,0,,Core / Navigational Head Terms,/google-business-profile-management-tool/,Product Landing,BOFU,5,High,P3,0
google my business approval without postcard,,0,,Verification / Code / Postcard,/guides/google-business-profile-verification/,Guide,MOFU,5,High,P3,0
google my business apps download,,0,,API / Analytics / Insights,/guides/google-business-profile-login/,Guide,TOFU,1,High,P3,0
google my business as per law in uae,,0,,Core / Navigational Head Terms,/google-business-profile-management-tool/,Product Landing,BOFU,5,High,P3,0
google my business assistance in hyderabad,,0,,Core / Navigational Head Terms,/google-business-profile-management-tool/,Product Landing,BOFU,5,High,P3,0
google my business assistenza,,0,,Core / Navigational Head Terms,/google-business-profile-management-tool/,Product Landing,BOFU,5,High,P3,0
google my business attribute,,0,,Categories / Services / Description,/google-business-profile-management-tool/,Product Landing,BOFU,5,High,P3,0
google my business australia phone number,,0,,Categories / Services / Description,/guides/edit-google-business-profile/,Guide,TOFU,3,High,P3,0
google my business australia verification,,0,,Verification / Code / Postcard,/guides/google-business-profile-verification/,Guide,MOFU,5,High,P3,0
google my business auto post blog to gmb,,0,,Google Posts / Offers / Updates,/features/google-posts-scheduler/,Feature Landing,BOFU,5,High,P3,0
google my business auto post other social sites,,0,,Google Posts / Offers / Updates,/features/google-posts-scheduler/,Feature Landing,BOFU,5,High,P3,0
google my business auto publish,,0,,Core / Navigational Head Terms,/google-business-profile-management-tool/,Product Landing,BOFU,5,High,P3,0
google my business automatic updates,,0,,Google Posts / Offers / Updates,/features/google-posts-scheduler/,Feature Landing,BOFU,5,High,P3,0
google my business avis,,0,,Core / Navigational Head Terms,/google-business-profile-management-tool/,Product Landing,BOFU,5,High,P3,0
google my business awesome place,,0,,Core / Navigational Head Terms,/google-business-profile-management-tool/,Product Landing,BOFU,5,High,P3,0
google my business badges,,0,,Core / Navigational Head Terms,/google-business-profile-management-tool/,Product Landing,BOFU,5,High,P3,0
google my business banner for free,,0,,Free / Cost / Pricing,/guides/is-google-my-business-free/,Guide,TOFU,3,High,P3,0
google my business banner image,,0,,Photos / Logo / Cover / Videos,/guides/google-business-profile-photo-size/,Guide,TOFU,3,High,P3,0
google my business basic certification,,0,,Core / Navigational Head Terms,/google-business-profile-management-tool/,Product Landing,BOFU,5,High,P3,0
google my business basic course certificate,,0,,Core / Navigational Head Terms,/google-business-profile-management-tool/,Product Landing,BOFU,5,High,P3,0
google my business basics assessment answers 2018,,0,,Core / Navigational Head Terms,/guides/google-business-profile-questions-and-answers/,Guide,TOFU,3,High,P3,0
google my business basics assessment answers 2019,,0,,Core / Navigational Head Terms,/guides/google-business-profile-questions-and-answers/,Guide,TOFU,3,High,P3,0
google my business basics exam answers,,0,,Core / Navigational Head Terms,/guides/google-business-profile-questions-and-answers/,Guide,TOFU,3,High,P3,0
google my business bassam infotech,,0,,Core / Navigational Head Terms,/google-business-profile-management-tool/,Product Landing,BOFU,5,High,P3,0
google my business bearbeiten,,0,,Core / Navigational Head Terms,/google-business-profile-management-tool/,Product Landing,BOFU,5,High,P3,0
google my business belgium,,0,,Core / Navigational Head Terms,/google-business-profile-management-tool/,Product Landing,BOFU,5,High,P3,0
google my business benifits,,0,,Core / Navigational Head Terms,/google-business-profile-management-tool/,Product Landing,BOFU,5,High,P3,0
google my business benifits for hotels,,0,,Core / Navigational Head Terms,/google-business-profile-management-tool/,Product Landing,BOFU,5,High,P3,0
google my business berlin,,0,,Core / Navigational Head Terms,/google-business-profile-management-tool/,Product Landing,BOFU,5,High,P3,0
google my business best places,,0,,Core / Navigational Head Terms,/google-business-profile-management-tool/,Product Landing,BOFU,5,High,P3,0
google my business best practices 2020,,0,,Core / Navigational Head Terms,/google-business-profile-management-tool/,Product Landing,BOFU,5,High,P3,0
google my business bewertungen kaufen,,0,,Core / Navigational Head Terms,/google-business-profile-management-tool/,Product Landing,BOFU,5,High,P3,0
google my business bigquery,,0,,Core / Navigational Head Terms,/google-business-profile-management-tool/,Product Landing,BOFU,5,High,P3,0
google my business block customer photos,,0,,Photos / Logo / Cover / Videos,/guides/google-business-profile-photo-size/,Guide,TOFU,3,High,P3,0
google my business blog not appearing on google search,,0,,Core / Navigational Head Terms,/google-business-profile-management-tool/,Product Landing,BOFU,5,High,P3,0
google my business boontoon,,0,,Core / Navigational Head Terms,/google-business-profile-management-tool/,Product Landing,BOFU,5,High,P3,0
google my business boston,,0,,Core / Navigational Head Terms,/google-business-profile-management-tool/,Product Landing,BOFU,5,High,P3,0
google my business box,,0,,Core / Navigational Head Terms,/google-business-profile-management-tool/,Product Landing,BOFU,5,High,P3,0
google my business brand page,,0,,Core / Navigational Head Terms,/google-business-profile-management-tool/,Product Landing,BOFU,5,High,P3,0
google my business brief,,0,,Core / Navigational Head Terms,/google-business-profile-management-tool/,Product Landing,BOFU,5,High,P3,0
google my business brochure,,0,,Core / Navigational Head Terms,/google-business-profile-management-tool/,Product Landing,BOFU,5,High,P3,0
google my business brochure pdf,,0,,Core / Navigational Head Terms,/google-business-profile-management-tool/,Product Landing,BOFU,5,High,P3,0
google my business bug,,0,,Core / Navigational Head Terms,/google-business-profile-management-tool/,Product Landing,BOFU,5,High,P3,0
google my business bulk upload template,,0,,Photos / Logo / Cover / Videos,/guides/google-business-profile-photo-size/,Guide,TOFU,3,High,P3,0
google my business burger king gurgaon,,0,,Core / Navigational Head Terms,/google-business-profile-management-tool/,Product Landing,BOFU,5,High,P3,0
google my business business description,,0,,Categories / Services / Description,/guides/google-business-profile-description-examples/,Guide,TOFU,4,High,P3,0
google my business business directory uk,,0,,Core / Navigational Head Terms,/google-business-profile-management-tool/,Product Landing,BOFU,5,High,P3,0
google my business business keywords list pdf,,0,,Core / Navigational Head Terms,/google-business-profile-management-tool/,Product Landing,BOFU,5,High,P3,0
google my business business listing,,0,,Core / Navigational Head Terms,/google-business-profile-management-tool/,Product Landing,BOFU,5,High,P3,0
google my business business listing websites,,0,,Core / Navigational Head Terms,/google-business-profile-management-tool/,Product Landing,BOFU,5,High,P3,0
google my business business to follow,,0,,Core / Navigational Head Terms,/google-business-profile-management-tool/,Product Landing,BOFU,5,High,P3,0
google my business business to follow on dahsboard,,0,,Core / Navigational Head Terms,/google-business-profile-management-tool/,Product Landing,BOFU,5,High,P3,0
google my business buttons,,0,,Core / Navigational Head Terms,/google-business-profile-management-tool/,Product Landing,BOFU,5,High,P3,0
google my business buy button,,0,,Core / Navigational Head Terms,/google-business-profile-management-tool/,Product Landing,BOFU,5,High,P3,0
google my business bw,,0,,Core / Navigational Head Terms,/google-business-profile-management-tool/,Product Landing,BOFU,5,High,P3,0
google my business call back site,,0,,Support / Customer Care / Contact,/guides/google-business-profile-support/,Official Support Guide,TOFU,1,High,P3,0
google my business call center no,,0,,Support / Customer Care / Contact,/guides/google-business-profile-support/,Official Support Guide,TOFU,1,High,P3,0
google my business call from india,,0,,Support / Customer Care / Contact,/guides/google-business-profile-support/,Official Support Guide,TOFU,1,High,P3,0
google my business call help,,0,,Support / Customer Care / Contact,/guides/google-business-profile-support/,Official Support Guide,TOFU,1,High,P3,0
google my business call image,,0,,Photos / Logo / Cover / Videos,/guides/google-business-profile-support/,Official Support Guide,TOFU,1,High,P3,0
google my business call to action,,0,,Support / Customer Care / Contact,/guides/google-business-profile-support/,Official Support Guide,TOFU,1,High,P3,0
google my business can t receive postcard,,0,,Verification / Code / Postcard,/guides/google-business-profile-verification/,Guide,MOFU,5,High,P3,0
google my business can't login,,0,,Login / Account / App,/guides/google-business-profile-login/,Guide,TOFU,1,High,P3,0
google my business careerplacementsindia,,0,,Core / Navigational Head Terms,/google-business-profile-management-tool/,Product Landing,BOFU,5,High,P3,0
google my business carina beach resort,,0,,Core / Navigational Head Terms,/google-business-profile-management-tool/,Product Landing,BOFU,5,High,P3,0
google my business case studies,,0,,Core / Navigational Head Terms,/google-business-profile-management-tool/,Product Landing,BOFU,5,High,P3,0
google my business catch them young academy,,0,,Core / Navigational Head Terms,/google-business-profile-management-tool/,Product Landing,BOFU,5,High,P3,0
google my business categories 2016,,0,,Categories / Services / Description,/guides/google-business-profile-categories-list/,Guide,TOFU,4,High,P3,0
google my business categories 2017,,0,,Categories / Services / Description,/guides/google-business-profile-categories-list/,Guide,TOFU,4,High,P3,0
google my business categories 2018,,0,,Categories / Services / Description,/guides/google-business-profile-categories-list/,Guide,TOFU,4,High,P3,0
google my business categories 2019,,0,,Categories / Services / Description,/guides/google-business-profile-categories-list/,Guide,TOFU,4,High,P3,0
google my business categories 2020,,0,,Categories / Services / Description,/guides/google-business-profile-categories-list/,Guide,TOFU,4,High,P3,0
google my business categories api,,0,,Categories / Services / Description,/guides/google-business-profile-categories-list/,Guide,TOFU,4,High,P3,0
google my business categories for jobs using computer,,0,,Categories / Services / Description,/guides/google-business-profile-categories-list/,Guide,TOFU,4,High,P3,0
google my business categories list 2018,,0,,Categories / Services / Description,/guides/google-business-profile-categories-list/,Guide,TOFU,4,High,P3,0
google my business categories list 2018 by google,,0,,Categories / Services / Description,/guides/google-business-profile-categories-list/,Guide,TOFU,4,High,P3,0
google my business categories list 2019,,0,,Categories / Services / Description,/guides/google-business-profile-categories-list/,Guide,TOFU,4,High,P3,0
google my business categories list 2020,,0,,Categories / Services / Description,/guides/google-business-profile-categories-list/,Guide,TOFU,4,High,P3,0
google my business categories list for cafe business,,0,,Categories / Services / Description,/guides/google-business-profile-categories-list/,Guide,TOFU,4,High,P3,0
google my business categories seo,,0,,Categories / Services / Description,/guides/google-business-profile-optimization-checklist/,Pillar Guide,MOFU,5,High,P3,0
google my business categories services,,0,,Categories / Services / Description,/guides/google-business-profile-categories-list/,Guide,TOFU,4,High,P3,0
google my business categories tips and tricks,,0,,Categories / Services / Description,/guides/google-business-profile-categories-list/,Guide,TOFU,4,High,P3,0
google my business category for handmade soap,,0,,Categories / Services / Description,/guides/google-business-profile-categories-list/,Guide,TOFU,4,High,P3,0
google my business category for online real estate portal,,0,,Categories / Services / Description,/guides/google-business-profile-categories-list/,Guide,TOFU,4,High,P3,0
google my business category for pg,,0,,Categories / Services / Description,/guides/google-business-profile-categories-list/,Guide,TOFU,4,High,P3,0
google my business category for web based business,,0,,Categories / Services / Description,/guides/google-business-profile-categories-list/,Guide,TOFU,4,High,P3,0
google my business category for website,,0,,Categories / Services / Description,/guides/google-business-profile-categories-list/,Guide,TOFU,4,High,P3,0
google my business category handmade soap,,0,,Categories / Services / Description,/guides/google-business-profile-categories-list/,Guide,TOFU,4,High,P3,0
google my business category in english,,0,,Categories / Services / Description,/guides/google-business-profile-categories-list/,Guide,TOFU,4,High,P3,0
google my business category list 2020,,0,,Categories / Services / Description,/guides/google-business-profile-categories-list/,Guide,TOFU,4,High,P3,0
google my business category phone ve,,0,,Categories / Services / Description,/guides/google-business-profile-categories-list/,Guide,TOFU,4,High,P3,0
google my business cc,,0,,Core / Navigational Head Terms,/google-business-profile-management-tool/,Product Landing,BOFU,5,High,P3,0
google my business certification answerd,,0,,Core / Navigational Head Terms,/google-business-profile-management-tool/,Product Landing,BOFU,5,High,P3,0
google my business certification exam questions with answers,,0,,Core / Navigational Head Terms,/guides/google-business-profile-questions-and-answers/,Guide,TOFU,3,High,P3,0
google my business certifocate,,0,,Core / Navigational Head Terms,/google-business-profile-management-tool/,Product Landing,BOFU,5,High,P3,0
google my business change business category,,0,,Categories / Services / Description,/guides/google-business-profile-categories-list/,Guide,TOFU,4,High,P3,0
google my business change business type,,0,,Core / Navigational Head Terms,/guides/edit-google-business-profile/,Guide,TOFU,3,High,P3,0
google my business change category,,0,,Categories / Services / Description,/guides/google-business-profile-categories-list/,Guide,TOFU,4,High,P3,0
google my business change cover photo,,0,,Photos / Logo / Cover / Videos,/guides/google-business-profile-photo-size/,Guide,TOFU,3,High,P3,0
google my business change facebook link,,0,,Core / Navigational Head Terms,/guides/edit-google-business-profile/,Guide,TOFU,3,High,P3,0
google my business change facebook link you tube,,0,,Core / Navigational Head Terms,/guides/edit-google-business-profile/,Guide,TOFU,3,High,P3,0
google my business change main image,,0,,Photos / Logo / Cover / Videos,/guides/google-business-profile-photo-size/,Guide,TOFU,3,High,P3,0
google my business change method,,0,,Core / Navigational Head Terms,/guides/edit-google-business-profile/,Guide,TOFU,3,High,P3,0
google my business change of the owner ship,,0,,Ownership / Access / Transfer,/guides/edit-google-business-profile/,Guide,TOFU,3,High,P3,0
google my business change photo order,,0,,Photos / Logo / Cover / Videos,/guides/google-business-profile-photo-size/,Guide,TOFU,3,High,P3,0
google my business change pin,,0,,Verification / Code / Postcard,/guides/google-business-profile-verification/,Guide,MOFU,5,High,P3,0
google my business change url,,0,,Core / Navigational Head Terms,/guides/edit-google-business-profile/,Guide,TOFU,3,High,P3,0
google my business change website,,0,,Categories / Services / Description,/guides/edit-google-business-profile/,Guide,TOFU,3,High,P3,0
google my business changes not showing,,0,,Core / Navigational Head Terms,/google-business-profile-management-tool/,Product Landing,BOFU,5,High,P3,0
google my business changes reflects after how much time,,0,,Core / Navigational Head Terms,/google-business-profile-management-tool/,Product Landing,BOFU,5,High,P3,0
google my business charges in india,,0,,Free / Cost / Pricing,/guides/is-google-my-business-free/,Guide,TOFU,3,High,P3,0
google my business chattanooga,,0,,Core / Navigational Head Terms,/google-business-profile-management-tool/,Product Landing,BOFU,5,High,P3,0
google my business chci,,0,,Core / Navigational Head Terms,/google-business-profile-management-tool/,Product Landing,BOFU,5,High,P3,0
google my business check deleted questions,,0,,Core / Navigational Head Terms,/guides/google-business-profile-questions-and-answers/,Guide,TOFU,3,High,P3,0
google my business christchurch,,0,,Core / Navigational Head Terms,/google-business-profile-management-tool/,Product Landing,BOFU,5,High,P3,0
google my business cinemaweb.in,,0,,Core / Navigational Head Terms,/google-business-profile-management-tool/,Product Landing,BOFU,5,High,P3,0
google my business citation india,,0,,Core / Navigational Head Terms,/google-business-profile-management-tool/,Product Landing,BOFU,5,High,P3,0
google my business claim location,,0,,Setup / Add / Create / Register,/guides/google-business-profile-ownership-transfer/,Guide,TOFU,4,High,P3,0
google my business classic,,0,,Core / Navigational Head Terms,/google-business-profile-management-tool/,Product Landing,BOFU,5,High,P3,0
google my business client libraries,,0,,Core / Navigational Head Terms,/google-business-profile-management-tool/,Product Landing,BOFU,5,High,P3,0
google my business clients,,0,,Core / Navigational Head Terms,/google-business-profile-management-tool/,Product Landing,BOFU,5,High,P3,0
google my business co,,0,,Core / Navigational Head Terms,/google-business-profile-management-tool/,Product Landing,BOFU,5,High,P3,0
google my business code not arrived,,0,,Verification / Code / Postcard,/guides/google-business-profile-verification/,Guide,MOFU,5,High,P3,0
google my business code verify,,0,,Verification / Code / Postcard,/guides/google-business-profile-verification/,Guide,MOFU,5,High,P3,0
google my business coimbatore,,0,,Core / Navigational Head Terms,/google-business-profile-management-tool/,Product Landing,BOFU,5,High,P3,0
google my business come funziona,,0,,Core / Navigational Head Terms,/google-business-profile-management-tool/,Product Landing,BOFU,5,High,P3,0
google my business coming soon,,0,,Core / Navigational Head Terms,/google-business-profile-management-tool/,Product Landing,BOFU,5,High,P3,0
google my business commercial,,0,,Core / Navigational Head Terms,/google-business-profile-management-tool/,Product Landing,BOFU,5,High,P3,0
google my business communications manager,,0,,Management Service / Agency,/google-business-profile-management-tool/,Product Landing,BOFU,5,High,P3,0
google my business community support,,0,,Support / Customer Care / Contact,/guides/google-business-profile-support/,Official Support Guide,TOFU,1,High,P3,0
google my business como funciona,,0,,Core / Navigational Head Terms,/google-business-profile-management-tool/,Product Landing,BOFU,5,High,P3,0
google my business companies,,0,,Core / Navigational Head Terms,/google-business-profile-management-tool/,Product Landing,BOFU,5,High,P3,0
google my business company oklahoma city,,0,,Core / Navigational Head Terms,/google-my-business-management-service/,Service Landing,BOFU,5,High,P3,0
google my business complaint contact number india,,0,,Support / Customer Care / Contact,/guides/google-business-profile-support/,Official Support Guide,TOFU,1,High,P3,0
google my business complaints number,,0,,Core / Navigational Head Terms,/google-business-profile-management-tool/,Product Landing,BOFU,5,High,P3,0
google my business compound reviews,,0,,Reviews / Ratings / Reply,/features/google-review-management/,Feature Landing,BOFU,5,High,P3,0
google my business comsign in,,0,,Core / Navigational Head Terms,/google-business-profile-management-tool/,Product Landing,BOFU,5,High,P3,0
google my business conference,,0,,Core / Navigational Head Terms,/google-business-profile-management-tool/,Product Landing,BOFU,5,High,P3,0
google my business conference 2019,,0,,Core / Navigational Head Terms,/google-business-profile-management-tool/,Product Landing,BOFU,5,High,P3,0
google my business confirmation letter,,0,,Verification / Code / Postcard,/guides/google-business-profile-verification/,Guide,MOFU,5,High,P3,0
google my business connector by jepto,,0,,Core / Navigational Head Terms,/google-business-profile-management-tool/,Product Landing,BOFU,5,High,P3,0
google my business connexion,,0,,Core / Navigational Head Terms,/google-business-profile-management-tool/,Product Landing,BOFU,5,High,P3,0
google my business contact chat,,0,,Support / Customer Care / Contact,/guides/google-business-profile-support/,Official Support Guide,TOFU,1,High,P3,0
google my business contact no customer care,,0,,Support / Customer Care / Contact,/guides/google-business-profile-support/,Official Support Guide,TOFU,1,High,P3,0
google my business contact no india,,0,,Support / Customer Care / Contact,/guides/google-business-profile-support/,Official Support Guide,TOFU,1,High,P3,0
google my business contact number 1800419,,0,,Support / Customer Care / Contact,/guides/google-business-profile-support/,Official Support Guide,TOFU,1,High,P3,0
google my business contact number ahmedabad,,0,,Support / Customer Care / Contact,/guides/google-business-profile-support/,Official Support Guide,TOFU,1,High,P3,0
google my business contact number australia,,0,,Support / Customer Care / Contact,/guides/google-business-profile-support/,Official Support Guide,TOFU,1,High,P3,0
google my business contact number canada,,0,,Support / Customer Care / Contact,/guides/google-business-profile-support/,Official Support Guide,TOFU,1,High,P3,0
google my business contact number change,,0,,Support / Customer Care / Contact,/guides/google-business-profile-support/,Official Support Guide,TOFU,1,High,P3,0
google my business contact number india f for,,0,,Support / Customer Care / Contact,/guides/google-business-profile-support/,Official Support Guide,TOFU,1,High,P3,0
google my business contact number mumbai,,0,,Support / Customer Care / Contact,/guides/google-business-profile-support/,Official Support Guide,TOFU,1,High,P3,0
google my business contacto,,0,,Core / Navigational Head Terms,/google-business-profile-management-tool/,Product Landing,BOFU,5,High,P3,0
google my business contatti telefonici,,0,,Core / Navigational Head Terms,/google-business-profile-management-tool/,Product Landing,BOFU,5,High,P3,0
google my business cos è,,0,,Core / Navigational Head Terms,/google-business-profile-management-tool/,Product Landing,BOFU,5,High,P3,0
google my business cosmetic dental centre,,0,,Core / Navigational Head Terms,/google-business-profile-management-tool/,Product Landing,BOFU,5,High,P3,0
google my business country code is not working,,0,,Verification / Code / Postcard,/guides/google-business-profile-verification/,Guide,MOFU,5,High,P3,0
google my business cover design,,0,,Photos / Logo / Cover / Videos,/google-business-profile-management-tool/,Product Landing,BOFU,5,High,P3,0
google my business cover design examples,,0,,Photos / Logo / Cover / Videos,/google-business-profile-management-tool/,Product Landing,BOFU,5,High,P3,0
google my business cover design ideas,,0,,Photos / Logo / Cover / Videos,/google-business-profile-management-tool/,Product Landing,BOFU,5,High,P3,0
google my business cover page standard size,,0,,Photos / Logo / Cover / Videos,/google-business-profile-management-tool/,Product Landing,BOFU,5,High,P3,0
google my business cover photo size 2017,,0,,Photos / Logo / Cover / Videos,/guides/google-business-profile-photo-size/,Guide,TOFU,3,High,P3,0
google my business cover photo size 2018,,0,,Photos / Logo / Cover / Videos,/guides/google-business-profile-photo-size/,Guide,TOFU,3,High,P3,0
google my business cover photo size 2019,,0,,Photos / Logo / Cover / Videos,/guides/google-business-profile-photo-size/,Guide,TOFU,3,High,P3,0
google my business cover photo size 2020,,0,,Photos / Logo / Cover / Videos,/guides/google-business-profile-photo-size/,Guide,TOFU,3,High,P3,0
google my business craftmen in india,,0,,Core / Navigational Head Terms,/google-business-profile-management-tool/,Product Landing,BOFU,5,High,P3,0
google my business create new location,,0,,Setup / Add / Create / Register,/guides/add-business-to-google-maps/,Guide,TOFU,4,High,P3,0
google my business crescent school totu,,0,,Core / Navigational Head Terms,/google-business-profile-management-tool/,Product Landing,BOFU,5,High,P3,0
google my business cta,,0,,Core / Navigational Head Terms,/google-business-profile-management-tool/,Product Landing,BOFU,5,High,P3,0
google my business custom analytics,,0,,API / Analytics / Insights,/features/google-business-profile-reporting/,Feature Landing,BOFU,4,High,P3,0
google my business custom map pin icon,,0,,Verification / Code / Postcard,/guides/google-business-profile-verification/,Guide,MOFU,5,High,P3,0
google my business custom url,,0,,Core / Navigational Head Terms,/google-business-profile-management-tool/,Product Landing,BOFU,5,High,P3,0
google my business customer care andhra pradesh india,,0,,Support / Customer Care / Contact,/guides/google-business-profile-support/,Official Support Guide,TOFU,1,High,P3,0
google my business customer care number india tamilnadu,,0,,Support / Customer Care / Contact,/guides/google-business-profile-support/,Official Support Guide,TOFU,1,High,P3,0
google my business customer care numeer,,0,,Support / Customer Care / Contact,/guides/google-business-profile-support/,Official Support Guide,TOFU,1,High,P3,0
google my business customer care working hours,,0,,Categories / Services / Description,/guides/google-business-profile-support/,Official Support Guide,TOFU,1,High,P3,0
google my business customer engagement,,0,,Core / Navigational Head Terms,/google-business-profile-management-tool/,Product Landing,BOFU,5,High,P3,0
google my business customer reviews,,0,,Reviews / Ratings / Reply,/features/google-review-management/,Feature Landing,BOFU,5,High,P3,0
google my business customer service phone number 24 7,,0,,Categories / Services / Description,/guides/edit-google-business-profile/,Guide,TOFU,3,High,P3,0
google my business customer service phone number live person,,0,,Categories / Services / Description,/guides/edit-google-business-profile/,Guide,TOFU,3,High,P3,0
google my business customer services,,0,,Categories / Services / Description,/guides/google-my-business-services/,Guide,TOFU,4,High,P3,0
google my business customized notification,,0,,Core / Navigational Head Terms,/google-business-profile-management-tool/,Product Landing,BOFU,5,High,P3,0
google my business dashboard user,,0,,Management Service / Agency,/google-business-profile-management-tool/,Product Landing,BOFU,5,High,P3,0
google my business data extracter,,0,,API / Analytics / Insights,/features/google-business-profile-reporting/,Feature Landing,BOFU,4,High,P3,0
google my business data studio template,,0,,API / Analytics / Insights,/features/google-business-profile-reporting/,Feature Landing,BOFU,4,High,P3,0
google my business day,,0,,Core / Navigational Head Terms,/google-business-profile-management-tool/,Product Landing,BOFU,5,High,P3,0
google my business dba,,0,,Core / Navigational Head Terms,/google-business-profile-management-tool/,Product Landing,BOFU,5,High,P3,0
google my business deaktivieren,,0,,Core / Navigational Head Terms,/google-business-profile-management-tool/,Product Landing,BOFU,5,High,P3,0
google my business defamatory language,,0,,Core / Navigational Head Terms,/google-business-profile-management-tool/,Product Landing,BOFU,5,High,P3,0
google my business delete adress,,0,,Suspension / Reinstatement / Delete,/google-business-profile-management-tool/,Product Landing,BOFU,5,High,P3,0
google my business delete customer photos,,0,,Suspension / Reinstatement / Delete,/guides/google-business-profile-photo-size/,Guide,TOFU,3,High,P3,0
google my business delivery and payment received system,,0,,Core / Navigational Head Terms,/google-business-profile-management-tool/,Product Landing,BOFU,5,High,P3,0
google my business demographics,,0,,Core / Navigational Head Terms,/google-business-profile-management-tool/,Product Landing,BOFU,5,High,P3,0
google my business department hours,,0,,Categories / Services / Description,/guides/google-business-profile-hours/,Guide,TOFU,3,High,P3,0
google my business department listings,,0,,Core / Navigational Head Terms,/google-business-profile-management-tool/,Product Landing,BOFU,5,High,P3,0
google my business description mendatory or not,,0,,Categories / Services / Description,/guides/google-business-profile-description-examples/,Guide,TOFU,4,High,P3,0
google my business description mendatory or ot,,0,,Categories / Services / Description,/guides/google-business-profile-description-examples/,Guide,TOFU,4,High,P3,0
google my business description seo,,0,,Categories / Services / Description,/guides/google-business-profile-optimization-checklist/,Pillar Guide,MOFU,5,High,P3,0
google my business detailed guide,,0,,Core / Navigational Head Terms,/google-business-profile-management-tool/,Product Landing,BOFU,5,High,P3,0
google my business deutsch,,0,,Core / Navigational Head Terms,/google-business-profile-management-tool/,Product Landing,BOFU,5,High,P3,0
google my business deutsch umstellen,,0,,Core / Navigational Head Terms,/google-business-profile-management-tool/,Product Landing,BOFU,5,High,P3,0
google my business deutschland,,0,,Core / Navigational Head Terms,/google-business-profile-management-tool/,Product Landing,BOFU,5,High,P3,0
google my business developer account,,0,,Login / Account / App,/guides/google-business-profile-login/,Guide,TOFU,1,High,P3,0
google my business developer api,,0,,API / Analytics / Insights,/features/google-business-profile-reporting/,Feature Landing,BOFU,4,High,P3,0
google my business dhruva interactive,,0,,Core / Navigational Head Terms,/google-business-profile-management-tool/,Product Landing,BOFU,5,High,P3,0
google my business digital marketing management,,0,,Management Service / Agency,/google-business-profile-management-tool/,Product Landing,BOFU,5,High,P3,0
google my business digital sijarians,,0,,Core / Navigational Head Terms,/google-business-profile-management-tool/,Product Landing,BOFU,5,High,P3,0
google my business directories uk,,0,,Core / Navigational Head Terms,/google-business-profile-management-tool/,Product Landing,BOFU,5,High,P3,0
google my business display in map,,0,,Core / Navigational Head Terms,/google-business-profile-management-tool/,Product Landing,BOFU,5,High,P3,0
google my business docs,,0,,Core / Navigational Head Terms,/google-business-profile-management-tool/,Product Landing,BOFU,5,High,P3,0
google my business document upload,,0,,Photos / Logo / Cover / Videos,/guides/google-business-profile-photo-size/,Guide,TOFU,3,High,P3,0
google my business documents verification,,0,,Verification / Code / Postcard,/guides/google-business-profile-verification/,Guide,MOFU,5,High,P3,0
google my business documents veritfication,,0,,Core / Navigational Head Terms,/google-business-profile-management-tool/,Product Landing,BOFU,5,High,P3,0
google my business does not show the review why,,0,,Reviews / Ratings / Reply,/features/google-review-management/,Feature Landing,BOFU,5,High,P3,0
google my business download not enabled,,0,,API / Analytics / Insights,/guides/google-business-profile-login/,Guide,TOFU,1,High,P3,0
google my business dreamzone marathahalli,,0,,Core / Navigational Head Terms,/google-business-profile-management-tool/,Product Landing,BOFU,5,High,P3,0
google my business drive through hours,,0,,Categories / Services / Description,/guides/google-business-profile-hours/,Guide,TOFU,3,High,P3,0
google my business dubai chamber,,0,,Core / Navigational Head Terms,/google-business-profile-management-tool/,Product Landing,BOFU,5,High,P3,0
google my business duplicate checker,,0,,Suspension / Reinstatement / Delete,/google-business-profile-management-tool/,Product Landing,BOFU,5,High,P3,0
google my business edit dashboard user,,0,,Management Service / Agency,/google-business-profile-management-tool/,Product Landing,BOFU,5,High,P3,0
google my business edit details,,0,,Core / Navigational Head Terms,/guides/edit-google-business-profile/,Guide,TOFU,3,High,P3,0
google my business edit live preview,,0,,Core / Navigational Head Terms,/guides/edit-google-business-profile/,Guide,TOFU,3,High,P3,0
google my business edit my address,,0,,Categories / Services / Description,/guides/edit-google-business-profile/,Guide,TOFU,3,High,P3,0
google my business edit not showing,,0,,Core / Navigational Head Terms,/guides/edit-google-business-profile/,Guide,TOFU,3,High,P3,0
google my business einloggen,,0,,Core / Navigational Head Terms,/google-business-profile-management-tool/,Product Landing,BOFU,5,High,P3,0
google my business einrichten,,0,,Core / Navigational Head Terms,/google-business-profile-management-tool/,Product Landing,BOFU,5,High,P3,0
google my business eintrag,,0,,Core / Navigational Head Terms,/google-business-profile-management-tool/,Product Landing,BOFU,5,High,P3,0
google my business eintrag ändern,,0,,Core / Navigational Head Terms,/google-business-profile-management-tool/,Product Landing,BOFU,5,High,P3,0
google my business eintragung,,0,,Core / Navigational Head Terms,/google-business-profile-management-tool/,Product Landing,BOFU,5,High,P3,0
google my business eligibility,,0,,Core / Navigational Head Terms,/google-business-profile-management-tool/,Product Landing,BOFU,5,High,P3,0
google my business email support india,,0,,Support / Customer Care / Contact,/guides/google-business-profile-support/,Official Support Guide,TOFU,1,High,P3,0
google my business eminence group of entertainment,,0,,Core / Navigational Head Terms,/google-business-profile-management-tool/,Product Landing,BOFU,5,High,P3,0
google my business eminencegroup of entertainment,,0,,Core / Navigational Head Terms,/google-business-profile-management-tool/,Product Landing,BOFU,5,High,P3,0
google my business enter verification code,,0,,Verification / Code / Postcard,/guides/google-business-profile-verification/,Guide,MOFU,5,High,P3,0
google my business escalation email,,0,,Core / Navigational Head Terms,/google-business-profile-management-tool/,Product Landing,BOFU,5,High,P3,0
google my business exam asseserment,,0,,Core / Navigational Head Terms,/google-business-profile-management-tool/,Product Landing,BOFU,5,High,P3,0
google my business exams 2019,,0,,Core / Navigational Head Terms,/google-business-profile-management-tool/,Product Landing,BOFU,5,High,P3,0
google my business experienzing consulting solution,,0,,Core / Navigational Head Terms,/google-business-profile-management-tool/,Product Landing,BOFU,5,High,P3,0
google my business expert contact,,0,,Management Service / Agency,/guides/google-business-profile-support/,Official Support Guide,TOFU,1,High,P3,0
google my business experts india,,0,,Core / Navigational Head Terms,/google-business-profile-management-tool/,Product Landing,BOFU,5,High,P3,0
google my business extensions,,0,,Core / Navigational Head Terms,/google-business-profile-management-tool/,Product Landing,BOFU,5,High,P3,0
google my business exterior photos,,0,,Photos / Logo / Cover / Videos,/guides/google-business-profile-photo-size/,Guide,TOFU,3,High,P3,0
google my business facebook link,,0,,Core / Navigational Head Terms,/google-business-profile-management-tool/,Product Landing,BOFU,5,High,P3,0
google my business facts,,0,,Core / Navigational Head Terms,/google-business-profile-management-tool/,Product Landing,BOFU,5,High,P3,0
google my business faq section,,0,,Core / Navigational Head Terms,/google-business-profile-management-tool/,Product Landing,BOFU,5,High,P3,0
google my business featured partners,,0,,Core / Navigational Head Terms,/google-business-profile-management-tool/,Product Landing,BOFU,5,High,P3,0
google my business featured partners program,,0,,Core / Navigational Head Terms,/google-business-profile-management-tool/,Product Landing,BOFU,5,High,P3,0
google my business features plan,,0,,Core / Navigational Head Terms,/google-business-profile-management-tool/,Product Landing,BOFU,5,High,P3,0
google my business feedback qr code,,0,,Verification / Code / Postcard,/guides/google-business-profile-verification/,Guide,MOFU,5,High,P3,0
google my business fetch reviews on website demo,,0,,Reviews / Ratings / Reply,/features/google-review-management/,Feature Landing,BOFU,5,High,P3,0
google my business fields,,0,,Core / Navigational Head Terms,/google-business-profile-management-tool/,Product Landing,BOFU,5,High,P3,0
google my business flag as inappropriate,,0,,Core / Navigational Head Terms,/google-business-profile-management-tool/,Product Landing,BOFU,5,High,P3,0
google my business floating action button,,0,,Core / Navigational Head Terms,/google-business-profile-management-tool/,Product Landing,BOFU,5,High,P3,0
google my business flow,,0,,Core / Navigational Head Terms,/google-business-profile-management-tool/,Product Landing,BOFU,5,High,P3,0
google my business follow button,,0,,Core / Navigational Head Terms,/google-business-profile-management-tool/,Product Landing,BOFU,5,High,P3,0
google my business followers,,0,,Core / Navigational Head Terms,/google-business-profile-management-tool/,Product Landing,BOFU,5,High,P3,0
google my business font awesome,,0,,Core / Navigational Head Terms,/google-business-profile-management-tool/,Product Landing,BOFU,5,High,P3,0
google my business for a person,,0,,Core / Navigational Head Terms,/google-business-profile-management-tool/,Product Landing,BOFU,5,High,P3,0
google my business for a virtual company,,0,,Core / Navigational Head Terms,/google-my-business-management-service/,Service Landing,BOFU,5,High,P3,0
google my business for apartments,,0,,Core / Navigational Head Terms,/google-business-profile-management-tool/,Product Landing,BOFU,5,High,P3,0
google my business for bloggers,,0,,Core / Navigational Head Terms,/google-business-profile-management-tool/,Product Landing,BOFU,5,High,P3,0
google my business for bulk sms,,0,,Core / Navigational Head Terms,/google-business-profile-management-tool/,Product Landing,BOFU,5,High,P3,0
google my business for churches,,0,,Core / Navigational Head Terms,/google-business-profile-management-tool/,Product Landing,BOFU,5,High,P3,0
google my business for dummies,,0,,Core / Navigational Head Terms,/google-business-profile-management-tool/,Product Landing,BOFU,5,High,P3,0
google my business for dummies pdf,,0,,Core / Navigational Head Terms,/google-business-profile-management-tool/,Product Landing,BOFU,5,High,P3,0
google my business for fb,,0,,Core / Navigational Head Terms,/google-business-profile-management-tool/,Product Landing,BOFU,5,High,P3,0
google my business for government,,0,,Core / Navigational Head Terms,/google-business-profile-management-tool/,Product Landing,BOFU,5,High,P3,0
google my business for hp,,0,,Core / Navigational Head Terms,/google-business-profile-management-tool/,Product Landing,BOFU,5,High,P3,0
google my business for pc download 64 bit,,0,,API / Analytics / Insights,/guides/google-business-profile-login/,Guide,TOFU,1,High,P3,0
google my business for print,,0,,Core / Navigational Head Terms,/google-business-profile-management-tool/,Product Landing,BOFU,5,High,P3,0
google my business for print shops,,0,,Core / Navigational Head Terms,/google-business-profile-management-tool/,Product Landing,BOFU,5,High,P3,0
google my business for real estate agents 2019,,0,,Core / Navigational Head Terms,/google-business-profile-management-tool/,Product Landing,BOFU,5,High,P3,0
google my business for realtors,,0,,Core / Navigational Head Terms,/google-business-profile-management-tool/,Product Landing,BOFU,5,High,P3,0
google my business for university,,0,,Core / Navigational Head Terms,/google-business-profile-management-tool/,Product Landing,BOFU,5,High,P3,0
google my business for windows 10,,0,,Core / Navigational Head Terms,/google-business-profile-management-tool/,Product Landing,BOFU,5,High,P3,0
google my business forgot email,,0,,Core / Navigational Head Terms,/google-business-profile-management-tool/,Product Landing,BOFU,5,High,P3,0
google my business fr,,0,,Core / Navigational Head Terms,/google-business-profile-management-tool/,Product Landing,BOFU,5,High,P3,0
google my business fragen und antworten,,0,,Core / Navigational Head Terms,/google-business-profile-management-tool/,Product Landing,BOFU,5,High,P3,0
google my business francais,,0,,Core / Navigational Head Terms,/google-business-profile-management-tool/,Product Landing,BOFU,5,High,P3,0
google my business france,,0,,Core / Navigational Head Terms,/google-business-profile-management-tool/,Product Landing,BOFU,5,High,P3,0
google my business free business listing,,0,,Free / Cost / Pricing,/guides/is-google-my-business-free/,Guide,TOFU,3,High,P3,0
google my business free business listing sites in india,,0,,Free / Cost / Pricing,/guides/is-google-my-business-free/,Guide,TOFU,3,High,P3,0
google my business free domain,,0,,Free / Cost / Pricing,/guides/is-google-my-business-free/,Guide,TOFU,3,High,P3,0
google my business free hosting,,0,,Free / Cost / Pricing,/guides/is-google-my-business-free/,Guide,TOFU,3,High,P3,0
google my business free india,,0,,Free / Cost / Pricing,/guides/is-google-my-business-free/,Guide,TOFU,3,High,P3,0
google my business free listing step by step,,0,,Free / Cost / Pricing,/guides/is-google-my-business-free/,Guide,TOFU,3,High,P3,0
google my business free or payment,,0,,Free / Cost / Pricing,/guides/is-google-my-business-free/,Guide,TOFU,3,High,P3,0
google my business free website review,,0,,Reviews / Ratings / Reply,/features/google-review-management/,Feature Landing,BOFU,5,High,P3,0
google my business freelancing jobs,,0,,Core / Navigational Head Terms,/google-business-profile-management-tool/,Product Landing,BOFU,5,High,P3,0
google my business frequently asked questions,,0,,Core / Navigational Head Terms,/guides/google-business-profile-questions-and-answers/,Guide,TOFU,3,High,P3,0
google my business full video,,0,,Photos / Logo / Cover / Videos,/guides/google-business-profile-photo-size/,Guide,TOFU,3,High,P3,0
google my business für google maps,,0,,Core / Navigational Head Terms,/google-business-profile-management-tool/,Product Landing,BOFU,5,High,P3,0
google my business für unternehmen,,0,,Core / Navigational Head Terms,/google-business-profile-management-tool/,Product Landing,BOFU,5,High,P3,0
google my business g suite,,0,,Core / Navigational Head Terms,/google-business-profile-management-tool/,Product Landing,BOFU,5,High,P3,0
google my business g1 technologies,,0,,Core / Navigational Head Terms,/google-business-profile-management-tool/,Product Landing,BOFU,5,High,P3,0
google my business germany,,0,,Core / Navigational Head Terms,/google-business-profile-management-tool/,Product Landing,BOFU,5,High,P3,0
google my business germany sign in,,0,,Login / Account / App,/guides/google-business-profile-login/,Guide,TOFU,1,High,P3,0
google my business get ownership,,0,,Ownership / Access / Transfer,/guides/google-business-profile-ownership-transfer/,Guide,TOFU,4,High,P3,0
google my business get review link,,0,,Reviews / Ratings / Reply,/guides/google-my-business-review-link/,Guide,MOFU,5,High,P3,0
google my business get reviews api,,0,,Reviews / Ratings / Reply,/guides/google-my-business-review-link/,Guide,MOFU,5,High,P3,0
google my business get started,,0,,Core / Navigational Head Terms,/google-business-profile-management-tool/,Product Landing,BOFU,5,High,P3,0
google my business get your free,,0,,Free / Cost / Pricing,/guides/is-google-my-business-free/,Guide,TOFU,3,High,P3,0
google my business girias salem,,0,,Core / Navigational Head Terms,/google-business-profile-management-tool/,Product Landing,BOFU,5,High,P3,0
google my business give access to new user,,0,,Ownership / Access / Transfer,/guides/google-business-profile-ownership-transfer/,Guide,TOFU,4,High,P3,0
google my business gmb alerts,,0,,Core / Navigational Head Terms,/google-business-profile-management-tool/,Product Landing,BOFU,5,High,P3,0
google my business gmb alrts,,0,,Core / Navigational Head Terms,/google-business-profile-management-tool/,Product Landing,BOFU,5,High,P3,0
google my business gmb page,,0,,Core / Navigational Head Terms,/google-business-profile-management-tool/,Product Landing,BOFU,5,High,P3,0
google my business gmb trusted verifier tv initiative,,0,,Core / Navigational Head Terms,/google-business-profile-management-tool/,Product Landing,BOFU,5,High,P3,0
google my business godaddy,,0,,Core / Navigational Head Terms,/google-business-profile-management-tool/,Product Landing,BOFU,5,High,P3,0
google my business google com,,0,,Core / Navigational Head Terms,/google-business-profile-management-tool/,Product Landing,BOFU,5,High,P3,0
google my business google plus,,0,,Core / Navigational Head Terms,/google-business-profile-management-tool/,Product Landing,BOFU,5,High,P3,0
google my business google plus page,,0,,Core / Navigational Head Terms,/google-business-profile-management-tool/,Product Landing,BOFU,5,High,P3,0
google my business google supportgoogle support,,0,,Support / Customer Care / Contact,/guides/google-business-profile-support/,Official Support Guide,TOFU,1,High,P3,0
google my business grader,,0,,Core / Navigational Head Terms,/google-business-profile-management-tool/,Product Landing,BOFU,5,High,P3,0
google my business groups linkedin,,0,,Core / Navigational Head Terms,/google-business-profile-management-tool/,Product Landing,BOFU,5,High,P3,0
google my business guideline,,0,,Core / Navigational Head Terms,/google-business-profile-management-tool/,Product Landing,BOFU,5,High,P3,0
google my business guidelines checker,,0,,Core / Navigational Head Terms,/google-business-profile-management-tool/,Product Landing,BOFU,5,High,P3,0
google my business guidelines regarding third parties,,0,,Core / Navigational Head Terms,/google-business-profile-management-tool/,Product Landing,BOFU,5,High,P3,0
google my business hacks 2019,,0,,Core / Navigational Head Terms,/google-business-profile-management-tool/,Product Landing,BOFU,5,High,P3,0
google my business handling freelancing jobs,,0,,Core / Navigational Head Terms,/google-business-profile-management-tool/,Product Landing,BOFU,5,High,P3,0
google my business handling jobs,,0,,Core / Navigational Head Terms,/google-business-profile-management-tool/,Product Landing,BOFU,5,High,P3,0
google my business hangouts,,0,,Core / Navigational Head Terms,/google-business-profile-management-tool/,Product Landing,BOFU,5,High,P3,0
google my business has ad option,,0,,Core / Navigational Head Terms,/google-business-profile-management-tool/,Product Landing,BOFU,5,High,P3,0
google my business hatimtaionline.com,,0,,Core / Navigational Head Terms,/google-business-profile-management-tool/,Product Landing,BOFU,5,High,P3,0
google my business have not received verification code,,0,,Verification / Code / Postcard,/guides/google-business-profile-verification/,Guide,MOFU,5,High,P3,0
google my business have taken by intelent global services,,0,,Categories / Services / Description,/guides/google-my-business-services/,Guide,TOFU,4,High,P3,0
google my business hd,,0,,Core / Navigational Head Terms,/google-business-profile-management-tool/,Product Landing,BOFU,5,High,P3,0
google my business header image size size,,0,,Photos / Logo / Cover / Videos,/guides/google-business-profile-photo-size/,Guide,TOFU,3,High,P3,0
google my business header photo size,,0,,Photos / Logo / Cover / Videos,/guides/google-business-profile-photo-size/,Guide,TOFU,3,High,P3,0
google my business help assisn roles,,0,,Core / Navigational Head Terms,/google-business-profile-management-tool/,Product Landing,BOFU,5,High,P3,0
google my business help line no india,,0,,Core / Navigational Head Terms,/google-business-profile-management-tool/,Product Landing,BOFU,5,High,P3,0
google my business help line nu ber,,0,,Core / Navigational Head Terms,/google-business-profile-management-tool/,Product Landing,BOFU,5,High,P3,0
google my business help phone number india,,0,,Categories / Services / Description,/guides/edit-google-business-profile/,Guide,TOFU,3,High,P3,0
google my business help phone number uk,,0,,Categories / Services / Description,/guides/edit-google-business-profile/,Guide,TOFU,3,High,P3,0
google my business help reviews,,0,,Reviews / Ratings / Reply,/features/google-review-management/,Feature Landing,BOFU,5,High,P3,0
google my business help someone else verified help,,0,,Verification / Code / Postcard,/guides/google-business-profile-verification/,Guide,MOFU,5,High,P3,0
google my business helpline gmail,,0,,Support / Customer Care / Contact,/guides/google-business-profile-support/,Official Support Guide,TOFU,1,High,P3,0
google my business helpline mail,,0,,Support / Customer Care / Contact,/guides/google-business-profile-support/,Official Support Guide,TOFU,1,High,P3,0
google my business helpline no india,,0,,Support / Customer Care / Contact,/guides/google-business-profile-support/,Official Support Guide,TOFU,1,High,P3,0
google my business helpline number in india,,0,,Support / Customer Care / Contact,/guides/google-business-profile-support/,Official Support Guide,TOFU,1,High,P3,0
google my business helpline number in uae,,0,,Support / Customer Care / Contact,/guides/google-business-profile-support/,Official Support Guide,TOFU,1,High,P3,0
google my business helpline uk,,0,,Support / Customer Care / Contact,/guides/google-business-profile-support/,Official Support Guide,TOFU,1,High,P3,0
google my business hide address 2018,,0,,Categories / Services / Description,/guides/edit-google-business-profile/,Guide,TOFU,3,High,P3,0
google my business hide address 2019,,0,,Categories / Services / Description,/guides/edit-google-business-profile/,Guide,TOFU,3,High,P3,0
google my business hilfe,,0,,Core / Navigational Head Terms,/google-business-profile-management-tool/,Product Landing,BOFU,5,High,P3,0
google my business hootsuite,,0,,Core / Navigational Head Terms,/google-business-profile-management-tool/,Product Landing,BOFU,5,High,P3,0
google my business hotel reviews,,0,,Reviews / Ratings / Reply,/features/google-review-management/,Feature Landing,BOFU,5,High,P3,0
google my business hotel reviews hotel sonar bangla darjeeling,,0,,Reviews / Ratings / Reply,/features/google-review-management/,Feature Landing,BOFU,5,High,P3,0
google my business hours are not displaying,,0,,Categories / Services / Description,/guides/google-business-profile-hours/,Guide,TOFU,3,High,P3,0
google my business how i check,,0,,Core / Navigational Head Terms,/google-business-profile-management-tool/,Product Landing,BOFU,5,High,P3,0
google my business how many times can we change name,,0,,Core / Navigational Head Terms,/guides/edit-google-business-profile/,Guide,TOFU,3,High,P3,0
google my business how to access,,0,,Ownership / Access / Transfer,/guides/google-business-profile-ownership-transfer/,Guide,TOFU,4,High,P3,0
google my business how to add cover photo,,0,,Photos / Logo / Cover / Videos,/guides/add-business-to-google-maps/,Guide,TOFU,4,High,P3,0
google my business how to add photos,,0,,Photos / Logo / Cover / Videos,/guides/add-business-to-google-maps/,Guide,TOFU,4,High,P3,0
google my business how to change address,,0,,Categories / Services / Description,/guides/edit-google-business-profile/,Guide,TOFU,3,High,P3,0
google my business how to change owner,,0,,Ownership / Access / Transfer,/guides/edit-google-business-profile/,Guide,TOFU,3,High,P3,0
google my business how to change pin location,,0,,Verification / Code / Postcard,/guides/google-business-profile-verification/,Guide,MOFU,5,High,P3,0
google my business how to change primary owner,,0,,Ownership / Access / Transfer,/guides/edit-google-business-profile/,Guide,TOFU,3,High,P3,0
google my business how to change the fb,,0,,Core / Navigational Head Terms,/guides/edit-google-business-profile/,Guide,TOFU,3,High,P3,0
google my business how to make,,0,,Core / Navigational Head Terms,/google-business-profile-management-tool/,Product Landing,BOFU,5,High,P3,0
google my business how to whitelist origin,,0,,Core / Navigational Head Terms,/google-business-profile-management-tool/,Product Landing,BOFU,5,High,P3,0
google my business https business.google.com dashboard l 01818568109548381338,,0,,Management Service / Agency,/google-business-profile-management-tool/,Product Landing,BOFU,5,High,P3,0
google my business https cinemaweb.in index.php,,0,,Core / Navigational Head Terms,/google-business-profile-management-tool/,Product Landing,BOFU,5,High,P3,0
google my business icon fontawesome,,0,,Core / Navigational Head Terms,/google-business-profile-management-tool/,Product Landing,BOFU,5,High,P3,0
google my business icon for website,,0,,Categories / Services / Description,/guides/edit-google-business-profile/,Guide,TOFU,3,High,P3,0
google my business icon not showing in map,,0,,Core / Navigational Head Terms,/google-business-profile-management-tool/,Product Landing,BOFU,5,High,P3,0
google my business icon png 2019,,0,,Core / Navigational Head Terms,/google-business-profile-management-tool/,Product Landing,BOFU,5,High,P3,0
google my business iconb,,0,,Core / Navigational Head Terms,/google-business-profile-management-tool/,Product Landing,BOFU,5,High,P3,0
google my business iframe,,0,,Core / Navigational Head Terms,/google-business-profile-management-tool/,Product Landing,BOFU,5,High,P3,0
google my business image diagnostics,,0,,Photos / Logo / Cover / Videos,/guides/google-business-profile-photo-size/,Guide,TOFU,3,High,P3,0
google my business image size 2019,,0,,Photos / Logo / Cover / Videos,/guides/google-business-profile-photo-size/,Guide,TOFU,3,High,P3,0
google my business images hd,,0,,Photos / Logo / Cover / Videos,/guides/google-business-profile-photo-size/,Guide,TOFU,3,High,P3,0
google my business images hd phone,,0,,Photos / Logo / Cover / Videos,/guides/google-business-profile-photo-size/,Guide,TOFU,3,High,P3,0
google my business images hd phone png,,0,,Photos / Logo / Cover / Videos,/guides/google-business-profile-photo-size/,Guide,TOFU,3,High,P3,0
google my business images hd png,,0,,Photos / Logo / Cover / Videos,/guides/google-business-profile-photo-size/,Guide,TOFU,3,High,P3,0
google my business images not showing,,0,,Photos / Logo / Cover / Videos,/guides/google-business-profile-photo-size/,Guide,TOFU,3,High,P3,0
google my business important points,,0,,Core / Navigational Head Terms,/google-business-profile-management-tool/,Product Landing,BOFU,5,High,P3,0
google my business in adwords,,0,,Core / Navigational Head Terms,/google-business-profile-management-tool/,Product Landing,BOFU,5,High,P3,0
google my business in google data studio,,0,,API / Analytics / Insights,/features/google-business-profile-reporting/,Feature Landing,BOFU,4,High,P3,0
google my business in muumbai,,0,,Core / Navigational Head Terms,/google-business-profile-management-tool/,Product Landing,BOFU,5,High,P3,0
google my business in south africa,,0,,Core / Navigational Head Terms,/google-business-profile-management-tool/,Product Landing,BOFU,5,High,P3,0
google my business in south africa app,,0,,Login / Account / App,/guides/google-business-profile-login/,Guide,TOFU,1,High,P3,0
google my business in uein,,0,,Core / Navigational Head Terms,/google-business-profile-management-tool/,Product Landing,BOFU,5,High,P3,0
google my business increase number of calls,,0,,Core / Navigational Head Terms,/google-business-profile-management-tool/,Product Landing,BOFU,5,High,P3,0
google my business indexing,,0,,Core / Navigational Head Terms,/google-business-profile-management-tool/,Product Landing,BOFU,5,High,P3,0
google my business india business listing,,0,,Core / Navigational Head Terms,/google-business-profile-management-tool/,Product Landing,BOFU,5,High,P3,0
google my business india contact number,,0,,Support / Customer Care / Contact,/guides/google-business-profile-support/,Official Support Guide,TOFU,1,High,P3,0
google my business india number,,0,,Core / Navigational Head Terms,/google-business-profile-management-tool/,Product Landing,BOFU,5,High,P3,0
google my business india phone support,,0,,Categories / Services / Description,/guides/google-business-profile-support/,Official Support Guide,TOFU,1,High,P3,0
google my business india support,,0,,Support / Customer Care / Contact,/guides/google-business-profile-support/,Official Support Guide,TOFU,1,High,P3,0
google my business infir,,0,,Core / Navigational Head Terms,/google-business-profile-management-tool/,Product Landing,BOFU,5,High,P3,0
google my business info box,,0,,Core / Navigational Head Terms,/guides/edit-google-business-profile/,Guide,TOFU,3,High,P3,0
google my business iniciar sesion,,0,,Core / Navigational Head Terms,/google-business-profile-management-tool/,Product Landing,BOFU,5,High,P3,0
google my business initial release date,,0,,Core / Navigational Head Terms,/google-business-profile-management-tool/,Product Landing,BOFU,5,High,P3,0
google my business innowatts,,0,,Core / Navigational Head Terms,/google-business-profile-management-tool/,Product Landing,BOFU,5,High,P3,0
google my business insight integration,,0,,Core / Navigational Head Terms,/google-business-profile-management-tool/,Product Landing,BOFU,5,High,P3,0
google my business insights data,,0,,API / Analytics / Insights,/features/google-business-profile-reporting/,Feature Landing,BOFU,4,High,P3,0
google my business insights explained,,0,,API / Analytics / Insights,/features/google-business-profile-reporting/,Feature Landing,BOFU,4,High,P3,0
google my business insights export,,0,,API / Analytics / Insights,/features/google-business-profile-reporting/,Feature Landing,BOFU,4,High,P3,0
google my business integration for data,,0,,API / Analytics / Insights,/features/google-business-profile-reporting/,Feature Landing,BOFU,4,High,P3,0
google my business integration in website,,0,,Categories / Services / Description,/guides/edit-google-business-profile/,Guide,TOFU,3,High,P3,0
google my business internal error,,0,,Core / Navigational Head Terms,/google-business-profile-management-tool/,Product Landing,BOFU,5,High,P3,0
google my business international,,0,,Core / Navigational Head Terms,/google-business-profile-management-tool/,Product Landing,BOFU,5,High,P3,0
google my business introduced some new features,,0,,Core / Navigational Head Terms,/google-business-profile-management-tool/,Product Landing,BOFU,5,High,P3,0
google my business invoices,,0,,Core / Navigational Head Terms,/google-business-profile-management-tool/,Product Landing,BOFU,5,High,P3,0
google my business ioded,,0,,Core / Navigational Head Terms,/google-business-profile-management-tool/,Product Landing,BOFU,5,High,P3,0
google my business is a digital phonebook listing,,0,,Core / Navigational Head Terms,/google-business-profile-management-tool/,Product Landing,BOFU,5,High,P3,0
google my business is a free service for commercial businesses,,0,,Management Service / Agency,/guides/is-google-my-business-free/,Guide,TOFU,3,High,P3,0
google my business is a tool,,0,,Management Service / Agency,/google-business-profile-management-tool/,Product Landing,BOFU,5,High,P3,0
google my business is important,,0,,Core / Navigational Head Terms,/google-business-profile-management-tool/,Product Landing,BOFU,5,High,P3,0
google my business is not accepting my iage,,0,,Core / Navigational Head Terms,/google-business-profile-management-tool/,Product Landing,BOFU,5,High,P3,0
google my business is paid or free,,0,,Free / Cost / Pricing,/guides/is-google-my-business-free/,Guide,TOFU,3,High,P3,0
google my business is visible only near,,0,,Core / Navigational Head Terms,/google-business-profile-management-tool/,Product Landing,BOFU,5,High,P3,0
google my business job description,,0,,Categories / Services / Description,/guides/google-business-profile-description-examples/,Guide,TOFU,4,High,P3,0
google my business just chills,,0,,Core / Navigational Head Terms,/google-business-profile-management-tool/,Product Landing,BOFU,5,High,P3,0
google my business just chillz,,0,,Core / Navigational Head Terms,/google-business-profile-management-tool/,Product Landing,BOFU,5,High,P3,0
google my business justin toper,,0,,Core / Navigational Head Terms,/google-business-profile-management-tool/,Product Landing,BOFU,5,High,P3,0
google my business kaavay,,0,,Core / Navigational Head Terms,/google-business-profile-management-tool/,Product Landing,BOFU,5,High,P3,0
google my business kategorien liste,,0,,Core / Navigational Head Terms,/google-business-profile-management-tool/,Product Landing,BOFU,5,High,P3,0
google my business keywords how add,,0,,Setup / Add / Create / Register,/guides/add-business-to-google-maps/,Guide,TOFU,4,High,P3,0
google my business keywords mobile services,,0,,Categories / Services / Description,/guides/google-my-business-services/,Guide,TOFU,4,High,P3,0
google my business knowledge graph,,0,,Core / Navigational Head Terms,/google-business-profile-management-tool/,Product Landing,BOFU,5,High,P3,0
google my business ko kese ranking mei lekar aaye,,0,,Optimization / SEO / Ranking,/guides/google-business-profile-optimization-checklist/,Pillar Guide,MOFU,5,High,P3,0
google my business kolkata photography,,0,,Core / Navigational Head Terms,/google-business-profile-management-tool/,Product Landing,BOFU,5,High,P3,0
google my business kontakt,,0,,Core / Navigational Head Terms,/google-business-profile-management-tool/,Product Landing,BOFU,5,High,P3,0
google my business kosten,,0,,Core / Navigational Head Terms,/google-business-profile-management-tool/,Product Landing,BOFU,5,High,P3,0
google my business kya hotahai site youtube.com,,0,,Core / Navigational Head Terms,/google-business-profile-management-tool/,Product Landing,BOFU,5,High,P3,0
google my business labels meaning,,0,,Core / Navigational Head Terms,/google-business-profile-management-tool/,Product Landing,BOFU,5,High,P3,0
google my business latest apk,,0,,Core / Navigational Head Terms,/google-business-profile-management-tool/,Product Landing,BOFU,5,High,P3,0
google my business launch,,0,,Core / Navigational Head Terms,/google-business-profile-management-tool/,Product Landing,BOFU,5,High,P3,0
google my business launched a new spam form,,0,,Core / Navigational Head Terms,/google-business-profile-management-tool/,Product Landing,BOFU,5,High,P3,0
google my business lessons,,0,,Core / Navigational Head Terms,/google-business-profile-management-tool/,Product Landing,BOFU,5,High,P3,0
google my business letter cover,,0,,Verification / Code / Postcard,/guides/google-business-profile-verification/,Guide,MOFU,5,High,P3,0
google my business letter models,,0,,Verification / Code / Postcard,/guides/google-business-profile-verification/,Guide,MOFU,5,High,P3,0
google my business library,,0,,Core / Navigational Head Terms,/google-business-profile-management-tool/,Product Landing,BOFU,5,High,P3,0
google my business life11,,0,,Core / Navigational Head Terms,/google-business-profile-management-tool/,Product Landing,BOFU,5,High,P3,0
google my business link to facebook,,0,,Core / Navigational Head Terms,/google-business-profile-management-tool/,Product Landing,BOFU,5,High,P3,0
google my business link to review,,0,,Reviews / Ratings / Reply,/features/google-review-management/,Feature Landing,BOFU,5,High,P3,0
google my business linked accounts,,0,,Core / Navigational Head Terms,/google-business-profile-management-tool/,Product Landing,BOFU,5,High,P3,0
google my business lis,,0,,Core / Navigational Head Terms,/google-business-profile-management-tool/,Product Landing,BOFU,5,High,P3,0
google my business lisiting,,0,,Core / Navigational Head Terms,/google-business-profile-management-tool/,Product Landing,BOFU,5,High,P3,0
google my business list accounts api,,0,,API / Analytics / Insights,/features/google-business-profile-reporting/,Feature Landing,BOFU,4,High,P3,0
google my business list of categories,,0,,Categories / Services / Description,/guides/google-business-profile-categories-list/,Guide,TOFU,4,High,P3,0
google my business listening,,0,,Core / Navigational Head Terms,/google-business-profile-management-tool/,Product Landing,BOFU,5,High,P3,0
google my business listibg,,0,,Core / Navigational Head Terms,/google-business-profile-management-tool/,Product Landing,BOFU,5,High,P3,0
google my business listig contact number,,0,,Support / Customer Care / Contact,/guides/google-business-profile-support/,Official Support Guide,TOFU,1,High,P3,0
google my business listig local contact number,,0,,Support / Customer Care / Contact,/guides/google-business-profile-support/,Official Support Guide,TOFU,1,High,P3,0
google my business listin,,0,,Core / Navigational Head Terms,/google-business-profile-management-tool/,Product Landing,BOFU,5,High,P3,0
google my business listing audit,,0,,Core / Navigational Head Terms,/google-business-profile-management-tool/,Product Landing,BOFU,5,High,P3,0
google my business listing branches,,0,,Core / Navigational Head Terms,/google-business-profile-management-tool/,Product Landing,BOFU,5,High,P3,0
google my business listing categories,,0,,Categories / Services / Description,/guides/google-business-profile-categories-list/,Guide,TOFU,4,High,P3,0
google my business listing checker,,0,,Core / Navigational Head Terms,/google-business-profile-management-tool/,Product Landing,BOFU,5,High,P3,0
google my business listing checker tool,,0,,Management Service / Agency,/google-business-profile-management-tool/,Product Landing,BOFU,5,High,P3,0
google my business listing claim,,0,,Setup / Add / Create / Register,/guides/google-business-profile-ownership-transfer/,Guide,TOFU,4,High,P3,0
google my business listing clipart,,0,,Core / Navigational Head Terms,/google-business-profile-management-tool/,Product Landing,BOFU,5,High,P3,0
google my business listing clipart black and white,,0,,Core / Navigational Head Terms,/google-business-profile-management-tool/,Product Landing,BOFU,5,High,P3,0
google my business listing cost,,0,,Free / Cost / Pricing,/guides/is-google-my-business-free/,Guide,TOFU,3,High,P3,0
google my business listing disappeared,,0,,Core / Navigational Head Terms,/google-business-profile-management-tool/,Product Landing,BOFU,5,High,P3,0
google my business listing error missing store code,,0,,Verification / Code / Postcard,/guides/google-business-profile-verification/,Guide,MOFU,5,High,P3,0
google my business listing examples,,0,,Core / Navigational Head Terms,/google-business-profile-management-tool/,Product Landing,BOFU,5,High,P3,0
google my business listing features,,0,,Core / Navigational Head Terms,/google-business-profile-management-tool/,Product Landing,BOFU,5,High,P3,0
google my business listing fee,,0,,Core / Navigational Head Terms,/google-business-profile-management-tool/,Product Landing,BOFU,5,High,P3,0
google my business listing form,,0,,Core / Navigational Head Terms,/google-business-profile-management-tool/,Product Landing,BOFU,5,High,P3,0
google my business listing forum,,0,,Core / Navigational Head Terms,/google-business-profile-management-tool/,Product Landing,BOFU,5,High,P3,0
google my business listing importance,,0,,Core / Navigational Head Terms,/google-business-profile-management-tool/,Product Landing,BOFU,5,High,P3,0
google my business listing instant verification,,0,,Verification / Code / Postcard,/guides/google-business-profile-verification/,Guide,MOFU,5,High,P3,0
google my business listing is live,,0,,Core / Navigational Head Terms,/google-business-profile-management-tool/,Product Landing,BOFU,5,High,P3,0
google my business listing is pending,,0,,Core / Navigational Head Terms,/google-business-profile-management-tool/,Product Landing,BOFU,5,High,P3,0
google my business listing link,,0,,Core / Navigational Head Terms,/google-business-profile-management-tool/,Product Landing,BOFU,5,High,P3,0
google my business listing link generator,,0,,Core / Navigational Head Terms,/google-business-profile-management-tool/,Product Landing,BOFU,5,High,P3,0
google my business listing link to website,,0,,Categories / Services / Description,/guides/edit-google-business-profile/,Guide,TOFU,3,High,P3,0
google my business listing logo png,,0,,Photos / Logo / Cover / Videos,/guides/google-my-business-logo-size/,Guide,TOFU,3,High,P3,0
google my business listing on maps toll free,,0,,Support / Customer Care / Contact,/guides/google-business-profile-support/,Official Support Guide,TOFU,1,High,P3,0
google my business listing optimisation,,0,,Optimization / SEO / Ranking,/guides/google-business-profile-optimization-checklist/,Pillar Guide,MOFU,5,High,P3,0
google my business listing optimisation local business listing site,,0,,Optimization / SEO / Ranking,/guides/google-business-profile-optimization-checklist/,Pillar Guide,MOFU,5,High,P3,0
google my business listing optimization tools,,0,,Optimization / SEO / Ranking,/guides/google-business-profile-optimization-checklist/,Pillar Guide,MOFU,5,High,P3,0
google my business listing optimization training,,0,,Optimization / SEO / Ranking,/guides/google-business-profile-optimization-checklist/,Pillar Guide,MOFU,5,High,P3,0
google my business listing phone number,,0,,Categories / Services / Description,/guides/edit-google-business-profile/,Guide,TOFU,3,High,P3,0
google my business listing posts,,0,,Google Posts / Offers / Updates,/features/google-posts-scheduler/,Feature Landing,BOFU,5,High,P3,0
google my business listing seo amazon,,0,,Optimization / SEO / Ranking,/guides/google-business-profile-optimization-checklist/,Pillar Guide,MOFU,5,High,P3,0
google my business listing signal percentage,,0,,Core / Navigational Head Terms,/google-business-profile-management-tool/,Product Landing,BOFU,5,High,P3,0
google my business listing suspended hindi,,0,,Suspension / Reinstatement / Delete,/guides/google-business-profile-suspended/,Troubleshooting Guide,MOFU,5,High,P3,0
google my business listing toll free,,0,,Support / Customer Care / Contact,/guides/google-business-profile-support/,Official Support Guide,TOFU,1,High,P3,0
google my business listing toll free india,,0,,Support / Customer Care / Contact,/guides/google-business-profile-support/,Official Support Guide,TOFU,1,High,P3,0
google my business listing toll free number,,0,,Support / Customer Care / Contact,/guides/google-business-profile-support/,Official Support Guide,TOFU,1,High,P3,0
google my business listing toll free number ad,,0,,Support / Customer Care / Contact,/guides/google-business-profile-support/,Official Support Guide,TOFU,1,High,P3,0
google my business listing toll free number india,,0,,Support / Customer Care / Contact,/guides/google-business-profile-support/,Official Support Guide,TOFU,1,High,P3,0
google my business listing transfer ownership,,0,,Ownership / Access / Transfer,/guides/google-business-profile-ownership-transfer/,Guide,TOFU,4,High,P3,0
google my business listing unclaimed,,0,,Core / Navigational Head Terms,/google-business-profile-management-tool/,Product Landing,BOFU,5,High,P3,0
google my business listing url,,0,,Core / Navigational Head Terms,/google-business-profile-management-tool/,Product Landing,BOFU,5,High,P3,0
google my business listing verification is pending,,0,,Verification / Code / Postcard,/guides/google-business-profile-verification/,Guide,MOFU,5,High,P3,0
google my business listing verification without postcard,,0,,Verification / Code / Postcard,/guides/google-business-profile-verification/,Guide,MOFU,5,High,P3,0
google my business live,,0,,Core / Navigational Head Terms,/google-business-profile-management-tool/,Product Landing,BOFU,5,High,P3,0
google my business llogin,,0,,Core / Navigational Head Terms,/google-business-profile-management-tool/,Product Landing,BOFU,5,High,P3,0
google my business local directories uk,,0,,Core / Navigational Head Terms,/google-business-profile-management-tool/,Product Landing,BOFU,5,High,P3,0
google my business local post api,,0,,Google Posts / Offers / Updates,/features/google-posts-scheduler/,Feature Landing,BOFU,5,High,P3,0
google my business local search seo,,0,,Optimization / SEO / Ranking,/guides/google-business-profile-optimization-checklist/,Pillar Guide,MOFU,5,High,P3,0
google my business local seo charges,,0,,Optimization / SEO / Ranking,/guides/google-business-profile-optimization-checklist/,Pillar Guide,MOFU,5,High,P3,0
google my business local seo charges india,,0,,Optimization / SEO / Ranking,/guides/google-business-profile-optimization-checklist/,Pillar Guide,MOFU,5,High,P3,0
google my business located in,,0,,Core / Navigational Head Terms,/google-business-profile-management-tool/,Product Landing,BOFU,5,High,P3,0
google my business location extensions,,0,,Core / Navigational Head Terms,/google-business-profile-management-tool/,Product Landing,BOFU,5,High,P3,0
google my business location groups,,0,,Core / Navigational Head Terms,/google-business-profile-management-tool/,Product Landing,BOFU,5,High,P3,0
google my business location id from the google listing account,,0,,Login / Account / App,/guides/google-business-profile-login/,Guide,TOFU,1,High,P3,0
google my business location is not marked,,0,,Core / Navigational Head Terms,/google-business-profile-management-tool/,Product Landing,BOFU,5,High,P3,0
google my business location is wrong,,0,,Core / Navigational Head Terms,/google-business-profile-management-tool/,Product Landing,BOFU,5,High,P3,0
google my business location not showing missing,,0,,Core / Navigational Head Terms,/google-business-profile-management-tool/,Product Landing,BOFU,5,High,P3,0
google my business location object,,0,,Core / Navigational Head Terms,/google-business-profile-management-tool/,Product Landing,BOFU,5,High,P3,0
google my business location suspended,,0,,Suspension / Reinstatement / Delete,/guides/google-business-profile-suspended/,Troubleshooting Guide,MOFU,5,High,P3,0
google my business location verification multiple,,0,,Verification / Code / Postcard,/guides/google-business-profile-verification/,Guide,MOFU,5,High,P3,0
google my business locations api,,0,,API / Analytics / Insights,/google-business-profile-management-tool/,Product Landing,BOFU,5,High,P3,0
google my business locations categories,,0,,Categories / Services / Description,/google-business-profile-management-tool/,Product Landing,BOFU,5,High,P3,0
google my business locations dashboard,,0,,Management Service / Agency,/google-business-profile-management-tool/,Product Landing,BOFU,5,High,P3,0
google my business locations help,,0,,Core / Navigational Head Terms,/google-business-profile-management-tool/,Product Landing,BOFU,5,High,P3,0
google my business locations samples,,0,,Core / Navigational Head Terms,/google-business-profile-management-tool/,Product Landing,BOFU,5,High,P3,0
google my business locations tool,,0,,Management Service / Agency,/google-business-profile-management-tool/,Product Landing,BOFU,5,High,P3,0
google my business locations widp,,0,,Core / Navigational Head Terms,/google-business-profile-management-tool/,Product Landing,BOFU,5,High,P3,0
google my business lofgin,,0,,Core / Navigational Head Terms,/google-business-profile-management-tool/,Product Landing,BOFU,5,High,P3,0
google my business login desktop,,0,,Login / Account / App,/guides/google-business-profile-login/,Guide,TOFU,1,High,P3,0
google my business login deutsch,,0,,Login / Account / App,/guides/google-business-profile-login/,Guide,TOFU,1,High,P3,0
google my business login italiano,,0,,Login / Account / App,/guides/google-business-profile-login/,Guide,TOFU,1,High,P3,0
google my business login lost,,0,,Login / Account / App,/guides/google-business-profile-login/,Guide,TOFU,1,High,P3,0
google my business login uk,,0,,Login / Account / App,/guides/google-business-profile-login/,Guide,TOFU,1,High,P3,0
google my business login vergessen,,0,,Login / Account / App,/guides/google-business-profile-login/,Guide,TOFU,1,High,P3,0
google my business login with phone number,,0,,Categories / Services / Description,/guides/google-business-profile-login/,Guide,TOFU,1,High,P3,0
google my business login3,,0,,Core / Navigational Head Terms,/google-business-profile-management-tool/,Product Landing,BOFU,5,High,P3,0
google my business logo 2019,,0,,Photos / Logo / Cover / Videos,/guides/google-my-business-logo-size/,Guide,TOFU,3,High,P3,0
google my business logo ai,,0,,Photos / Logo / Cover / Videos,/guides/google-my-business-logo-size/,Guide,TOFU,3,High,P3,0
google my business logo and cover photo size 2019,,0,,Photos / Logo / Cover / Videos,/guides/google-my-business-logo-size/,Guide,TOFU,3,High,P3,0
google my business logo height size,,0,,Photos / Logo / Cover / Videos,/guides/google-my-business-logo-size/,Guide,TOFU,3,High,P3,0
google my business logo not showing,,0,,Photos / Logo / Cover / Videos,/guides/google-my-business-logo-size/,Guide,TOFU,3,High,P3,0
google my business logo png icon,,0,,Photos / Logo / Cover / Videos,/guides/google-my-business-logo-size/,Guide,TOFU,3,High,P3,0
google my business logo png icon white,,0,,Photos / Logo / Cover / Videos,/guides/google-my-business-logo-size/,Guide,TOFU,3,High,P3,0
google my business logo size 2019,,0,,Photos / Logo / Cover / Videos,/guides/google-my-business-logo-size/,Guide,TOFU,3,High,P3,0
google my business logo sizes,,0,,Photos / Logo / Cover / Videos,/guides/google-my-business-logo-size/,Guide,TOFU,3,High,P3,0
google my business longitude latitude,,0,,Core / Navigational Head Terms,/google-business-profile-management-tool/,Product Landing,BOFU,5,High,P3,0
google my business lookup,,0,,Core / Navigational Head Terms,/google-business-profile-management-tool/,Product Landing,BOFU,5,High,P3,0
google my business lotus park,,0,,Core / Navigational Head Terms,/google-business-profile-management-tool/,Product Landing,BOFU,5,High,P3,0
google my business lotus park goregaon east,,0,,Core / Navigational Head Terms,/google-business-profile-management-tool/,Product Landing,BOFU,5,High,P3,0
google my business lsitng toll free,,0,,Support / Customer Care / Contact,/guides/google-business-profile-support/,Official Support Guide,TOFU,1,High,P3,0
google my business magic crate,,0,,Core / Navigational Head Terms,/google-business-profile-management-tool/,Product Landing,BOFU,5,High,P3,0
google my business magnifying glass,,0,,Core / Navigational Head Terms,/google-business-profile-management-tool/,Product Landing,BOFU,5,High,P3,0
google my business main photo,,0,,Photos / Logo / Cover / Videos,/guides/google-business-profile-photo-size/,Guide,TOFU,3,High,P3,0
google my business maintaniness fees,,0,,Core / Navigational Head Terms,/google-business-profile-management-tool/,Product Landing,BOFU,5,High,P3,0
google my business maintenance fee,,0,,Core / Navigational Head Terms,/google-business-profile-management-tool/,Product Landing,BOFU,5,High,P3,0
google my business manage notification,,0,,Management Service / Agency,/google-business-profile-management-tool/,Product Landing,BOFU,5,High,P3,0
google my business managing proposal,,0,,Core / Navigational Head Terms,/google-business-profile-management-tool/,Product Landing,BOFU,5,High,P3,0
google my business managing proposl,,0,,Core / Navigational Head Terms,/google-business-profile-management-tool/,Product Landing,BOFU,5,High,P3,0
google my business map icon,,0,,Core / Navigational Head Terms,/google-business-profile-management-tool/,Product Landing,BOFU,5,High,P3,0
google my business map log size,,0,,Photos / Logo / Cover / Videos,/google-business-profile-management-tool/,Product Landing,BOFU,5,High,P3,0
google my business map rank,,0,,Optimization / SEO / Ranking,/guides/google-business-profile-optimization-checklist/,Pillar Guide,MOFU,5,High,P3,0
google my business maps api,,0,,API / Analytics / Insights,/features/google-business-profile-reporting/,Feature Landing,BOFU,4,High,P3,0
google my business maps marker,,0,,Core / Navigational Head Terms,/google-business-profile-management-tool/,Product Landing,BOFU,5,High,P3,0
google my business marketing cheatsheet,,0,,Core / Navigational Head Terms,/google-business-profile-management-tool/,Product Landing,BOFU,5,High,P3,0
google my business marketing services,,0,,Categories / Services / Description,/guides/google-my-business-services/,Guide,TOFU,4,High,P3,0
google my business marketing sites,,0,,Core / Navigational Head Terms,/google-business-profile-management-tool/,Product Landing,BOFU,5,High,P3,0
google my business marketing tools data research,,0,,API / Analytics / Insights,/features/google-business-profile-reporting/,Feature Landing,BOFU,4,High,P3,0
google my business marketingservice,,0,,Core / Navigational Head Terms,/google-business-profile-management-tool/,Product Landing,BOFU,5,High,P3,0
google my business max video size,,0,,Photos / Logo / Cover / Videos,/guides/google-business-profile-photo-size/,Guide,TOFU,3,High,P3,0
google my business maximum business listing,,0,,Core / Navigational Head Terms,/google-business-profile-management-tool/,Product Landing,BOFU,5,High,P3,0
google my business maximum locations,,0,,Core / Navigational Head Terms,/google-business-profile-management-tool/,Product Landing,BOFU,5,High,P3,0
google my business maximum profile,,0,,Core / Navigational Head Terms,/google-business-profile-management-tool/,Product Landing,BOFU,5,High,P3,0
google my business me suspend location kya hai,,0,,Suspension / Reinstatement / Delete,/guides/google-business-profile-suspended/,Troubleshooting Guide,MOFU,5,High,P3,0
google my business melbourne,,0,,Core / Navigational Head Terms,/google-business-profile-management-tool/,Product Landing,BOFU,5,High,P3,0
google my business melbourne knife sharpening,,0,,Core / Navigational Head Terms,/google-business-profile-management-tool/,Product Landing,BOFU,5,High,P3,0
google my business menu api,,0,,Google Posts / Offers / Updates,/guides/google-my-business-services/,Guide,TOFU,4,High,P3,0
google my business merchant,,0,,Core / Navigational Head Terms,/google-business-profile-management-tool/,Product Landing,BOFU,5,High,P3,0
google my business merge locations,,0,,Core / Navigational Head Terms,/google-business-profile-management-tool/,Product Landing,BOFU,5,High,P3,0
google my business message button,,0,,Core / Navigational Head Terms,/google-business-profile-management-tool/,Product Landing,BOFU,5,High,P3,0
google my business message button not showing,,0,,Core / Navigational Head Terms,/google-business-profile-management-tool/,Product Landing,BOFU,5,High,P3,0
google my business messaging 2019,,0,,Core / Navigational Head Terms,/google-business-profile-management-tool/,Product Landing,BOFU,5,High,P3,0
google my business messaging feature,,0,,Core / Navigational Head Terms,/google-business-profile-management-tool/,Product Landing,BOFU,5,High,P3,0
google my business messaging feature stop,,0,,Core / Navigational Head Terms,/google-business-profile-management-tool/,Product Landing,BOFU,5,High,P3,0
google my business messaging on desktop,,0,,Core / Navigational Head Terms,/google-business-profile-management-tool/,Product Landing,BOFU,5,High,P3,0
google my business messaging uk,,0,,Core / Navigational Head Terms,/google-business-profile-management-tool/,Product Landing,BOFU,5,High,P3,0
google my business messaging welcome message,,0,,Core / Navigational Head Terms,/google-business-profile-management-tool/,Product Landing,BOFU,5,High,P3,0
google my business messaging welcome message example,,0,,Core / Navigational Head Terms,/google-business-profile-management-tool/,Product Landing,BOFU,5,High,P3,0
google my business meta tags,,0,,Core / Navigational Head Terms,/google-business-profile-management-tool/,Product Landing,BOFU,5,High,P3,0
google my business method not found,,0,,Core / Navigational Head Terms,/google-business-profile-management-tool/,Product Landing,BOFU,5,High,P3,0
google my business minimum keywords,,0,,Core / Navigational Head Terms,/google-business-profile-management-tool/,Product Landing,BOFU,5,High,P3,0
google my business mobile app limitation of listing,,0,,Login / Account / App,/guides/google-business-profile-login/,Guide,TOFU,1,High,P3,0
google my business mobile view,,0,,Core / Navigational Head Terms,/google-business-profile-management-tool/,Product Landing,BOFU,5,High,P3,0
google my business mobile view cover photo size,,0,,Photos / Logo / Cover / Videos,/guides/google-business-profile-photo-size/,Guide,TOFU,3,High,P3,0
google my business modern rascals,,0,,Core / Navigational Head Terms,/google-business-profile-management-tool/,Product Landing,BOFU,5,High,P3,0
google my business mon compte,,0,,Core / Navigational Head Terms,/google-business-profile-management-tool/,Product Landing,BOFU,5,High,P3,0
google my business more than 10 locations,,0,,Core / Navigational Head Terms,/google-business-profile-management-tool/,Product Landing,BOFU,5,High,P3,0
google my business move,,0,,Core / Navigational Head Terms,/google-business-profile-management-tool/,Product Landing,BOFU,5,High,P3,0
google my business move location,,0,,Core / Navigational Head Terms,/google-business-profile-management-tool/,Product Landing,BOFU,5,High,P3,0
google my business move location to business account,,0,,Login / Account / App,/guides/google-business-profile-login/,Guide,TOFU,1,High,P3,0
google my business multi location,,0,,Core / Navigational Head Terms,/google-business-profile-management-tool/,Product Landing,BOFU,5,High,P3,0
google my business multiple addresses,,0,,Core / Navigational Head Terms,/google-business-profile-management-tool/,Product Landing,BOFU,5,High,P3,0
google my business multiple hours,,0,,Categories / Services / Description,/guides/google-business-profile-hours/,Guide,TOFU,3,High,P3,0
google my business multiple phone numbers,,0,,Categories / Services / Description,/guides/edit-google-business-profile/,Guide,TOFU,3,High,P3,0
google my business mx records,,0,,Core / Navigational Head Terms,/google-business-profile-management-tool/,Product Landing,BOFU,5,High,P3,0
google my business name changing automatically,,0,,Core / Navigational Head Terms,/google-business-profile-management-tool/,Product Landing,BOFU,5,High,P3,0
google my business name keep on changing,,0,,Core / Navigational Head Terms,/google-business-profile-management-tool/,Product Landing,BOFU,5,High,P3,0
google my business name violation,,0,,Core / Navigational Head Terms,/google-business-profile-management-tool/,Product Landing,BOFU,5,High,P3,0
google my business name ändern,,0,,Core / Navigational Head Terms,/google-business-profile-management-tool/,Product Landing,BOFU,5,High,P3,0
google my business nationwide,,0,,Core / Navigational Head Terms,/google-business-profile-management-tool/,Product Landing,BOFU,5,High,P3,0
google my business nedir,,0,,Core / Navigational Head Terms,/google-business-profile-management-tool/,Product Landing,BOFU,5,High,P3,0
google my business neil patel,,0,,Core / Navigational Head Terms,/google-business-profile-management-tool/,Product Landing,BOFU,5,High,P3,0
google my business neptune arts,,0,,Core / Navigational Head Terms,/google-business-profile-management-tool/,Product Landing,BOFU,5,High,P3,0
google my business news updates,,0,,Google Posts / Offers / Updates,/features/google-posts-scheduler/,Feature Landing,BOFU,5,High,P3,0
google my business no 1 travel agent in srinagar,,0,,Core / Navigational Head Terms,/google-business-profile-management-tool/,Product Landing,BOFU,5,High,P3,0
google my business no linked adwords accounts,,0,,Core / Navigational Head Terms,/google-business-profile-management-tool/,Product Landing,BOFU,5,High,P3,0
google my business no reviews,,0,,Reviews / Ratings / Reply,/features/google-review-management/,Feature Landing,BOFU,5,High,P3,0
google my business no.1 travel,,0,,Core / Navigational Head Terms,/google-business-profile-management-tool/,Product Landing,BOFU,5,High,P3,0
google my business not appearing in search,,0,,Core / Navigational Head Terms,/google-business-profile-management-tool/,Product Landing,BOFU,5,High,P3,0
google my business not appearing in search keywords,,0,,Core / Navigational Head Terms,/google-business-profile-management-tool/,Product Landing,BOFU,5,High,P3,0
google my business not loading,,0,,Core / Navigational Head Terms,/google-business-profile-management-tool/,Product Landing,BOFU,5,High,P3,0
google my business not published,,0,,Core / Navigational Head Terms,/google-business-profile-management-tool/,Product Landing,BOFU,5,High,P3,0
google my business not showing after verifing,,0,,Core / Navigational Head Terms,/google-business-profile-management-tool/,Product Landing,BOFU,5,High,P3,0
google my business not showing after verifying,,0,,Core / Navigational Head Terms,/google-business-profile-management-tool/,Product Landing,BOFU,5,High,P3,0
google my business not showing photos,,0,,Photos / Logo / Cover / Videos,/guides/google-business-profile-photo-size/,Guide,TOFU,3,High,P3,0
google my business not showing photos in map,,0,,Photos / Logo / Cover / Videos,/guides/google-business-profile-photo-size/,Guide,TOFU,3,High,P3,0
google my business nuget,,0,,Core / Navigational Head Terms,/google-business-profile-management-tool/,Product Landing,BOFU,5,High,P3,0
google my business number australia,,0,,Core / Navigational Head Terms,/google-business-profile-management-tool/,Product Landing,BOFU,5,High,P3,0
google my business nz,,0,,Core / Navigational Head Terms,/google-business-profile-management-tool/,Product Landing,BOFU,5,High,P3,0
google my business oauth,,0,,Core / Navigational Head Terms,/google-business-profile-management-tool/,Product Landing,BOFU,5,High,P3,0
google my business of chickpet bangalore,,0,,Core / Navigational Head Terms,/google-business-profile-management-tool/,Product Landing,BOFU,5,High,P3,0
google my business offer post size,,0,,Google Posts / Offers / Updates,/guides/google-business-profile-posts-examples/,Guide,TOFU,4,High,P3,0
google my business offer posts size,,0,,Google Posts / Offers / Updates,/guides/google-business-profile-posts-examples/,Guide,TOFU,4,High,P3,0
google my business offer section,,0,,Google Posts / Offers / Updates,/features/google-posts-scheduler/,Feature Landing,BOFU,5,High,P3,0
google my business office in delhi,,0,,Core / Navigational Head Terms,/google-business-profile-management-tool/,Product Landing,BOFU,5,High,P3,0
google my business officers example,,0,,Core / Navigational Head Terms,/google-business-profile-management-tool/,Product Landing,BOFU,5,High,P3,0
google my business official demo,,0,,Core / Navigational Head Terms,/google-business-profile-management-tool/,Product Landing,BOFU,5,High,P3,0
google my business official logo,,0,,Photos / Logo / Cover / Videos,/guides/google-my-business-logo-size/,Guide,TOFU,3,High,P3,0
google my business offline verification,,0,,Verification / Code / Postcard,/guides/google-business-profile-verification/,Guide,MOFU,5,High,P3,0
google my business ohne gmail adresse,,0,,Core / Navigational Head Terms,/google-business-profile-management-tool/,Product Landing,BOFU,5,High,P3,0
google my business omg enterprises,,0,,Core / Navigational Head Terms,/google-business-profile-management-tool/,Product Landing,BOFU,5,High,P3,0
google my business on behalf,,0,,Core / Navigational Head Terms,/google-business-profile-management-tool/,Product Landing,BOFU,5,High,P3,0
google my business online demo,,0,,Core / Navigational Head Terms,/google-business-profile-management-tool/,Product Landing,BOFU,5,High,P3,0
google my business online directories,,0,,Core / Navigational Head Terms,/google-business-profile-management-tool/,Product Landing,BOFU,5,High,P3,0
google my business only showing facebook link,,0,,Core / Navigational Head Terms,/google-business-profile-management-tool/,Product Landing,BOFU,5,High,P3,0
google my business optimieren,,0,,Core / Navigational Head Terms,/google-business-profile-management-tool/,Product Landing,BOFU,5,High,P3,0
google my business optimisation cornwall,,0,,Optimization / SEO / Ranking,/guides/google-business-profile-optimization-checklist/,Pillar Guide,MOFU,5,High,P3,0
google my business optimisation specialists,,0,,Optimization / SEO / Ranking,/guides/google-business-profile-optimization-checklist/,Pillar Guide,MOFU,5,High,P3,0
google my business optimization 2017,,0,,Optimization / SEO / Ranking,/guides/google-business-profile-optimization-checklist/,Pillar Guide,MOFU,5,High,P3,0
google my business optimization 2018,,0,,Optimization / SEO / Ranking,/guides/google-business-profile-optimization-checklist/,Pillar Guide,MOFU,5,High,P3,0
google my business optimization 2020,,0,,Optimization / SEO / Ranking,/guides/google-business-profile-optimization-checklist/,Pillar Guide,MOFU,5,High,P3,0
google my business optimization aliso viejo,,0,,Optimization / SEO / Ranking,/guides/google-business-profile-optimization-checklist/,Pillar Guide,MOFU,5,High,P3,0
google my business optimization in kolkata,,0,,Optimization / SEO / Ranking,/guides/google-business-profile-optimization-checklist/,Pillar Guide,MOFU,5,High,P3,0
google my business optimization pdf,,0,,Optimization / SEO / Ranking,/guides/google-business-profile-optimization-checklist/,Pillar Guide,MOFU,5,High,P3,0
google my business optimization service ahmedabad,,0,,Optimization / SEO / Ranking,/google-my-business-optimization-service/,Service Landing,BOFU,5,High,P3,0
google my business optimization tools,,0,,Optimization / SEO / Ranking,/guides/google-business-profile-optimization-checklist/,Pillar Guide,MOFU,5,High,P3,0
google my business options,,0,,Core / Navigational Head Terms,/google-business-profile-management-tool/,Product Landing,BOFU,5,High,P3,0
google my business oranic ranking,,0,,Optimization / SEO / Ranking,/guides/google-business-profile-optimization-checklist/,Pillar Guide,MOFU,5,High,P3,0
google my business order online button,,0,,Core / Navigational Head Terms,/google-business-profile-management-tool/,Product Landing,BOFU,5,High,P3,0
google my business organisation,,0,,Core / Navigational Head Terms,/google-business-profile-management-tool/,Product Landing,BOFU,5,High,P3,0
google my business organization,,0,,Core / Navigational Head Terms,/google-business-profile-management-tool/,Product Landing,BOFU,5,High,P3,0
google my business organization customer care number,,0,,Support / Customer Care / Contact,/guides/google-business-profile-support/,Official Support Guide,TOFU,1,High,P3,0
google my business organization cutomer care number,,0,,Core / Navigational Head Terms,/google-business-profile-management-tool/,Product Landing,BOFU,5,High,P3,0
google my business organization id,,0,,Core / Navigational Head Terms,/google-business-profile-management-tool/,Product Landing,BOFU,5,High,P3,0
google my business ownership conflict,,0,,Ownership / Access / Transfer,/guides/google-business-profile-ownership-transfer/,Guide,TOFU,4,High,P3,0
google my business page and seo,,0,,Optimization / SEO / Ranking,/guides/google-business-profile-optimization-checklist/,Pillar Guide,MOFU,5,High,P3,0
google my business page api,,0,,API / Analytics / Insights,/features/google-business-profile-reporting/,Feature Landing,BOFU,4,High,P3,0
google my business page bangalore,,0,,Core / Navigational Head Terms,/google-business-profile-management-tool/,Product Landing,BOFU,5,High,P3,0
google my business page banner size,,0,,Photos / Logo / Cover / Videos,/google-business-profile-management-tool/,Product Landing,BOFU,5,High,P3,0
google my business page cover image,,0,,Photos / Logo / Cover / Videos,/guides/google-business-profile-photo-size/,Guide,TOFU,3,High,P3,0
google my business page creation step by step,,0,,Core / Navigational Head Terms,/google-business-profile-management-tool/,Product Landing,BOFU,5,High,P3,0
google my business page customers photos delete,,0,,Suspension / Reinstatement / Delete,/guides/google-business-profile-photo-size/,Guide,TOFU,3,High,P3,0
google my business page error too many entries,,0,,Core / Navigational Head Terms,/google-business-profile-management-tool/,Product Landing,BOFU,5,High,P3,0
google my business page extractor free,,0,,Free / Cost / Pricing,/guides/is-google-my-business-free/,Guide,TOFU,3,High,P3,0
google my business page finder,,0,,Core / Navigational Head Terms,/google-business-profile-management-tool/,Product Landing,BOFU,5,High,P3,0
google my business page id,,0,,Core / Navigational Head Terms,/google-business-profile-management-tool/,Product Landing,BOFU,5,High,P3,0
google my business page image size and quality,,0,,Photos / Logo / Cover / Videos,/guides/google-business-profile-photo-size/,Guide,TOFU,3,High,P3,0
google my business page in local 3 pack,,0,,Core / Navigational Head Terms,/google-business-profile-management-tool/,Product Landing,BOFU,5,High,P3,0
google my business page logo,,0,,Photos / Logo / Cover / Videos,/guides/google-my-business-logo-size/,Guide,TOFU,3,High,P3,0
google my business page logo size,,0,,Photos / Logo / Cover / Videos,/guides/google-my-business-logo-size/,Guide,TOFU,3,High,P3,0
google my business page logo size 201,,0,,Photos / Logo / Cover / Videos,/guides/google-my-business-logo-size/,Guide,TOFU,3,High,P3,0
google my business page logo size 2019,,0,,Photos / Logo / Cover / Videos,/guides/google-my-business-logo-size/,Guide,TOFU,3,High,P3,0
google my business page overview,,0,,Core / Navigational Head Terms,/google-business-profile-management-tool/,Product Landing,BOFU,5,High,P3,0
google my business page post size,,0,,Google Posts / Offers / Updates,/guides/google-business-profile-posts-examples/,Guide,TOFU,4,High,P3,0
google my business page posting size,,0,,Photos / Logo / Cover / Videos,/google-business-profile-management-tool/,Product Landing,BOFU,5,High,P3,0
google my business page posts examples,,0,,Google Posts / Offers / Updates,/guides/google-business-profile-posts-examples/,Guide,TOFU,4,High,P3,0
google my business page profile image,,0,,Photos / Logo / Cover / Videos,/guides/google-business-profile-photo-size/,Guide,TOFU,3,High,P3,0
google my business page profile image fixed,,0,,Photos / Logo / Cover / Videos,/guides/google-business-profile-photo-size/,Guide,TOFU,3,High,P3,0
google my business page profile photo stick,,0,,Photos / Logo / Cover / Videos,/guides/google-business-profile-photo-size/,Guide,TOFU,3,High,P3,0
google my business page ranking,,0,,Optimization / SEO / Ranking,/guides/google-business-profile-optimization-checklist/,Pillar Guide,MOFU,5,High,P3,0
google my business page ranking & recent upates,,0,,Optimization / SEO / Ranking,/guides/google-business-profile-optimization-checklist/,Pillar Guide,MOFU,5,High,P3,0
google my business page registration,,0,,Core / Navigational Head Terms,/google-business-profile-management-tool/,Product Landing,BOFU,5,High,P3,0
google my business page reviews done easy,,0,,Reviews / Ratings / Reply,/features/google-review-management/,Feature Landing,BOFU,5,High,P3,0
google my business page service,,0,,Management Service / Agency,/google-business-profile-management-tool/,Product Landing,BOFU,5,High,P3,0
google my business page shows me invalid phone number,,0,,Categories / Services / Description,/guides/edit-google-business-profile/,Guide,TOFU,3,High,P3,0
google my business page sign in,,0,,Login / Account / App,/guides/google-business-profile-login/,Guide,TOFU,1,High,P3,0
google my business page support,,0,,Support / Customer Care / Contact,/guides/google-business-profile-support/,Official Support Guide,TOFU,1,High,P3,0
google my business page support mail id,,0,,Support / Customer Care / Contact,/guides/google-business-profile-support/,Official Support Guide,TOFU,1,High,P3,0
google my business page tata motors,,0,,Core / Navigational Head Terms,/google-business-profile-management-tool/,Product Landing,BOFU,5,High,P3,0
google my business page title,,0,,Core / Navigational Head Terms,/google-business-profile-management-tool/,Product Landing,BOFU,5,High,P3,0
google my business page to generate leads,,0,,Core / Navigational Head Terms,/google-business-profile-management-tool/,Product Landing,BOFU,5,High,P3,0
google my business page too many entries,,0,,Core / Navigational Head Terms,/google-business-profile-management-tool/,Product Landing,BOFU,5,High,P3,0
google my business page verification,,0,,Verification / Code / Postcard,/guides/google-business-profile-verification/,Guide,MOFU,5,High,P3,0
google my business page verify by email,,0,,Verification / Code / Postcard,/guides/google-business-profile-verification/,Guide,MOFU,5,High,P3,0
google my business paid advertising,,0,,Free / Cost / Pricing,/guides/is-google-my-business-free/,Guide,TOFU,3,High,P3,0
google my business paid features,,0,,Free / Cost / Pricing,/guides/is-google-my-business-free/,Guide,TOFU,3,High,P3,0
google my business paid version,,0,,Free / Cost / Pricing,/guides/is-google-my-business-free/,Guide,TOFU,3,High,P3,0
google my business parties made easier,,0,,Core / Navigational Head Terms,/google-business-profile-management-tool/,Product Landing,BOFU,5,High,P3,0
google my business partiesmadeeasier,,0,,Core / Navigational Head Terms,/google-business-profile-management-tool/,Product Landing,BOFU,5,High,P3,0
google my business partiesmadeeasier.com,,0,,Core / Navigational Head Terms,/google-business-profile-management-tool/,Product Landing,BOFU,5,High,P3,0
google my business partner directory,,0,,Core / Navigational Head Terms,/google-business-profile-management-tool/,Product Landing,BOFU,5,High,P3,0
google my business partner logo,,0,,Photos / Logo / Cover / Videos,/guides/google-my-business-logo-size/,Guide,TOFU,3,High,P3,0
google my business parvin kinha,,0,,Core / Navigational Head Terms,/google-business-profile-management-tool/,Product Landing,BOFU,5,High,P3,0
google my business pending,,0,,Core / Navigational Head Terms,/google-business-profile-management-tool/,Product Landing,BOFU,5,High,P3,0
google my business pending verification,,0,,Verification / Code / Postcard,/guides/google-business-profile-verification/,Guide,MOFU,5,High,P3,0
google my business perf,,0,,Core / Navigational Head Terms,/google-business-profile-management-tool/,Product Landing,BOFU,5,High,P3,0
google my business pertner logo,,0,,Photos / Logo / Cover / Videos,/guides/google-my-business-logo-size/,Guide,TOFU,3,High,P3,0
google my business pge,,0,,Core / Navigational Head Terms,/google-business-profile-management-tool/,Product Landing,BOFU,5,High,P3,0
google my business phone call image,,0,,Photos / Logo / Cover / Videos,/guides/google-business-profile-support/,Official Support Guide,TOFU,1,High,P3,0
google my business phone number help,,0,,Categories / Services / Description,/guides/edit-google-business-profile/,Guide,TOFU,3,High,P3,0
google my business phone number talk to specialist,,0,,Categories / Services / Description,/guides/edit-google-business-profile/,Guide,TOFU,3,High,P3,0
google my business phone number uk,,0,,Categories / Services / Description,/guides/edit-google-business-profile/,Guide,TOFU,3,High,P3,0
google my business phone support 2017,,0,,Categories / Services / Description,/guides/google-business-profile-support/,Official Support Guide,TOFU,1,High,P3,0
google my business phone support 2018,,0,,Categories / Services / Description,/guides/google-business-profile-support/,Official Support Guide,TOFU,1,High,P3,0
google my business phone support 2019,,0,,Categories / Services / Description,/guides/google-business-profile-support/,Official Support Guide,TOFU,1,High,P3,0
google my business phone support time,,0,,Categories / Services / Description,/guides/google-business-profile-support/,Official Support Guide,TOFU,1,High,P3,0
google my business phone support timeing,,0,,Categories / Services / Description,/guides/google-business-profile-support/,Official Support Guide,TOFU,1,High,P3,0
google my business photo order,,0,,Photos / Logo / Cover / Videos,/guides/google-business-profile-photo-size/,Guide,TOFU,3,High,P3,0
google my business photo report,,0,,Photos / Logo / Cover / Videos,/guides/google-business-profile-photo-size/,Guide,TOFU,3,High,P3,0
google my business photo rotate,,0,,Photos / Logo / Cover / Videos,/guides/google-business-profile-photo-size/,Guide,TOFU,3,High,P3,0
google my business photographer,,0,,Core / Navigational Head Terms,/google-business-profile-management-tool/,Product Landing,BOFU,5,High,P3,0
google my business photos guide,,0,,Photos / Logo / Cover / Videos,/guides/google-business-profile-photo-size/,Guide,TOFU,3,High,P3,0
google my business photos not showing 2019,,0,,Photos / Logo / Cover / Videos,/guides/google-business-profile-photo-size/,Guide,TOFU,3,High,P3,0
google my business photos not updating,,0,,Photos / Logo / Cover / Videos,/guides/google-business-profile-photo-size/,Guide,TOFU,3,High,P3,0
google my business photos sideway,,0,,Photos / Logo / Cover / Videos,/guides/google-business-profile-photo-size/,Guide,TOFU,3,High,P3,0
google my business php api client,,0,,API / Analytics / Insights,/features/google-business-profile-reporting/,Feature Landing,BOFU,4,High,P3,0
google my business php scraper,,0,,Core / Navigational Head Terms,/google-business-profile-management-tool/,Product Landing,BOFU,5,High,P3,0
google my business php script,,0,,Core / Navigational Head Terms,/google-business-profile-management-tool/,Product Landing,BOFU,5,High,P3,0
google my business php sdk,,0,,Core / Navigational Head Terms,/google-business-profile-management-tool/,Product Landing,BOFU,5,High,P3,0
google my business php tutorial,,0,,Core / Navigational Head Terms,/google-business-profile-management-tool/,Product Landing,BOFU,5,High,P3,0
google my business pics,,0,,Core / Navigational Head Terms,/google-business-profile-management-tool/,Product Landing,BOFU,5,High,P3,0
google my business picture,,0,,Core / Navigational Head Terms,/google-business-profile-management-tool/,Product Landing,BOFU,5,High,P3,0
google my business picture resolutions,,0,,Core / Navigational Head Terms,/google-business-profile-management-tool/,Product Landing,BOFU,5,High,P3,0
google my business pii_email_7f1234ae0acb8e3338f5,,0,,Core / Navigational Head Terms,/google-business-profile-management-tool/,Product Landing,BOFU,5,High,P3,0
google my business pin not received,,0,,Verification / Code / Postcard,/guides/google-business-profile-verification/,Guide,MOFU,5,High,P3,0
google my business pin verification,,0,,Verification / Code / Postcard,/guides/google-business-profile-verification/,Guide,MOFU,5,High,P3,0
google my business place listing,,0,,Core / Navigational Head Terms,/google-business-profile-management-tool/,Product Landing,BOFU,5,High,P3,0
google my business plastic card india,,0,,Core / Navigational Head Terms,/google-business-profile-management-tool/,Product Landing,BOFU,5,High,P3,0
google my business plr,,0,,Core / Navigational Head Terms,/google-business-profile-management-tool/,Product Landing,BOFU,5,High,P3,0
google my business plus code,,0,,Verification / Code / Postcard,/guides/google-business-profile-verification/,Guide,MOFU,5,High,P3,0
google my business policy against fake reviews,,0,,Reviews / Ratings / Reply,/features/google-review-management/,Feature Landing,BOFU,5,High,P3,0
google my business policy violations,,0,,Core / Navigational Head Terms,/google-business-profile-management-tool/,Product Landing,BOFU,5,High,P3,0
google my business portugal,,0,,Core / Navigational Head Terms,/google-business-profile-management-tool/,Product Landing,BOFU,5,High,P3,0
google my business pos,,0,,Core / Navigational Head Terms,/google-business-profile-management-tool/,Product Landing,BOFU,5,High,P3,0
google my business post automation,,0,,Google Posts / Offers / Updates,/features/google-posts-scheduler/,Feature Landing,BOFU,5,High,P3,0
google my business post card verification,,0,,Verification / Code / Postcard,/guides/google-business-profile-verification/,Guide,MOFU,5,High,P3,0
google my business post character limit,,0,,Google Posts / Offers / Updates,/features/google-posts-scheduler/,Feature Landing,BOFU,5,High,P3,0
google my business post chracter size,,0,,Google Posts / Offers / Updates,/guides/google-business-profile-posts-examples/,Guide,TOFU,4,High,P3,0
google my business post feature,,0,,Google Posts / Offers / Updates,/features/google-posts-scheduler/,Feature Landing,BOFU,5,High,P3,0
google my business post image size 2018,,0,,Google Posts / Offers / Updates,/guides/google-business-profile-posts-examples/,Guide,TOFU,4,High,P3,0
google my business post image size 2019,,0,,Google Posts / Offers / Updates,/guides/google-business-profile-posts-examples/,Guide,TOFU,4,High,P3,0
google my business post image size video,,0,,Google Posts / Offers / Updates,/guides/google-business-profile-posts-examples/,Guide,TOFU,4,High,P3,0
google my business post image size youtubevideo,,0,,Google Posts / Offers / Updates,/guides/google-business-profile-posts-examples/,Guide,TOFU,4,High,P3,0
google my business post schedule,,0,,Google Posts / Offers / Updates,/features/google-posts-scheduler/,Feature Landing,BOFU,5,High,P3,0
google my business post size 2019,,0,,Google Posts / Offers / Updates,/guides/google-business-profile-posts-examples/,Guide,TOFU,4,High,P3,0
google my business post size 2020,,0,,Google Posts / Offers / Updates,/guides/google-business-profile-posts-examples/,Guide,TOFU,4,High,P3,0
google my business post types,,0,,Google Posts / Offers / Updates,/features/google-posts-scheduler/,Feature Landing,BOFU,5,High,P3,0
google my business postcard is free of cost,,0,,Verification / Code / Postcard,/guides/google-business-profile-verification/,Guide,MOFU,5,High,P3,0
google my business postcard is free of cost quora,,0,,Verification / Code / Postcard,/guides/google-business-profile-verification/,Guide,MOFU,5,High,P3,0
google my business postcard not arriving,,0,,Verification / Code / Postcard,/guides/google-business-profile-verification/,Guide,MOFU,5,High,P3,0
google my business postcard not received,,0,,Verification / Code / Postcard,/guides/google-business-profile-verification/,Guide,MOFU,5,High,P3,0
google my business postcard photo,,0,,Verification / Code / Postcard,/guides/google-business-profile-verification/,Guide,MOFU,5,High,P3,0
google my business postcard photo india,,0,,Verification / Code / Postcard,/guides/google-business-profile-verification/,Guide,MOFU,5,High,P3,0
google my business poster creator,,0,,Core / Navigational Head Terms,/google-business-profile-management-tool/,Product Landing,BOFU,5,High,P3,0
google my business poster image size,,0,,Photos / Logo / Cover / Videos,/guides/google-business-profile-photo-size/,Guide,TOFU,3,High,P3,0
google my business poster size,,0,,Photos / Logo / Cover / Videos,/google-business-profile-management-tool/,Product Landing,BOFU,5,High,P3,0
google my business posting 4x a week,,0,,Core / Navigational Head Terms,/google-business-profile-management-tool/,Product Landing,BOFU,5,High,P3,0
google my business posting detsils,,0,,Core / Navigational Head Terms,/google-business-profile-management-tool/,Product Landing,BOFU,5,High,P3,0
google my business posting officers example,,0,,Core / Navigational Head Terms,/google-business-profile-management-tool/,Product Landing,BOFU,5,High,P3,0
google my business posting service,,0,,Management Service / Agency,/google-business-profile-management-tool/,Product Landing,BOFU,5,High,P3,0
google my business posts embed,,0,,Google Posts / Offers / Updates,/features/google-posts-scheduler/,Feature Landing,BOFU,5,High,P3,0
google my business posts expire,,0,,Google Posts / Offers / Updates,/features/google-posts-scheduler/,Feature Landing,BOFU,5,High,P3,0
google my business posts not showing,,0,,Google Posts / Offers / Updates,/features/google-posts-scheduler/,Feature Landing,BOFU,5,High,P3,0
google my business posts photo dimentions,,0,,Google Posts / Offers / Updates,/guides/google-business-profile-posts-examples/,Guide,TOFU,4,High,P3,0
google my business posts schedule,,0,,Google Posts / Offers / Updates,/features/google-posts-scheduler/,Feature Landing,BOFU,5,High,P3,0
google my business posts seo,,0,,Google Posts / Offers / Updates,/guides/google-business-profile-optimization-checklist/,Pillar Guide,MOFU,5,High,P3,0
google my business posts validity,,0,,Google Posts / Offers / Updates,/features/google-posts-scheduler/,Feature Landing,BOFU,5,High,P3,0
google my business posts vertical size,,0,,Google Posts / Offers / Updates,/guides/google-business-profile-posts-examples/,Guide,TOFU,4,High,P3,0
google my business powerpoint template,,0,,Core / Navigational Head Terms,/google-business-profile-management-tool/,Product Landing,BOFU,5,High,P3,0
google my business ppt slideshare,,0,,Core / Navigational Head Terms,/google-business-profile-management-tool/,Product Landing,BOFU,5,High,P3,0
google my business practitioner listings,,0,,Core / Navigational Head Terms,/google-business-profile-management-tool/,Product Landing,BOFU,5,High,P3,0
google my business praneel g motors,,0,,Core / Navigational Head Terms,/google-business-profile-management-tool/,Product Landing,BOFU,5,High,P3,0
google my business prerequisites,,0,,Core / Navigational Head Terms,/google-business-profile-management-tool/,Product Landing,BOFU,5,High,P3,0
google my business prix,,0,,Core / Navigational Head Terms,/google-business-profile-management-tool/,Product Landing,BOFU,5,High,P3,0
google my business product categories,,0,,Google Posts / Offers / Updates,/features/google-posts-scheduler/,Feature Landing,BOFU,5,High,P3,0
google my business product editor,,0,,Google Posts / Offers / Updates,/features/google-posts-scheduler/,Feature Landing,BOFU,5,High,P3,0
google my business product image ratio,,0,,Google Posts / Offers / Updates,/guides/google-business-profile-posts-examples/,Guide,TOFU,4,High,P3,0
google my business product photos image dimentions,,0,,Google Posts / Offers / Updates,/guides/google-business-profile-posts-examples/,Guide,TOFU,4,High,P3,0
google my business product picture resolution,,0,,Google Posts / Offers / Updates,/features/google-posts-scheduler/,Feature Landing,BOFU,5,High,P3,0
google my business product posts,,0,,Google Posts / Offers / Updates,/features/google-posts-scheduler/,Feature Landing,BOFU,5,High,P3,0
google my business products beta,,0,,Google Posts / Offers / Updates,/features/google-posts-scheduler/,Feature Landing,BOFU,5,High,P3,0
google my business professionals,,0,,Core / Navigational Head Terms,/google-business-profile-management-tool/,Product Landing,BOFU,5,High,P3,0
google my business professionisti,,0,,Core / Navigational Head Terms,/google-business-profile-management-tool/,Product Landing,BOFU,5,High,P3,0
google my business profile login page,,0,,Login / Account / App,/guides/google-business-profile-login/,Guide,TOFU,1,High,P3,0
google my business profile photo resolution,,0,,Photos / Logo / Cover / Videos,/guides/google-business-profile-photo-size/,Guide,TOFU,3,High,P3,0
google my business profile photo size 2018,,0,,Photos / Logo / Cover / Videos,/guides/google-business-profile-photo-size/,Guide,TOFU,3,High,P3,0
google my business profile short name,,0,,Core / Navigational Head Terms,/google-business-profile-management-tool/,Product Landing,BOFU,5,High,P3,0
google my business promotion company,,0,,Core / Navigational Head Terms,/google-my-business-management-service/,Service Landing,BOFU,5,High,P3,0
google my business promotional code for new customers india,,0,,Verification / Code / Postcard,/guides/google-business-profile-verification/,Guide,MOFU,5,High,P3,0
google my business provider program,,0,,Core / Navigational Head Terms,/google-business-profile-management-tool/,Product Landing,BOFU,5,High,P3,0
google my business pt,,0,,Core / Navigational Head Terms,/google-business-profile-management-tool/,Product Landing,BOFU,5,High,P3,0
google my business public link,,0,,Core / Navigational Head Terms,/google-business-profile-management-tool/,Product Landing,BOFU,5,High,P3,0
google my business publish website,,0,,Categories / Services / Description,/guides/edit-google-business-profile/,Guide,TOFU,3,High,P3,0
google my business purple pet,,0,,Core / Navigational Head Terms,/google-business-profile-management-tool/,Product Landing,BOFU,5,High,P3,0
google my business pvp,,0,,Core / Navigational Head Terms,/google-business-profile-management-tool/,Product Landing,BOFU,5,High,P3,0
google my business qr code review,,0,,Verification / Code / Postcard,/features/google-review-management/,Feature Landing,BOFU,5,High,P3,0
google my business qr code verification,,0,,Verification / Code / Postcard,/guides/google-business-profile-verification/,Guide,MOFU,5,High,P3,0
google my business quality issues,,0,,Core / Navigational Head Terms,/google-business-profile-management-tool/,Product Landing,BOFU,5,High,P3,0
google my business question and answer retrieve deleted,,0,,Core / Navigational Head Terms,/guides/google-business-profile-questions-and-answers/,Guide,TOFU,3,High,P3,0
google my business question and answers manage,,0,,Management Service / Agency,/guides/google-business-profile-questions-and-answers/,Guide,TOFU,3,High,P3,0
google my business questions and answers api,,0,,API / Analytics / Insights,/guides/google-business-profile-questions-and-answers/,Guide,TOFU,3,High,P3,0
google my business quote request view,,0,,Core / Navigational Head Terms,/google-business-profile-management-tool/,Product Landing,BOFU,5,High,P3,0
google my business ranking secrets,,0,,Optimization / SEO / Ranking,/guides/google-business-profile-optimization-checklist/,Pillar Guide,MOFU,5,High,P3,0
google my business ranking service,,0,,Optimization / SEO / Ranking,/google-my-business-optimization-service/,Service Landing,BOFU,5,High,P3,0
google my business ranking verbessern,,0,,Optimization / SEO / Ranking,/guides/google-business-profile-optimization-checklist/,Pillar Guide,MOFU,5,High,P3,0
google my business rating logo,,0,,Reviews / Ratings / Reply,/features/google-review-management/,Feature Landing,BOFU,5,High,P3,0
google my business ratings and reviews,,0,,Reviews / Ratings / Reply,/features/google-review-management/,Feature Landing,BOFU,5,High,P3,0
google my business ratings now active in adwords,,0,,Reviews / Ratings / Reply,/features/google-review-management/,Feature Landing,BOFU,5,High,P3,0
google my business ratnam college,,0,,Core / Navigational Head Terms,/google-business-profile-management-tool/,Product Landing,BOFU,5,High,P3,0
google my business real estate categories,,0,,Categories / Services / Description,/guides/google-business-profile-categories-list/,Guide,TOFU,4,High,P3,0
google my business recensioni,,0,,Core / Navigational Head Terms,/google-business-profile-management-tool/,Product Landing,BOFU,5,High,P3,0
google my business refer link,,0,,Core / Navigational Head Terms,/google-business-profile-management-tool/,Product Landing,BOFU,5,High,P3,0
google my business refer link for two business,,0,,Core / Navigational Head Terms,/google-business-profile-management-tool/,Product Landing,BOFU,5,High,P3,0
google my business referral link,,0,,Core / Navigational Head Terms,/google-business-profile-management-tool/,Product Landing,BOFU,5,High,P3,0
google my business register with multipal address,,0,,Categories / Services / Description,/guides/add-business-to-google-maps/,Guide,TOFU,4,High,P3,0
google my business regus,,0,,Core / Navigational Head Terms,/google-business-profile-management-tool/,Product Landing,BOFU,5,High,P3,0
google my business reivews,,0,,Core / Navigational Head Terms,/google-business-profile-management-tool/,Product Landing,BOFU,5,High,P3,0
google my business rejected,,0,,Core / Navigational Head Terms,/google-business-profile-management-tool/,Product Landing,BOFU,5,High,P3,0
google my business rejected post,,0,,Google Posts / Offers / Updates,/features/google-posts-scheduler/,Feature Landing,BOFU,5,High,P3,0
google my business remove account,,0,,Suspension / Reinstatement / Delete,/guides/google-business-profile-login/,Guide,TOFU,1,High,P3,0
google my business remove customer photos,,0,,Suspension / Reinstatement / Delete,/guides/google-business-profile-photo-size/,Guide,TOFU,3,High,P3,0
google my business remove gallery,,0,,Suspension / Reinstatement / Delete,/google-business-profile-management-tool/,Product Landing,BOFU,5,High,P3,0
google my business remove gallery section,,0,,Suspension / Reinstatement / Delete,/google-business-profile-management-tool/,Product Landing,BOFU,5,High,P3,0
google my business remove images,,0,,Suspension / Reinstatement / Delete,/guides/google-business-profile-photo-size/,Guide,TOFU,3,High,P3,0
google my business remove manager,,0,,Suspension / Reinstatement / Delete,/google-business-profile-management-tool/,Product Landing,BOFU,5,High,P3,0
google my business removes reinstatement request form,,0,,Suspension / Reinstatement / Delete,/guides/google-business-profile-suspended/,Troubleshooting Guide,MOFU,5,High,P3,0
google my business reply to reviews examples,,0,,Reviews / Ratings / Reply,/features/google-review-management/,Feature Landing,BOFU,5,High,P3,0
google my business report a problem,,0,,API / Analytics / Insights,/features/google-business-profile-reporting/,Feature Landing,BOFU,4,High,P3,0
google my business request a call,,0,,Support / Customer Care / Contact,/guides/google-business-profile-support/,Official Support Guide,TOFU,1,High,P3,0
google my business request a quote,,0,,Core / Navigational Head Terms,/google-business-profile-management-tool/,Product Landing,BOFU,5,High,P3,0
google my business request a quote button,,0,,Core / Navigational Head Terms,/google-business-profile-management-tool/,Product Landing,BOFU,5,High,P3,0
google my business request bulk verification,,0,,Verification / Code / Postcard,/guides/google-business-profile-verification/,Guide,MOFU,5,High,P3,0
google my business research by moz,,0,,Core / Navigational Head Terms,/google-business-profile-management-tool/,Product Landing,BOFU,5,High,P3,0
google my business resolve updates,,0,,Google Posts / Offers / Updates,/features/google-posts-scheduler/,Feature Landing,BOFU,5,High,P3,0
google my business restaurant menu,,0,,Google Posts / Offers / Updates,/guides/google-my-business-services/,Guide,TOFU,4,High,P3,0
google my business review notifications,,0,,Reviews / Ratings / Reply,/features/google-review-management/,Feature Landing,BOFU,5,High,P3,0
google my business review setting,,0,,Reviews / Ratings / Reply,/features/google-review-management/,Feature Landing,BOFU,5,High,P3,0
google my business reviews add to website,,0,,Reviews / Ratings / Reply,/features/google-review-management/,Feature Landing,BOFU,5,High,P3,0
google my business reviews api,,0,,Reviews / Ratings / Reply,/features/google-review-management/,Feature Landing,BOFU,5,High,P3,0
google my business reviews example,,0,,Reviews / Ratings / Reply,/features/google-review-management/,Feature Landing,BOFU,5,High,P3,0
google my business reviews fetch example,,0,,Reviews / Ratings / Reply,/features/google-review-management/,Feature Landing,BOFU,5,High,P3,0
google my business reviews generator,,0,,Reviews / Ratings / Reply,/features/google-review-management/,Feature Landing,BOFU,5,High,P3,0
google my business reviews gor deleted,,0,,Reviews / Ratings / Reply,/features/google-review-management/,Feature Landing,BOFU,5,High,P3,0
google my business reviews on angular,,0,,Reviews / Ratings / Reply,/features/google-review-management/,Feature Landing,BOFU,5,High,P3,0
google my business reviews on website,,0,,Reviews / Ratings / Reply,/features/google-review-management/,Feature Landing,BOFU,5,High,P3,0
google my business reviews plugin,,0,,Reviews / Ratings / Reply,/features/google-review-management/,Feature Landing,BOFU,5,High,P3,0
google my business reviews seo,,0,,Reviews / Ratings / Reply,/features/google-review-management/,Feature Landing,BOFU,5,High,P3,0
google my business reviews wordpress,,0,,Reviews / Ratings / Reply,/features/google-review-management/,Feature Landing,BOFU,5,High,P3,0
google my business ring ring option how to remove,,0,,Suspension / Reinstatement / Delete,/google-business-profile-management-tool/,Product Landing,BOFU,5,High,P3,0
google my business royal enterprises shimoga,,0,,Core / Navigational Head Terms,/google-business-profile-management-tool/,Product Landing,BOFU,5,High,P3,0
google my business rpauto,,0,,Core / Navigational Head Terms,/google-business-profile-management-tool/,Product Landing,BOFU,5,High,P3,0
google my business rückruf anfordern,,0,,Core / Navigational Head Terms,/google-business-profile-management-tool/,Product Landing,BOFU,5,High,P3,0
google my business sabor restaurant,,0,,Core / Navigational Head Terms,/google-business-profile-management-tool/,Product Landing,BOFU,5,High,P3,0
google my business sahyadri motors,,0,,Core / Navigational Head Terms,/google-business-profile-management-tool/,Product Landing,BOFU,5,High,P3,0
google my business same address 2 business,,0,,Categories / Services / Description,/guides/edit-google-business-profile/,Guide,TOFU,3,High,P3,0
google my business same address for two listings,,0,,Categories / Services / Description,/guides/edit-google-business-profile/,Guide,TOFU,3,High,P3,0
google my business sanchita saha label,,0,,Core / Navigational Head Terms,/google-business-profile-management-tool/,Product Landing,BOFU,5,High,P3,0
google my business sans adresse,,0,,Core / Navigational Head Terms,/google-business-profile-management-tool/,Product Landing,BOFU,5,High,P3,0
google my business sans gmail,,0,,Core / Navigational Head Terms,/google-business-profile-management-tool/,Product Landing,BOFU,5,High,P3,0
google my business sarthergy,,0,,Core / Navigational Head Terms,/google-business-profile-management-tool/,Product Landing,BOFU,5,High,P3,0
google my business schedule post,,0,,Google Posts / Offers / Updates,/features/google-posts-scheduler/,Feature Landing,BOFU,5,High,P3,0
google my business schedule posts free,,0,,Google Posts / Offers / Updates,/features/google-posts-scheduler/,Feature Landing,BOFU,5,High,P3,0
google my business scope,,0,,Core / Navigational Head Terms,/google-business-profile-management-tool/,Product Landing,BOFU,5,High,P3,0
google my business scrapper,,0,,Core / Navigational Head Terms,/google-business-profile-management-tool/,Product Landing,BOFU,5,High,P3,0
google my business scyphus,,0,,Core / Navigational Head Terms,/google-business-profile-management-tool/,Product Landing,BOFU,5,High,P3,0
google my business scyphus packaging,,0,,Core / Navigational Head Terms,/google-business-profile-management-tool/,Product Landing,BOFU,5,High,P3,0
google my business se connecter,,0,,Core / Navigational Head Terms,/google-business-profile-management-tool/,Product Landing,BOFU,5,High,P3,0
google my business se paise kaise kamaye,,0,,Core / Navigational Head Terms,/google-business-profile-management-tool/,Product Landing,BOFU,5,High,P3,0
google my business search api,,0,,API / Analytics / Insights,/features/google-business-profile-reporting/,Feature Landing,BOFU,4,High,P3,0
google my business search engine journal,,0,,Core / Navigational Head Terms,/google-business-profile-management-tool/,Product Landing,BOFU,5,High,P3,0
google my business search engine land,,0,,Core / Navigational Head Terms,/google-business-profile-management-tool/,Product Landing,BOFU,5,High,P3,0
google my business search terms,,0,,Core / Navigational Head Terms,/google-business-profile-management-tool/,Product Landing,BOFU,5,High,P3,0
google my business seasonal hours,,0,,Categories / Services / Description,/guides/google-business-profile-hours/,Guide,TOFU,3,High,P3,0
google my business second phone number,,0,,Categories / Services / Description,/guides/edit-google-business-profile/,Guide,TOFU,3,High,P3,0
google my business secrets images,,0,,Photos / Logo / Cover / Videos,/guides/google-business-profile-photo-size/,Guide,TOFU,3,High,P3,0
google my business sections,,0,,Core / Navigational Head Terms,/google-business-profile-management-tool/,Product Landing,BOFU,5,High,P3,0
google my business sem,,0,,Core / Navigational Head Terms,/google-business-profile-management-tool/,Product Landing,BOFU,5,High,P3,0
google my business seo 2019,,0,,Optimization / SEO / Ranking,/guides/google-business-profile-optimization-checklist/,Pillar Guide,MOFU,5,High,P3,0
google my business seo 2020,,0,,Optimization / SEO / Ranking,/guides/google-business-profile-optimization-checklist/,Pillar Guide,MOFU,5,High,P3,0
google my business seo pdf,,0,,Optimization / SEO / Ranking,/guides/google-business-profile-optimization-checklist/,Pillar Guide,MOFU,5,High,P3,0
google my business seo reports,,0,,Optimization / SEO / Ranking,/guides/google-business-profile-optimization-checklist/,Pillar Guide,MOFU,5,High,P3,0
google my business serach,,0,,Core / Navigational Head Terms,/google-business-profile-management-tool/,Product Landing,BOFU,5,High,P3,0
google my business service area changes,,0,,Categories / Services / Description,/guides/google-my-business-services/,Guide,TOFU,4,High,P3,0
google my business service area worldwide,,0,,Categories / Services / Description,/guides/google-my-business-services/,Guide,TOFU,4,High,P3,0
google my business service client,,0,,Management Service / Agency,/google-business-profile-management-tool/,Product Landing,BOFU,5,High,P3,0
google my business service melbourne,,0,,Management Service / Agency,/google-business-profile-management-tool/,Product Landing,BOFU,5,High,P3,0
google my business service package inr,,0,,Management Service / Agency,/google-business-profile-management-tool/,Product Landing,BOFU,5,High,P3,0
google my business service package rupees,,0,,Management Service / Agency,/google-business-profile-management-tool/,Product Landing,BOFU,5,High,P3,0
google my business service pdf,,0,,Management Service / Agency,/google-business-profile-management-tool/,Product Landing,BOFU,5,High,P3,0
google my business service price,,0,,Management Service / Agency,/guides/is-google-my-business-free/,Guide,TOFU,3,High,P3,0
google my business services melbourne,,0,,Categories / Services / Description,/guides/google-my-business-services/,Guide,TOFU,4,High,P3,0
google my business services menu,,0,,Google Posts / Offers / Updates,/guides/google-my-business-services/,Guide,TOFU,4,High,P3,0
google my business services tab,,0,,Categories / Services / Description,/guides/google-my-business-services/,Guide,TOFU,4,High,P3,0
google my business set location pin,,0,,Verification / Code / Postcard,/guides/google-business-profile-verification/,Guide,MOFU,5,High,P3,0
google my business sethi home decor,,0,,Core / Navigational Head Terms,/google-business-profile-management-tool/,Product Landing,BOFU,5,High,P3,0
google my business share ownership,,0,,Ownership / Access / Transfer,/guides/google-business-profile-ownership-transfer/,Guide,TOFU,4,High,P3,0
google my business share post,,0,,Google Posts / Offers / Updates,/features/google-posts-scheduler/,Feature Landing,BOFU,5,High,P3,0
google my business shared address,,0,,Categories / Services / Description,/guides/edit-google-business-profile/,Guide,TOFU,3,High,P3,0
google my business shareit for pc download,,0,,API / Analytics / Insights,/guides/google-business-profile-login/,Guide,TOFU,1,High,P3,0
google my business shaurya auto,,0,,Core / Navigational Head Terms,/google-business-profile-management-tool/,Product Landing,BOFU,5,High,P3,0
google my business shivali holidays,,0,,Core / Navigational Head Terms,/google-business-profile-management-tool/,Product Landing,BOFU,5,High,P3,0
google my business short name examples,,0,,Core / Navigational Head Terms,/google-business-profile-management-tool/,Product Landing,BOFU,5,High,P3,0
google my business short ur,,0,,Core / Navigational Head Terms,/google-business-profile-management-tool/,Product Landing,BOFU,5,High,P3,0
google my business showing facebook link,,0,,Core / Navigational Head Terms,/google-business-profile-management-tool/,Product Landing,BOFU,5,High,P3,0
google my business showing insights on search page to manager,,0,,Management Service / Agency,/google-business-profile-management-tool/,Product Landing,BOFU,5,High,P3,0
google my business showing insights on search page to managers,,0,,API / Analytics / Insights,/features/google-business-profile-reporting/,Feature Landing,BOFU,4,High,P3,0
google my business showing verification pending even after verified,,0,,Verification / Code / Postcard,/guides/google-business-profile-verification/,Guide,MOFU,5,High,P3,0
google my business sigh,,0,,Core / Navigational Head Terms,/google-business-profile-management-tool/,Product Landing,BOFU,5,High,P3,0
google my business sign in not working,,0,,Login / Account / App,/guides/google-business-profile-login/,Guide,TOFU,1,High,P3,0
google my business sign in process,,0,,Login / Account / App,/guides/google-business-profile-login/,Guide,TOFU,1,High,P3,0
google my business sign requirement,,0,,Core / Navigational Head Terms,/google-business-profile-management-tool/,Product Landing,BOFU,5,High,P3,0
google my business sign up form,,0,,Setup / Add / Create / Register,/guides/add-business-to-google-maps/,Guide,TOFU,4,High,P3,0
google my business signals categories,,0,,Categories / Services / Description,/guides/google-business-profile-categories-list/,Guide,TOFU,4,High,P3,0
google my business signals proximity,,0,,Core / Navigational Head Terms,/google-business-profile-management-tool/,Product Landing,BOFU,5,High,P3,0
google my business signu,,0,,Core / Navigational Head Terms,/google-business-profile-management-tool/,Product Landing,BOFU,5,High,P3,0
google my business silo post,,0,,Google Posts / Offers / Updates,/features/google-posts-scheduler/,Feature Landing,BOFU,5,High,P3,0
google my business sin in,,0,,Core / Navigational Head Terms,/google-business-profile-management-tool/,Product Landing,BOFU,5,High,P3,0
google my business singapore,,0,,Core / Navigational Head Terms,/google-business-profile-management-tool/,Product Landing,BOFU,5,High,P3,0
google my business site https rapidboostmarketing.com,,0,,Core / Navigational Head Terms,/google-business-profile-management-tool/,Product Landing,BOFU,5,High,P3,0
google my business site kya hai,,0,,Core / Navigational Head Terms,/google-business-profile-management-tool/,Product Landing,BOFU,5,High,P3,0
google my business site manager,,0,,Management Service / Agency,/google-business-profile-management-tool/,Product Landing,BOFU,5,High,P3,0
google my business site youtube.com,,0,,Core / Navigational Head Terms,/google-business-profile-management-tool/,Product Landing,BOFU,5,High,P3,0
google my business slide share,,0,,Core / Navigational Head Terms,/google-business-profile-management-tool/,Product Landing,BOFU,5,High,P3,0
google my business slightly wrong location,,0,,Core / Navigational Head Terms,/google-business-profile-management-tool/,Product Landing,BOFU,5,High,P3,0
google my business small entrepreneurs in inda,,0,,Core / Navigational Head Terms,/google-business-profile-management-tool/,Product Landing,BOFU,5,High,P3,0
google my business small entrepreneurs in india,,0,,Core / Navigational Head Terms,/google-business-profile-management-tool/,Product Landing,BOFU,5,High,P3,0
google my business small thanks,,0,,Core / Navigational Head Terms,/google-business-profile-management-tool/,Product Landing,BOFU,5,High,P3,0
google my business sms,,0,,Core / Navigational Head Terms,/google-business-profile-management-tool/,Product Landing,BOFU,5,High,P3,0
google my business snack pack,,0,,Core / Navigational Head Terms,/google-business-profile-management-tool/,Product Landing,BOFU,5,High,P3,0
google my business social posts,,0,,Google Posts / Offers / Updates,/features/google-posts-scheduler/,Feature Landing,BOFU,5,High,P3,0
google my business software download winodw 10 laptop,,0,,Management Service / Agency,/guides/google-business-profile-login/,Guide,TOFU,1,High,P3,0
google my business solarcity,,0,,Core / Navigational Head Terms,/google-business-profile-management-tool/,Product Landing,BOFU,5,High,P3,0
google my business source medium,,0,,Core / Navigational Head Terms,/google-business-profile-management-tool/,Product Landing,BOFU,5,High,P3,0
google my business spam,,0,,Core / Navigational Head Terms,/google-business-profile-management-tool/,Product Landing,BOFU,5,High,P3,0
google my business spam reviews,,0,,Reviews / Ratings / Reply,/features/google-review-management/,Feature Landing,BOFU,5,High,P3,0
google my business spin text,,0,,Core / Navigational Head Terms,/google-business-profile-management-tool/,Product Landing,BOFU,5,High,P3,0
google my business sponsered post,,0,,Google Posts / Offers / Updates,/features/google-posts-scheduler/,Feature Landing,BOFU,5,High,P3,0
google my business ssautomobile,,0,,Core / Navigational Head Terms,/google-business-profile-management-tool/,Product Landing,BOFU,5,High,P3,0
google my business ssautomobiles,,0,,Core / Navigational Head Terms,/google-business-profile-management-tool/,Product Landing,BOFU,5,High,P3,0
google my business start now,,0,,Core / Navigational Head Terms,/google-business-profile-management-tool/,Product Landing,BOFU,5,High,P3,0
google my business start up,,0,,Core / Navigational Head Terms,/google-business-profile-management-tool/,Product Landing,BOFU,5,High,P3,0
google my business statistics 2019,,0,,Core / Navigational Head Terms,/google-business-profile-management-tool/,Product Landing,BOFU,5,High,P3,0
google my business step by step tutorial,,0,,Core / Navigational Head Terms,/google-business-profile-management-tool/,Product Landing,BOFU,5,High,P3,0
google my business still pending,,0,,Core / Navigational Head Terms,/google-business-profile-management-tool/,Product Landing,BOFU,5,High,P3,0
google my business store hours showing different hours,,0,,Categories / Services / Description,/guides/google-business-profile-hours/,Guide,TOFU,3,High,P3,0
google my business stores,,0,,Core / Navigational Head Terms,/google-business-profile-management-tool/,Product Landing,BOFU,5,High,P3,0
google my business studio d'art,,0,,Core / Navigational Head Terms,/google-business-profile-management-tool/,Product Landing,BOFU,5,High,P3,0
google my business subdomain,,0,,Core / Navigational Head Terms,/google-business-profile-management-tool/,Product Landing,BOFU,5,High,P3,0
google my business success,,0,,Core / Navigational Head Terms,/google-business-profile-management-tool/,Product Landing,BOFU,5,High,P3,0
google my business support class,,0,,Support / Customer Care / Contact,/guides/google-business-profile-support/,Official Support Guide,TOFU,1,High,P3,0
google my business support contact number australia,,0,,Support / Customer Care / Contact,/guides/google-business-profile-support/,Official Support Guide,TOFU,1,High,P3,0
google my business support contact number in india,,0,,Support / Customer Care / Contact,/guides/google-business-profile-support/,Official Support Guide,TOFU,1,High,P3,0
google my business support contact number verification team number,,0,,Verification / Code / Postcard,/guides/google-business-profile-support/,Official Support Guide,TOFU,1,High,P3,0
google my business support google my business listing optimisation,,0,,Optimization / SEO / Ranking,/guides/google-business-profile-support/,Official Support Guide,TOFU,1,High,P3,0
google my business support hours,,0,,Categories / Services / Description,/guides/google-business-profile-support/,Official Support Guide,TOFU,1,High,P3,0
google my business support telephone number india,,0,,Support / Customer Care / Contact,/guides/google-business-profile-support/,Official Support Guide,TOFU,1,High,P3,0
google my business support time,,0,,Support / Customer Care / Contact,/guides/google-business-profile-support/,Official Support Guide,TOFU,1,High,P3,0
google my business support timings,,0,,Support / Customer Care / Contact,/guides/google-business-profile-support/,Official Support Guide,TOFU,1,High,P3,0
google my business support toll free number,,0,,Support / Customer Care / Contact,/guides/google-business-profile-support/,Official Support Guide,TOFU,1,High,P3,0
google my business support what is business listing,,0,,Support / Customer Care / Contact,/guides/google-business-profile-support/,Official Support Guide,TOFU,1,High,P3,0
google my business supported,,0,,Core / Navigational Head Terms,/google-business-profile-management-tool/,Product Landing,BOFU,5,High,P3,0
google my business supported countries,,0,,Core / Navigational Head Terms,/google-business-profile-management-tool/,Product Landing,BOFU,5,High,P3,0
google my business supprimer avis,,0,,Core / Navigational Head Terms,/google-business-profile-management-tool/,Product Landing,BOFU,5,High,P3,0
google my business survey,,0,,Core / Navigational Head Terms,/google-business-profile-management-tool/,Product Landing,BOFU,5,High,P3,0
google my business suspend,,0,,Suspension / Reinstatement / Delete,/guides/google-business-profile-suspended/,Troubleshooting Guide,MOFU,5,High,P3,0
google my business suspended 2019,,0,,Suspension / Reinstatement / Delete,/guides/google-business-profile-suspended/,Troubleshooting Guide,MOFU,5,High,P3,0
google my business suspended form,,0,,Suspension / Reinstatement / Delete,/guides/google-business-profile-suspended/,Troubleshooting Guide,MOFU,5,High,P3,0
google my business suspended listings,,0,,Suspension / Reinstatement / Delete,/guides/google-business-profile-suspended/,Troubleshooting Guide,MOFU,5,High,P3,0
google my business svg icon,,0,,Core / Navigational Head Terms,/google-business-profile-management-tool/,Product Landing,BOFU,5,High,P3,0
google my business symbol download,,0,,API / Analytics / Insights,/guides/google-business-profile-login/,Guide,TOFU,1,High,P3,0
google my business sync,,0,,Core / Navigational Head Terms,/google-business-profile-management-tool/,Product Landing,BOFU,5,High,P3,0
google my business tableau,,0,,Core / Navigational Head Terms,/google-business-profile-management-tool/,Product Landing,BOFU,5,High,P3,0
google my business tactics,,0,,Core / Navigational Head Terms,/google-business-profile-management-tool/,Product Landing,BOFU,5,High,P3,0
google my business tagline,,0,,Core / Navigational Head Terms,/google-business-profile-management-tool/,Product Landing,BOFU,5,High,P3,0
google my business talk to a specialist,,0,,Core / Navigational Head Terms,/google-business-profile-management-tool/,Product Landing,BOFU,5,High,P3,0
google my business tamil tutorial,,0,,Core / Navigational Head Terms,/google-business-profile-management-tool/,Product Landing,BOFU,5,High,P3,0
google my business tariff,,0,,Core / Navigational Head Terms,/google-business-profile-management-tool/,Product Landing,BOFU,5,High,P3,0
google my business tariff 2017,,0,,Core / Navigational Head Terms,/google-business-profile-management-tool/,Product Landing,BOFU,5,High,P3,0
google my business taxi serivces catogory,,0,,Core / Navigational Head Terms,/google-business-profile-management-tool/,Product Landing,BOFU,5,High,P3,0
google my business team photo size,,0,,Photos / Logo / Cover / Videos,/guides/google-business-profile-photo-size/,Guide,TOFU,3,High,P3,0
google my business team photo uses,,0,,Photos / Logo / Cover / Videos,/guides/google-business-profile-photo-size/,Guide,TOFU,3,High,P3,0
google my business team photos,,0,,Photos / Logo / Cover / Videos,/guides/google-business-profile-photo-size/,Guide,TOFU,3,High,P3,0
google my business techno infonet,,0,,Core / Navigational Head Terms,/google-business-profile-management-tool/,Product Landing,BOFU,5,High,P3,0
google my business telefonnummer,,0,,Core / Navigational Head Terms,/google-business-profile-management-tool/,Product Landing,BOFU,5,High,P3,0
google my business telefono,,0,,Core / Navigational Head Terms,/google-business-profile-management-tool/,Product Landing,BOFU,5,High,P3,0
google my business telephone number uk,,0,,Core / Navigational Head Terms,/google-business-profile-management-tool/,Product Landing,BOFU,5,High,P3,0
google my business template stack overflow,,0,,Core / Navigational Head Terms,/google-business-profile-management-tool/,Product Landing,BOFU,5,High,P3,0
google my business template stackoverflow,,0,,Core / Navigational Head Terms,/google-business-profile-management-tool/,Product Landing,BOFU,5,High,P3,0
google my business test account,,0,,Login / Account / App,/guides/google-business-profile-login/,Guide,TOFU,1,High,P3,0
google my business testimonial page creat,,0,,Reviews / Ratings / Reply,/google-business-profile-management-tool/,Product Landing,BOFU,5,High,P3,0
google my business testimonial page create tamil,,0,,Reviews / Ratings / Reply,/guides/add-business-to-google-maps/,Guide,TOFU,4,High,P3,0
google my business the hunger room,,0,,Core / Navigational Head Terms,/google-business-profile-management-tool/,Product Landing,BOFU,5,High,P3,0
google my business themes,,0,,Core / Navigational Head Terms,/google-business-profile-management-tool/,Product Landing,BOFU,5,High,P3,0
google my business themes themeforest,,0,,Core / Navigational Head Terms,/google-business-profile-management-tool/,Product Landing,BOFU,5,High,P3,0
google my business third party provider,,0,,Core / Navigational Head Terms,/google-business-profile-management-tool/,Product Landing,BOFU,5,High,P3,0
google my business third party reviews,,0,,Reviews / Ratings / Reply,/features/google-review-management/,Feature Landing,BOFU,5,High,P3,0
google my business ticket status,,0,,Core / Navigational Head Terms,/google-business-profile-management-tool/,Product Landing,BOFU,5,High,P3,0
google my business tipps,,0,,Core / Navigational Head Terms,/google-business-profile-management-tool/,Product Landing,BOFU,5,High,P3,0
google my business to be paid,,0,,Free / Cost / Pricing,/guides/is-google-my-business-free/,Guide,TOFU,3,High,P3,0
google my business to optimize for local search,,0,,Optimization / SEO / Ranking,/guides/google-business-profile-optimization-checklist/,Pillar Guide,MOFU,5,High,P3,0
google my business to remove sms messaging,,0,,Suspension / Reinstatement / Delete,/google-business-profile-management-tool/,Product Landing,BOFU,5,High,P3,0
google my business to wordpress neil patel,,0,,Core / Navigational Head Terms,/google-business-profile-management-tool/,Product Landing,BOFU,5,High,P3,0
google my business toll free number varanasi,,0,,Support / Customer Care / Contact,/guides/google-business-profile-support/,Official Support Guide,TOFU,1,High,P3,0
google my business tollfree no,,0,,Core / Navigational Head Terms,/google-business-profile-management-tool/,Product Landing,BOFU,5,High,P3,0
google my business top 3,,0,,Core / Navigational Head Terms,/google-business-profile-management-tool/,Product Landing,BOFU,5,High,P3,0
google my business top categories,,0,,Categories / Services / Description,/guides/google-business-profile-categories-list/,Guide,TOFU,4,High,P3,0
google my business top categories list,,0,,Categories / Services / Description,/guides/google-business-profile-categories-list/,Guide,TOFU,4,High,P3,0
google my business top contributor,,0,,Core / Navigational Head Terms,/google-business-profile-management-tool/,Product Landing,BOFU,5,High,P3,0
google my business top contributor program,,0,,Core / Navigational Head Terms,/google-business-profile-management-tool/,Product Landing,BOFU,5,High,P3,0
google my business total searches,,0,,Core / Navigational Head Terms,/google-business-profile-management-tool/,Product Landing,BOFU,5,High,P3,0
google my business track review,,0,,Reviews / Ratings / Reply,/features/google-review-management/,Feature Landing,BOFU,5,High,P3,0
google my business tracking numbers,,0,,Core / Navigational Head Terms,/google-business-profile-management-tool/,Product Landing,BOFU,5,High,P3,0
google my business tracking phone number,,0,,Categories / Services / Description,/guides/edit-google-business-profile/,Guide,TOFU,3,High,P3,0
google my business transfer location,,0,,Ownership / Access / Transfer,/guides/google-business-profile-ownership-transfer/,Guide,TOFU,4,High,P3,0
google my business transparent image,,0,,Photos / Logo / Cover / Videos,/guides/google-business-profile-photo-size/,Guide,TOFU,3,High,P3,0
google my business transparent imahe,,0,,Core / Navigational Head Terms,/google-business-profile-management-tool/,Product Landing,BOFU,5,High,P3,0
google my business travels,,0,,Core / Navigational Head Terms,/google-business-profile-management-tool/,Product Landing,BOFU,5,High,P3,0
google my business trusted partner list,,0,,Core / Navigational Head Terms,/google-business-profile-management-tool/,Product Landing,BOFU,5,High,P3,0
google my business trusted verifier program,,0,,Core / Navigational Head Terms,/google-business-profile-management-tool/,Product Landing,BOFU,5,High,P3,0
google my business turn off reviews,,0,,Reviews / Ratings / Reply,/features/google-review-management/,Feature Landing,BOFU,5,High,P3,0
google my business turn off reviews option,,0,,Reviews / Ratings / Reply,/features/google-review-management/,Feature Landing,BOFU,5,High,P3,0
google my business turns searches into customers,,0,,Core / Navigational Head Terms,/google-business-profile-management-tool/,Product Landing,BOFU,5,High,P3,0
google my business tutorial 2017,,0,,Core / Navigational Head Terms,/google-business-profile-management-tool/,Product Landing,BOFU,5,High,P3,0
google my business tutorial 2018,,0,,Core / Navigational Head Terms,/google-business-profile-management-tool/,Product Landing,BOFU,5,High,P3,0
google my business tutorial 2019,,0,,Core / Navigational Head Terms,/google-business-profile-management-tool/,Product Landing,BOFU,5,High,P3,0
google my business tutorial for coworking,,0,,Core / Navigational Head Terms,/google-business-profile-management-tool/,Product Landing,BOFU,5,High,P3,0
google my business tutorial local seo,,0,,Optimization / SEO / Ranking,/guides/google-business-profile-optimization-checklist/,Pillar Guide,MOFU,5,High,P3,0
google my business tutorial torrent,,0,,Core / Navigational Head Terms,/google-business-profile-management-tool/,Product Landing,BOFU,5,High,P3,0
google my business two businesses at same address,,0,,Categories / Services / Description,/guides/edit-google-business-profile/,Guide,TOFU,3,High,P3,0
google my business types of managers,,0,,Core / Navigational Head Terms,/google-business-profile-management-tool/,Product Landing,BOFU,5,High,P3,0
google my business udemy cource,,0,,Core / Navigational Head Terms,/google-business-profile-management-tool/,Product Landing,BOFU,5,High,P3,0
google my business udemy course download,,0,,API / Analytics / Insights,/guides/google-business-profile-login/,Guide,TOFU,1,High,P3,0
google my business uk business directory,,0,,Core / Navigational Head Terms,/google-business-profile-management-tool/,Product Landing,BOFU,5,High,P3,0
google my business uk contact number,,0,,Support / Customer Care / Contact,/guides/google-business-profile-support/,Official Support Guide,TOFU,1,High,P3,0
google my business uk directories,,0,,Core / Navigational Head Terms,/google-business-profile-management-tool/,Product Landing,BOFU,5,High,P3,0
google my business uk login,,0,,Login / Account / App,/guides/google-business-profile-login/,Guide,TOFU,1,High,P3,0
google my business uk phone number,,0,,Categories / Services / Description,/guides/edit-google-business-profile/,Guide,TOFU,3,High,P3,0
google my business ultimate guide,,0,,Core / Navigational Head Terms,/google-business-profile-management-tool/,Product Landing,BOFU,5,High,P3,0
google my business under a project in console,,0,,Core / Navigational Head Terms,/google-business-profile-management-tool/,Product Landing,BOFU,5,High,P3,0
google my business universal attestation,,0,,Core / Navigational Head Terms,/google-business-profile-management-tool/,Product Landing,BOFU,5,High,P3,0
google my business unnati motors,,0,,Core / Navigational Head Terms,/google-business-profile-management-tool/,Product Landing,BOFU,5,High,P3,0
google my business unverified,,0,,Core / Navigational Head Terms,/google-business-profile-management-tool/,Product Landing,BOFU,5,High,P3,0
google my business update details,,0,,Google Posts / Offers / Updates,/features/google-posts-scheduler/,Feature Landing,BOFU,5,High,P3,0
google my business update july 2018,,0,,Google Posts / Offers / Updates,/features/google-posts-scheduler/,Feature Landing,BOFU,5,High,P3,0
google my business update metadata,,0,,Google Posts / Offers / Updates,/features/google-posts-scheduler/,Feature Landing,BOFU,5,High,P3,0
google my business updates 2017,,0,,Google Posts / Offers / Updates,/features/google-posts-scheduler/,Feature Landing,BOFU,5,High,P3,0
google my business updates 2018,,0,,Google Posts / Offers / Updates,/features/google-posts-scheduler/,Feature Landing,BOFU,5,High,P3,0
google my business updates 2019,,0,,Google Posts / Offers / Updates,/features/google-posts-scheduler/,Feature Landing,BOFU,5,High,P3,0
google my business updates 2020,,0,,Google Posts / Offers / Updates,/features/google-posts-scheduler/,Feature Landing,BOFU,5,High,P3,0
google my business updating info with any email account,,0,,Login / Account / App,/guides/google-business-profile-login/,Guide,TOFU,1,High,P3,0
google my business uplad video size,,0,,Photos / Logo / Cover / Videos,/guides/google-business-profile-photo-size/,Guide,TOFU,3,High,P3,0
google my business upload photos,,0,,Photos / Logo / Cover / Videos,/guides/google-business-profile-photo-size/,Guide,TOFU,3,High,P3,0
google my business upload template,,0,,Photos / Logo / Cover / Videos,/guides/google-business-profile-photo-size/,Guide,TOFU,3,High,P3,0
google my business ups store,,0,,Core / Navigational Head Terms,/google-business-profile-management-tool/,Product Landing,BOFU,5,High,P3,0
google my business uptodown,,0,,Core / Navigational Head Terms,/google-business-profile-management-tool/,Product Landing,BOFU,5,High,P3,0
google my business user roles,,0,,Core / Navigational Head Terms,/google-business-profile-management-tool/,Product Landing,BOFU,5,High,P3,0
google my business utm code,,0,,Verification / Code / Postcard,/guides/google-business-profile-verification/,Guide,MOFU,5,High,P3,0
google my business v4 api,,0,,API / Analytics / Insights,/features/google-business-profile-reporting/,Feature Landing,BOFU,4,High,P3,0
google my business validation,,0,,Core / Navigational Head Terms,/google-business-profile-management-tool/,Product Landing,BOFU,5,High,P3,0
google my business variable,,0,,Core / Navigational Head Terms,/google-business-profile-management-tool/,Product Landing,BOFU,5,High,P3,0
google my business variable in post,,0,,Google Posts / Offers / Updates,/features/google-posts-scheduler/,Feature Landing,BOFU,5,High,P3,0
google my business various image dimensions,,0,,Photos / Logo / Cover / Videos,/guides/google-business-profile-photo-size/,Guide,TOFU,3,High,P3,0
google my business vector logo,,0,,Photos / Logo / Cover / Videos,/guides/google-my-business-logo-size/,Guide,TOFU,3,High,P3,0
google my business verificatio methods for selected business,,0,,Core / Navigational Head Terms,/google-business-profile-management-tool/,Product Landing,BOFU,5,High,P3,0
google my business verification bar code,,0,,Verification / Code / Postcard,/guides/google-business-profile-verification/,Guide,MOFU,5,High,P3,0
google my business verification by mail,,0,,Verification / Code / Postcard,/guides/google-business-profile-verification/,Guide,MOFU,5,High,P3,0
google my business verification by phone youtube,,0,,Verification / Code / Postcard,/guides/google-business-profile-verification/,Guide,MOFU,5,High,P3,0
google my business verification code by phone,,0,,Verification / Code / Postcard,/guides/google-business-profile-verification/,Guide,MOFU,5,High,P3,0
google my business verification code crack,,0,,Verification / Code / Postcard,/guides/google-business-profile-verification/,Guide,MOFU,5,High,P3,0
google my business verification code direct link,,0,,Verification / Code / Postcard,/guides/google-business-profile-verification/,Guide,MOFU,5,High,P3,0
google my business verification code not working,,0,,Verification / Code / Postcard,/guides/google-business-profile-verification/,Guide,MOFU,5,High,P3,0
google my business verification code submit,,0,,Verification / Code / Postcard,/guides/google-business-profile-verification/,Guide,MOFU,5,High,P3,0
google my business verification mail,,0,,Verification / Code / Postcard,/guides/google-business-profile-verification/,Guide,MOFU,5,High,P3,0
google my business verification options,,0,,Verification / Code / Postcard,/guides/google-business-profile-verification/,Guide,MOFU,5,High,P3,0
google my business verification page not showing,,0,,Verification / Code / Postcard,/guides/google-business-profile-verification/,Guide,MOFU,5,High,P3,0
google my business verification postcard not received,,0,,Verification / Code / Postcard,/guides/google-business-profile-verification/,Guide,MOFU,5,High,P3,0
google my business verification third party,,0,,Verification / Code / Postcard,/guides/google-business-profile-verification/,Guide,MOFU,5,High,P3,0
google my business verification trick,,0,,Verification / Code / Postcard,/guides/google-business-profile-verification/,Guide,MOFU,5,High,P3,0
google my business verification trick google pay for business,,0,,Verification / Code / Postcard,/guides/google-business-profile-verification/,Guide,MOFU,5,High,P3,0
google my business verified listing on google dash board,,0,,Verification / Code / Postcard,/guides/google-business-profile-verification/,Guide,MOFU,5,High,P3,0
google my business verifier,,0,,Core / Navigational Head Terms,/google-business-profile-management-tool/,Product Landing,BOFU,5,High,P3,0
google my business verify account,,0,,Verification / Code / Postcard,/guides/google-business-profile-login/,Guide,TOFU,1,High,P3,0
google my business verify hack,,0,,Verification / Code / Postcard,/guides/google-business-profile-verification/,Guide,MOFU,5,High,P3,0
google my business verify through google pay,,0,,Verification / Code / Postcard,/guides/google-business-profile-verification/,Guide,MOFU,5,High,P3,0
google my business veriified-not display,,0,,Core / Navigational Head Terms,/google-business-profile-management-tool/,Product Landing,BOFU,5,High,P3,0
google my business video examples,,0,,Photos / Logo / Cover / Videos,/guides/google-business-profile-photo-size/,Guide,TOFU,3,High,P3,0
google my business video file size,,0,,Photos / Logo / Cover / Videos,/guides/google-business-profile-photo-size/,Guide,TOFU,3,High,P3,0
google my business video how to google my busines,,0,,Photos / Logo / Cover / Videos,/guides/google-business-profile-photo-size/,Guide,TOFU,3,High,P3,0
google my business video posts size limit,,0,,Google Posts / Offers / Updates,/guides/google-business-profile-posts-examples/,Guide,TOFU,4,High,P3,0
google my business vidoes,,0,,Core / Navigational Head Terms,/google-business-profile-management-tool/,Product Landing,BOFU,5,High,P3,0
google my business view menu tamil,,0,,Google Posts / Offers / Updates,/guides/google-my-business-services/,Guide,TOFU,4,High,P3,0
google my business view menu tamil creadt,,0,,Google Posts / Offers / Updates,/guides/google-my-business-services/,Guide,TOFU,4,High,P3,0
google my business viewa gradually decrease,,0,,Core / Navigational Head Terms,/google-business-profile-management-tool/,Product Landing,BOFU,5,High,P3,0
google my business violations,,0,,Core / Navigational Head Terms,/google-business-profile-management-tool/,Product Landing,BOFU,5,High,P3,0
google my business virtual tour example,,0,,Core / Navigational Head Terms,/google-business-profile-management-tool/,Product Landing,BOFU,5,High,P3,0
google my business visible only to you,,0,,Core / Navigational Head Terms,/google-business-profile-management-tool/,Product Landing,BOFU,5,High,P3,0
google my business voice search,,0,,Core / Navigational Head Terms,/google-business-profile-management-tool/,Product Landing,BOFU,5,High,P3,0
google my business vrajbhumi lighting,,0,,Core / Navigational Head Terms,/google-business-profile-management-tool/,Product Landing,BOFU,5,High,P3,0
google my business vs g suite,,0,,Core / Navigational Head Terms,/google-business-profile-management-tool/,Product Landing,BOFU,5,High,P3,0
google my business vs google analytics,,0,,API / Analytics / Insights,/features/google-business-profile-reporting/,Feature Landing,BOFU,4,High,P3,0
google my business vs google pay for business,,0,,Core / Navigational Head Terms,/google-business-profile-management-tool/,Product Landing,BOFU,5,High,P3,0
google my business vs google plus,,0,,Core / Navigational Head Terms,/google-business-profile-management-tool/,Product Landing,BOFU,5,High,P3,0
google my business vs google sites,,0,,Core / Navigational Head Terms,/google-business-profile-management-tool/,Product Landing,BOFU,5,High,P3,0
google my business vs instagram vs facebook for business,,0,,Core / Navigational Head Terms,/google-business-profile-management-tool/,Product Landing,BOFU,5,High,P3,0
google my business vs my self account,,0,,Login / Account / App,/guides/google-business-profile-login/,Guide,TOFU,1,High,P3,0
google my business vs places,,0,,Core / Navigational Head Terms,/google-business-profile-management-tool/,Product Landing,BOFU,5,High,P3,0
google my business walkthrough,,0,,Core / Navigational Head Terms,/google-business-profile-management-tool/,Product Landing,BOFU,5,High,P3,0
google my business wallpaper,,0,,Core / Navigational Head Terms,/google-business-profile-management-tool/,Product Landing,BOFU,5,High,P3,0
google my business web directery,,0,,Core / Navigational Head Terms,/google-business-profile-management-tool/,Product Landing,BOFU,5,High,P3,0
google my business web directory,,0,,Core / Navigational Head Terms,/google-business-profile-management-tool/,Product Landing,BOFU,5,High,P3,0
google my business website cover photo size,,0,,Photos / Logo / Cover / Videos,/guides/google-business-profile-photo-size/,Guide,TOFU,3,High,P3,0
google my business website cover photo size 2019,,0,,Photos / Logo / Cover / Videos,/guides/google-business-profile-photo-size/,Guide,TOFU,3,High,P3,0
google my business website crawled by google,,0,,Categories / Services / Description,/guides/edit-google-business-profile/,Guide,TOFU,3,High,P3,0
google my business website create,,0,,Categories / Services / Description,/guides/add-business-to-google-maps/,Guide,TOFU,4,High,P3,0
google my business website delete,,0,,Suspension / Reinstatement / Delete,/guides/edit-google-business-profile/,Guide,TOFU,3,High,P3,0
google my business website design,,0,,Categories / Services / Description,/guides/edit-google-business-profile/,Guide,TOFU,3,High,P3,0
google my business website designers,,0,,Categories / Services / Description,/guides/edit-google-business-profile/,Guide,TOFU,3,High,P3,0
google my business website for designers,,0,,Categories / Services / Description,/guides/edit-google-business-profile/,Guide,TOFU,3,High,P3,0
google my business website for india,,0,,Categories / Services / Description,/guides/edit-google-business-profile/,Guide,TOFU,3,High,P3,0
google my business website header size,,0,,Photos / Logo / Cover / Videos,/guides/edit-google-business-profile/,Guide,TOFU,3,High,P3,0
google my business website price,,0,,Categories / Services / Description,/guides/edit-google-business-profile/,Guide,TOFU,3,High,P3,0
google my business website receive payment,,0,,Categories / Services / Description,/guides/edit-google-business-profile/,Guide,TOFU,3,High,P3,0
google my business website redirect,,0,,Categories / Services / Description,/guides/edit-google-business-profile/,Guide,TOFU,3,High,P3,0
google my business website remove gallery section,,0,,Suspension / Reinstatement / Delete,/guides/edit-google-business-profile/,Guide,TOFU,3,High,P3,0
google my business website review,,0,,Reviews / Ratings / Reply,/features/google-review-management/,Feature Landing,BOFU,5,High,P3,0
google my business website s-s-automobile,,0,,Categories / Services / Description,/guides/edit-google-business-profile/,Guide,TOFU,3,High,P3,0
google my business website s-s-automobiles,,0,,Categories / Services / Description,/guides/edit-google-business-profile/,Guide,TOFU,3,High,P3,0
google my business website sign map,,0,,Categories / Services / Description,/guides/edit-google-business-profile/,Guide,TOFU,3,High,P3,0
google my business website ssautomobile,,0,,Categories / Services / Description,/guides/edit-google-business-profile/,Guide,TOFU,3,High,P3,0
google my business website tab,,0,,Categories / Services / Description,/guides/edit-google-business-profile/,Guide,TOFU,3,High,P3,0
google my business website templates,,0,,Categories / Services / Description,/guides/edit-google-business-profile/,Guide,TOFU,3,High,P3,0
google my business website theme,,0,,Categories / Services / Description,/guides/edit-google-business-profile/,Guide,TOFU,3,High,P3,0
google my business website themes,,0,,Categories / Services / Description,/guides/edit-google-business-profile/,Guide,TOFU,3,High,P3,0
google my business website url,,0,,Categories / Services / Description,/guides/edit-google-business-profile/,Guide,TOFU,3,High,P3,0
google my business website verification,,0,,Verification / Code / Postcard,/guides/google-business-profile-verification/,Guide,MOFU,5,High,P3,0
google my business website view menu create tamil,,0,,Google Posts / Offers / Updates,/guides/add-business-to-google-maps/,Guide,TOFU,4,High,P3,0
google my business welcome offer,,0,,Google Posts / Offers / Updates,/features/google-posts-scheduler/,Feature Landing,BOFU,5,High,P3,0
google my business wework,,0,,Core / Navigational Head Terms,/google-business-profile-management-tool/,Product Landing,BOFU,5,High,P3,0
google my business whats app groups,,0,,Login / Account / App,/guides/google-business-profile-login/,Guide,TOFU,1,High,P3,0
google my business when google remove suspension,,0,,Suspension / Reinstatement / Delete,/guides/google-business-profile-suspended/,Troubleshooting Guide,MOFU,5,High,P3,0
google my business when will get place id,,0,,Core / Navigational Head Terms,/google-business-profile-management-tool/,Product Landing,BOFU,5,High,P3,0
google my business where to enter the code,,0,,Verification / Code / Postcard,/guides/google-business-profile-verification/,Guide,MOFU,5,High,P3,0
google my business where to put photo,,0,,Photos / Logo / Cover / Videos,/guides/google-business-profile-photo-size/,Guide,TOFU,3,High,P3,0
google my business white label services,,0,,Categories / Services / Description,/guides/google-my-business-services/,Guide,TOFU,4,High,P3,0
google my business whitelist,,0,,Core / Navigational Head Terms,/google-business-profile-management-tool/,Product Landing,BOFU,5,High,P3,0
google my business windows 7,,0,,Core / Navigational Head Terms,/google-business-profile-management-tool/,Product Landing,BOFU,5,High,P3,0
google my business with girl,,0,,Core / Navigational Head Terms,/google-business-profile-management-tool/,Product Landing,BOFU,5,High,P3,0
google my business with other email,,0,,Core / Navigational Head Terms,/google-business-profile-management-tool/,Product Landing,BOFU,5,High,P3,0
google my business with outlook email,,0,,Core / Navigational Head Terms,/google-business-profile-management-tool/,Product Landing,BOFU,5,High,P3,0
google my business without location,,0,,Core / Navigational Head Terms,/google-business-profile-management-tool/,Product Landing,BOFU,5,High,P3,0
google my business without postcard,,0,,Verification / Code / Postcard,/guides/google-business-profile-verification/,Guide,MOFU,5,High,P3,0
google my business wjs lighting art,,0,,Core / Navigational Head Terms,/google-business-profile-management-tool/,Product Landing,BOFU,5,High,P3,0
google my business women-led attribute,,0,,Categories / Services / Description,/google-business-profile-management-tool/,Product Landing,BOFU,5,High,P3,0
google my business woocommerce,,0,,Core / Navigational Head Terms,/google-business-profile-management-tool/,Product Landing,BOFU,5,High,P3,0
google my business wordpress,,0,,Core / Navigational Head Terms,/google-business-profile-management-tool/,Product Landing,BOFU,5,High,P3,0
google my business work,,0,,Core / Navigational Head Terms,/google-business-profile-management-tool/,Product Landing,BOFU,5,High,P3,0
google my business work lable,,0,,Core / Navigational Head Terms,/google-business-profile-management-tool/,Product Landing,BOFU,5,High,P3,0
google my business work statistics,,0,,Core / Navigational Head Terms,/google-business-profile-management-tool/,Product Landing,BOFU,5,High,P3,0
google my business working from home,,0,,Core / Navigational Head Terms,/google-business-profile-management-tool/,Product Landing,BOFU,5,High,P3,0
google my business write a review link,,0,,Reviews / Ratings / Reply,/guides/google-my-business-review-link/,Guide,MOFU,5,High,P3,0
google my business wrong code,,0,,Verification / Code / Postcard,/guides/google-business-profile-verification/,Guide,MOFU,5,High,P3,0
google my business youtube account,,0,,Login / Account / App,/guides/google-business-profile-login/,Guide,TOFU,1,High,P3,0
google my business youtube channel,,0,,Core / Navigational Head Terms,/google-business-profile-management-tool/,Product Landing,BOFU,5,High,P3,0
google my business zugriff anfordern,,0,,Core / Navigational Head Terms,/google-business-profile-management-tool/,Product Landing,BOFU,5,High,P3,0
google my business เอเจนซี่,,0,,Core / Navigational Head Terms,/google-business-profile-management-tool/,Product Landing,BOFU,5,High,P3,0
google my business.co.uk,,0,,Core / Navigational Head Terms,/google-business-profile-management-tool/,Product Landing,BOFU,5,High,P3,0
google my businesses list,,0,,Other / Long-tail,/google-business-profile-management-tool/,Product Landing,BOFU,5,High,P3,0
google my place for business,,0,,Other / Long-tail,/guides/google-business-profile-faq/,FAQ,TOFU,1,High,P3,0
google my placess of business,,0,,Other / Long-tail,/guides/google-business-profile-faq/,FAQ,TOFU,1,High,P3,0
google not showing my business on right side,,0,,Other / Long-tail,/guides/google-business-profile-faq/,FAQ,TOFU,1,High,P3,0
google pay business how to login my old account,,0,,Login / Account / App,/guides/google-business-profile-login/,Guide,TOFU,1,High,P3,0
google places add my business,,0,,Setup / Add / Create / Register,/guides/add-business-to-google-maps/,Guide,TOFU,4,High,P3,0
google places claim my business,,0,,Setup / Add / Create / Register,/guides/google-business-profile-ownership-transfer/,Guide,TOFU,4,High,P3,0
google plus and google my business,,0,,Core / Navigational Head Terms,/google-business-profile-management-tool/,Product Landing,BOFU,5,High,P3,0
google plus icon is not showing in my google business,,0,,Other / Long-tail,/guides/google-business-profile-faq/,FAQ,TOFU,1,High,P3,0
google plus my business,,0,,Other / Long-tail,/guides/google-business-profile-faq/,FAQ,TOFU,1,High,P3,0
google plus my business page,,0,,Other / Long-tail,/guides/google-business-profile-faq/,FAQ,TOFU,1,High,P3,0
google plus page for my business,,0,,Other / Long-tail,/guides/google-business-profile-faq/,FAQ,TOFU,1,High,P3,0
google post in my business,,0,,Google Posts / Offers / Updates,/features/google-posts-scheduler/,Feature Landing,BOFU,5,High,P3,0
google post in my business dashboard,,0,,Google Posts / Offers / Updates,/google-business-profile-management-tool/,Product Landing,BOFU,5,High,P3,0
google posts for my business,,0,,Google Posts / Offers / Updates,/features/google-posts-scheduler/,Feature Landing,BOFU,5,High,P3,0
google posts google my business,,0,,Google Posts / Offers / Updates,/features/google-posts-scheduler/,Feature Landing,BOFU,5,High,P3,0
google remove public uploaded poor pictures on my business site,,0,,Suspension / Reinstatement / Delete,/guides/google-business-profile-faq/,FAQ,TOFU,1,High,P3,0
google review lin for my business,,0,,Reviews / Ratings / Reply,/features/google-review-management/,Feature Landing,BOFU,5,High,P3,0
google review my business india,,0,,Reviews / Ratings / Reply,/features/google-review-management/,Feature Landing,BOFU,5,High,P3,0
google reviews are useful for my business,,0,,Reviews / Ratings / Reply,/features/google-review-management/,Feature Landing,BOFU,5,High,P3,0
google search showing unwanted results affecting my business,,0,,Other / Long-tail,/guides/google-business-profile-faq/,FAQ,TOFU,1,High,P3,0
google search top my business,,0,,Other / Long-tail,/guides/google-business-profile-faq/,FAQ,TOFU,1,High,P3,0
google show my business details,,0,,Other / Long-tail,/guides/google-business-profile-faq/,FAQ,TOFU,1,High,P3,0
google shows my business is permanently closed,,0,,Other / Long-tail,/guides/google-business-profile-faq/,FAQ,TOFU,1,High,P3,0
google shows wrong data when googled my business,,0,,API / Analytics / Insights,/features/google-business-profile-reporting/,Feature Landing,BOFU,4,High,P3,0
google sites vs google my business,,0,,Core / Navigational Head Terms,/google-business-profile-management-tool/,Product Landing,BOFU,5,High,P3,0
google support google my business usa,,0,,Support / Customer Care / Contact,/guides/google-business-profile-support/,Official Support Guide,TOFU,1,High,P3,0
google support my business login,,0,,Support / Customer Care / Contact,/guides/google-business-profile-support/,Official Support Guide,TOFU,1,High,P3,0
google suspended my business listing,,0,,Suspension / Reinstatement / Delete,/guides/google-business-profile-suspended/,Troubleshooting Guide,MOFU,5,High,P3,0
google trends my business page,,0,,Other / Long-tail,/guides/google-business-profile-faq/,FAQ,TOFU,1,High,P3,0
google trends perungudi my business page,,0,,Other / Long-tail,/guides/google-business-profile-faq/,FAQ,TOFU,1,High,P3,0
google updates in google my business 2018,,0,,Google Posts / Offers / Updates,/features/google-posts-scheduler/,Feature Landing,BOFU,5,High,P3,0
google updates in my business,,0,,Google Posts / Offers / Updates,/features/google-posts-scheduler/,Feature Landing,BOFU,5,High,P3,0
google verification code for my business never comes,,0,,Verification / Code / Postcard,/guides/google-business-profile-verification/,Guide,MOFU,5,High,P3,0
google verification code my business,,0,,Verification / Code / Postcard,/guides/google-business-profile-verification/,Guide,MOFU,5,High,P3,0
google verify my business address,,0,,Verification / Code / Postcard,/guides/google-business-profile-verification/,Guide,MOFU,5,High,P3,0
google verify my business address maps,,0,,Verification / Code / Postcard,/guides/google-business-profile-verification/,Guide,MOFU,5,High,P3,0
google verify my business akarsh designs,,0,,Verification / Code / Postcard,/guides/google-business-profile-verification/,Guide,MOFU,5,High,P3,0
google verify my business akarshdesigns,,0,,Verification / Code / Postcard,/guides/google-business-profile-verification/,Guide,MOFU,5,High,P3,0
google verify my business australia,,0,,Verification / Code / Postcard,/guides/google-business-profile-verification/,Guide,MOFU,5,High,P3,0
google verify my business calls,,0,,Verification / Code / Postcard,/guides/google-business-profile-verification/,Guide,MOFU,5,High,P3,0
google verify my business cost,,0,,Verification / Code / Postcard,/guides/google-business-profile-verification/,Guide,MOFU,5,High,P3,0
google verify my business deutsch,,0,,Verification / Code / Postcard,/guides/google-business-profile-verification/,Guide,MOFU,5,High,P3,0
google verify my business help,,0,,Verification / Code / Postcard,/guides/google-business-profile-verification/,Guide,MOFU,5,High,P3,0
google verify my business not working,,0,,Verification / Code / Postcard,/guides/google-business-profile-verification/,Guide,MOFU,5,High,P3,0
google verify my business phone call,,0,,Verification / Code / Postcard,/guides/google-business-profile-support/,Official Support Guide,TOFU,1,High,P3,0
google verify my business sign in,,0,,Verification / Code / Postcard,/guides/google-business-profile-login/,Guide,TOFU,1,High,P3,0
google verify my business to enter code,,0,,Verification / Code / Postcard,/guides/google-business-profile-verification/,Guide,MOFU,5,High,P3,0
google web my business,,0,,Other / Long-tail,/guides/google-business-profile-faq/,FAQ,TOFU,1,High,P3,0
google website builder now available in google my business,,0,,Categories / Services / Description,/guides/edit-google-business-profile/,Guide,TOFU,3,High,P3,0
google+ and google my business,,0,,Core / Navigational Head Terms,/google-business-profile-management-tool/,Product Landing,BOFU,5,High,P3,0
google+ brand pages is not showing in my google business,,0,,Other / Long-tail,/guides/google-business-profile-faq/,FAQ,TOFU,1,High,P3,0
google+ my business,,0,,Other / Long-tail,/guides/google-business-profile-faq/,FAQ,TOFU,1,High,P3,0
google+ page and google my business,,0,,Core / Navigational Head Terms,/google-business-profile-management-tool/,Product Landing,BOFU,5,High,P3,0
google-my-business-noreply google.com cc,,0,,Other / Long-tail,/guides/google-business-profile-faq/,FAQ,TOFU,1,High,P3,0
google.at my business,,0,,Other / Long-tail,/guides/google-business-profile-faq/,FAQ,TOFU,1,High,P3,0
google.co my business,,0,,Other / Long-tail,/guides/google-business-profile-faq/,FAQ,TOFU,1,High,P3,0
google.co.ingoogle my business,,0,,Other / Long-tail,/google-business-profile-management-tool/,Product Landing,BOFU,5,High,P3,0
google.com google my business,,0,,Core / Navigational Head Terms,/google-business-profile-management-tool/,Product Landing,BOFU,5,High,P3,0
google.com my business page,,0,,Other / Long-tail,/guides/google-business-profile-faq/,FAQ,TOFU,1,High,P3,0
google.comogle my business,,0,,Other / Long-tail,/guides/google-business-profile-faq/,FAQ,TOFU,1,High,P3,0
google.comoogle my business,,0,,Other / Long-tail,/guides/google-business-profile-faq/,FAQ,TOFU,1,High,P3,0
graphic designing institute subhash nagar google my business,,0,,Core / Navigational Head Terms,/google-business-profile-management-tool/,Product Landing,BOFU,5,High,P3,0
greater huston kidney clinic google my business,,0,,Core / Navigational Head Terms,/google-business-profile-management-tool/,Product Landing,BOFU,5,High,P3,0
gsuite allow account for google my business access,,0,,Ownership / Access / Transfer,/guides/google-business-profile-login/,Guide,TOFU,1,High,P3,0
guia google my business,,0,,Core / Navigational Head Terms,/google-business-profile-management-tool/,Product Landing,BOFU,5,High,P3,0
guia google my business español,,0,,Core / Navigational Head Terms,/google-business-profile-management-tool/,Product Landing,BOFU,5,High,P3,0
guide to google my business,,0,,Core / Navigational Head Terms,/google-business-profile-management-tool/,Product Landing,BOFU,5,High,P3,0
hack google my business,,0,,Core / Navigational Head Terms,/google-business-profile-management-tool/,Product Landing,BOFU,5,High,P3,0
haitos technologies google my business,,0,,Core / Navigational Head Terms,/google-business-profile-management-tool/,Product Landing,BOFU,5,High,P3,0
handle multiple business account in one google my business,,0,,Login / Account / App,/guides/google-business-profile-login/,Guide,TOFU,1,High,P3,0
happy minds consultancy in vijaywada google my business,,0,,Core / Navigational Head Terms,/google-business-profile-management-tool/,Product Landing,BOFU,5,High,P3,0
hashtag for google my business,,0,,Core / Navigational Head Terms,/google-business-profile-management-tool/,Product Landing,BOFU,5,High,P3,0
hashtags google my business,,0,,Core / Navigational Head Terms,/google-business-profile-management-tool/,Product Landing,BOFU,5,High,P3,0
hashtags on google my business posts,,0,,Google Posts / Offers / Updates,/features/google-posts-scheduler/,Feature Landing,BOFU,5,High,P3,0
hawaiian shirts google my business,,0,,Core / Navigational Head Terms,/google-business-profile-management-tool/,Product Landing,BOFU,5,High,P3,0
hide address from google my business,,0,,Categories / Services / Description,/guides/edit-google-business-profile/,Guide,TOFU,3,High,P3,0
hide address in google my business,,0,,Categories / Services / Description,/guides/edit-google-business-profile/,Guide,TOFU,3,High,P3,0
hide location on google my business,,0,,Core / Navigational Head Terms,/google-business-profile-management-tool/,Product Landing,BOFU,5,High,P3,0
hide locations on google my business,,0,,Core / Navigational Head Terms,/google-business-profile-management-tool/,Product Landing,BOFU,5,High,P3,0
highlights google my business,,0,,Core / Navigational Head Terms,/google-business-profile-management-tool/,Product Landing,BOFU,5,High,P3,0
himalya iron traders google my business,,0,,Core / Navigational Head Terms,/google-business-profile-management-tool/,Product Landing,BOFU,5,High,P3,0
himani google my business contact number,,0,,Support / Customer Care / Contact,/guides/google-business-profile-support/,Official Support Guide,TOFU,1,High,P3,0
himani google my business toll free number,,0,,Support / Customer Care / Contact,/guides/google-business-profile-support/,Official Support Guide,TOFU,1,High,P3,0
hire people to list my business on google,,0,,Setup / Add / Create / Register,/guides/add-business-to-google-maps/,Guide,TOFU,4,High,P3,0
hire people to rank my business on google,,0,,Optimization / SEO / Ranking,/guides/google-business-profile-optimization-checklist/,Pillar Guide,MOFU,5,High,P3,0
hiring for google my business,,0,,Core / Navigational Head Terms,/google-business-profile-management-tool/,Product Landing,BOFU,5,High,P3,0
ho to check who has claimed google my business,,0,,Core / Navigational Head Terms,/google-business-profile-management-tool/,Product Landing,BOFU,5,High,P3,0
ho to register my business in google business site,,0,,Setup / Add / Create / Register,/guides/add-business-to-google-maps/,Guide,TOFU,4,High,P3,0
hoarding design google my business,,0,,Core / Navigational Head Terms,/google-business-profile-management-tool/,Product Landing,BOFU,5,High,P3,0
hoe to add my business to google page,,0,,Setup / Add / Create / Register,/guides/add-business-to-google-maps/,Guide,TOFU,4,High,P3,0
hoe to connect my domin to google business page,,0,,Other / Long-tail,/guides/google-business-profile-faq/,FAQ,TOFU,1,High,P3,0
hoe to delet my google business account,,0,,Login / Account / App,/guides/google-business-profile-login/,Guide,TOFU,1,High,P3,0
hoe to show photos on google my business page,,0,,Photos / Logo / Cover / Videos,/guides/google-business-profile-photo-size/,Guide,TOFU,3,High,P3,0
homesnap google my business,,0,,Core / Navigational Head Terms,/google-business-profile-management-tool/,Product Landing,BOFU,5,High,P3,0
hootsuite google my business posts,,0,,Google Posts / Offers / Updates,/features/google-posts-scheduler/,Feature Landing,BOFU,5,High,P3,0
hootsuite post to google my business,,0,,Google Posts / Offers / Updates,/features/google-posts-scheduler/,Feature Landing,BOFU,5,High,P3,0
hot to create a post in google my business,,0,,Google Posts / Offers / Updates,/guides/add-business-to-google-maps/,Guide,TOFU,4,High,P3,0
how add extra email id in google my business,,0,,Setup / Add / Create / Register,/guides/add-business-to-google-maps/,Guide,TOFU,4,High,P3,0
how add extra mail id in google my business,,0,,Setup / Add / Create / Register,/guides/add-business-to-google-maps/,Guide,TOFU,4,High,P3,0
how add my business place on google map,,0,,Setup / Add / Create / Register,/guides/add-business-to-google-maps/,Guide,TOFU,4,High,P3,0
how add my google business map on wp site,,0,,Setup / Add / Create / Register,/guides/add-business-to-google-maps/,Guide,TOFU,4,High,P3,0
how added extra mail id in google my business,,0,,Core / Navigational Head Terms,/google-business-profile-management-tool/,Product Landing,BOFU,5,High,P3,0
how can add sub branches in my google business,,0,,Setup / Add / Create / Register,/guides/add-business-to-google-maps/,Guide,TOFU,4,High,P3,0
how can complain the duplicate listing on google my business,,0,,Suspension / Reinstatement / Delete,/google-business-profile-management-tool/,Product Landing,BOFU,5,High,P3,0
how can google ads benefit my business,,0,,Other / Long-tail,/guides/google-business-profile-faq/,FAQ,TOFU,1,High,P3,0
how can google adwords help my business,,0,,Other / Long-tail,/guides/google-business-profile-faq/,FAQ,TOFU,1,High,P3,0
how can google analytics help my business,,0,,API / Analytics / Insights,/features/google-business-profile-reporting/,Feature Landing,BOFU,4,High,P3,0
how can google plus help my business,,0,,Other / Long-tail,/guides/google-business-profile-faq/,FAQ,TOFU,1,High,P3,0
how can google+ help my business,,0,,Other / Long-tail,/guides/google-business-profile-faq/,FAQ,TOFU,1,High,P3,0
how can i add keywords for google my business,,0,,Setup / Add / Create / Register,/guides/add-business-to-google-maps/,Guide,TOFU,4,High,P3,0
how can i add my business to google map free,,0,,Setup / Add / Create / Register,/guides/add-business-to-google-maps/,Guide,TOFU,4,High,P3,0
how can i advertise my business in google,,0,,Other / Long-tail,/guides/google-business-profile-faq/,FAQ,TOFU,1,High,P3,0
how can i advertise my business on google and television,,0,,Other / Long-tail,/guides/google-business-profile-faq/,FAQ,TOFU,1,High,P3,0
how can i cliam my business on google maps,,0,,Other / Long-tail,/guides/google-business-profile-faq/,FAQ,TOFU,1,High,P3,0
how can i delete my google business acc,,0,,Suspension / Reinstatement / Delete,/guides/google-business-profile-faq/,FAQ,TOFU,1,High,P3,0
how can i edit my business in google,,0,,Other / Long-tail,/guides/edit-google-business-profile/,Guide,TOFU,3,High,P3,0
how can i get my business listed on google,,0,,Other / Long-tail,/guides/google-business-profile-faq/,FAQ,TOFU,1,High,P3,0
how can i google edit my google business attribute,,0,,Categories / Services / Description,/guides/edit-google-business-profile/,Guide,TOFU,3,High,P3,0
how can i join google my business work,,0,,Core / Navigational Head Terms,/google-business-profile-management-tool/,Product Landing,BOFU,5,High,P3,0
how can i knowsomeone edit update google my business page,,0,,Google Posts / Offers / Updates,/features/google-posts-scheduler/,Feature Landing,BOFU,5,High,P3,0
how can i locate my business on google map,,0,,Other / Long-tail,/guides/google-business-profile-faq/,FAQ,TOFU,1,High,P3,0
how can i promote business on google my business,,0,,Core / Navigational Head Terms,/google-business-profile-management-tool/,Product Landing,BOFU,5,High,P3,0
how can i promote my local business in google,,0,,Other / Long-tail,/guides/google-business-profile-faq/,FAQ,TOFU,1,High,P3,0
how can i put my business in google map,,0,,Setup / Add / Create / Register,/guides/add-business-to-google-maps/,Guide,TOFU,4,High,P3,0
how can i put my business in google maps,,0,,Setup / Add / Create / Register,/guides/add-business-to-google-maps/,Guide,TOFU,4,High,P3,0
how can i put my business on google maps,,0,,Setup / Add / Create / Register,/guides/add-business-to-google-maps/,Guide,TOFU,4,High,P3,0
how can i remove google my view from google business,,0,,Suspension / Reinstatement / Delete,/guides/google-business-profile-faq/,FAQ,TOFU,1,High,P3,0
how can i remove my business location from google map,,0,,Suspension / Reinstatement / Delete,/guides/google-business-profile-faq/,FAQ,TOFU,1,High,P3,0
how can i remove photos from google my business,,0,,Suspension / Reinstatement / Delete,/guides/google-business-profile-photo-size/,Guide,TOFU,3,High,P3,0
how can i see my business in google search resukt,,0,,Other / Long-tail,/guides/google-business-profile-faq/,FAQ,TOFU,1,High,P3,0
how can i set a listing on google my business,,0,,Core / Navigational Head Terms,/google-business-profile-management-tool/,Product Landing,BOFU,5,High,P3,0
how can i set in google about my business,,0,,Other / Long-tail,/guides/google-business-profile-description-examples/,Guide,TOFU,4,High,P3,0
how can i share google my business website link address,,0,,Categories / Services / Description,/guides/edit-google-business-profile/,Guide,TOFU,3,High,P3,0
how can i tag my business page on google,,0,,Other / Long-tail,/guides/google-business-profile-faq/,FAQ,TOFU,1,High,P3,0
how can my business appear on google maps,,0,,Other / Long-tail,/guides/google-business-profile-faq/,FAQ,TOFU,1,High,P3,0
how can we edit other company google my business quora,,0,,Core / Navigational Head Terms,/google-my-business-management-service/,Service Landing,BOFU,5,High,P3,0
how can we edit other company google my business quota,,0,,Core / Navigational Head Terms,/google-my-business-management-service/,Service Landing,BOFU,5,High,P3,0
how come front my google business site,,0,,Other / Long-tail,/guides/google-business-profile-faq/,FAQ,TOFU,1,High,P3,0
how did google my business start,,0,,Core / Navigational Head Terms,/google-business-profile-management-tool/,Product Landing,BOFU,5,High,P3,0
how do get my business on google maps,,0,,Other / Long-tail,/guides/google-business-profile-faq/,FAQ,TOFU,1,High,P3,0
how do i add a location to google my business,,0,,Setup / Add / Create / Register,/guides/add-business-to-google-maps/,Guide,TOFU,4,High,P3,0
how do i add my business in google,,0,,Setup / Add / Create / Register,/guides/add-business-to-google-maps/,Guide,TOFU,4,High,P3,0
how do i add my business name to google maps,,0,,Setup / Add / Create / Register,/guides/add-business-to-google-maps/,Guide,TOFU,4,High,P3,0
how do i add my business on google earth,,0,,Setup / Add / Create / Register,/guides/add-business-to-google-maps/,Guide,TOFU,4,High,P3,0
how do i add my business on google for free,,0,,Setup / Add / Create / Register,/guides/add-business-to-google-maps/,Guide,TOFU,4,High,P3,0
how do i add my business to google earth,,0,,Setup / Add / Create / Register,/guides/add-business-to-google-maps/,Guide,TOFU,4,High,P3,0
how do i add my business to google plus,,0,,Setup / Add / Create / Register,/guides/add-business-to-google-maps/,Guide,TOFU,4,High,P3,0
how do i add my business to google search,,0,,Setup / Add / Create / Register,/guides/add-business-to-google-maps/,Guide,TOFU,4,High,P3,0
how do i add my business website to google,,0,,Categories / Services / Description,/guides/add-business-to-google-maps/,Guide,TOFU,4,High,P3,0
how do i add payment gateway to my google business,,0,,Setup / Add / Create / Register,/guides/add-business-to-google-maps/,Guide,TOFU,4,High,P3,0
how do i add photos to my google business listing,,0,,Photos / Logo / Cover / Videos,/guides/add-business-to-google-maps/,Guide,TOFU,4,High,P3,0
how do i add pictures to my google business page,,0,,Setup / Add / Create / Register,/guides/add-business-to-google-maps/,Guide,TOFU,4,High,P3,0
how do i advertise my business on google plus,,0,,Other / Long-tail,/guides/google-business-profile-faq/,FAQ,TOFU,1,High,P3,0
how do i cancel my google business email account,,0,,Login / Account / App,/guides/google-business-profile-login/,Guide,TOFU,1,High,P3,0
how do i change my address on google my business,,0,,Categories / Services / Description,/guides/edit-google-business-profile/,Guide,TOFU,3,High,P3,0
how do i change my gmail of googl my business,,0,,Other / Long-tail,/guides/edit-google-business-profile/,Guide,TOFU,3,High,P3,0
how do i change my google business email,,0,,Other / Long-tail,/guides/edit-google-business-profile/,Guide,TOFU,3,High,P3,0
how do i check my business page on google,,0,,Other / Long-tail,/guides/google-business-profile-faq/,FAQ,TOFU,1,High,P3,0
how do i claim ownership of my google business page,,0,,Setup / Add / Create / Register,/guides/google-business-profile-ownership-transfer/,Guide,TOFU,4,High,P3,0
how do i contact google about my business listing,,0,,Support / Customer Care / Contact,/guides/google-business-profile-support/,Official Support Guide,TOFU,1,High,P3,0
how do i delete google my business,,0,,Suspension / Reinstatement / Delete,/google-business-profile-management-tool/,Product Landing,BOFU,5,High,P3,0
how do i delete my google business listing,,0,,Suspension / Reinstatement / Delete,/guides/google-business-profile-faq/,FAQ,TOFU,1,High,P3,0
how do i edit my google business listing,,0,,Other / Long-tail,/guides/edit-google-business-profile/,Guide,TOFU,3,High,P3,0
how do i edit my google business website,,0,,Categories / Services / Description,/guides/edit-google-business-profile/,Guide,TOFU,3,High,P3,0
how do i enable posts on google my business,,0,,Google Posts / Offers / Updates,/features/google-posts-scheduler/,Feature Landing,BOFU,5,High,P3,0
how do i find my business on google,,0,,Other / Long-tail,/guides/google-business-profile-faq/,FAQ,TOFU,1,High,P3,0
how do i find my google business page url,,0,,Other / Long-tail,/guides/google-business-profile-faq/,FAQ,TOFU,1,High,P3,0
how do i get my business higher on google search,,0,,Optimization / SEO / Ranking,/guides/google-business-profile-optimization-checklist/,Pillar Guide,MOFU,5,High,P3,0
how do i get my business listed higher on google,,0,,Optimization / SEO / Ranking,/guides/google-business-profile-optimization-checklist/,Pillar Guide,MOFU,5,High,P3,0
how do i get my business listed on google search,,0,,Other / Long-tail,/guides/google-business-profile-faq/,FAQ,TOFU,1,High,P3,0
how do i get my business marked on google maps,,0,,Other / Long-tail,/guides/google-business-profile-faq/,FAQ,TOFU,1,High,P3,0
how do i get my business name on google search,,0,,Other / Long-tail,/guides/google-business-profile-faq/,FAQ,TOFU,1,High,P3,0
how do i get my business off google,,0,,Other / Long-tail,/guides/google-business-profile-faq/,FAQ,TOFU,1,High,P3,0
how do i get my business on google for free,,0,,Free / Cost / Pricing,/guides/is-google-my-business-free/,Guide,TOFU,3,High,P3,0
how do i get my business on google maps search,,0,,Other / Long-tail,/guides/google-business-profile-faq/,FAQ,TOFU,1,High,P3,0
how do i get my business on google reviews,,0,,Reviews / Ratings / Reply,/features/google-review-management/,Feature Landing,BOFU,5,High,P3,0
how do i get my business rank higher on google,,0,,Optimization / SEO / Ranking,/guides/google-business-profile-optimization-checklist/,Pillar Guide,MOFU,5,High,P3,0
how do i get to my google business page,,0,,Other / Long-tail,/guides/google-business-profile-faq/,FAQ,TOFU,1,High,P3,0
how do i know my google business searched by customers,,0,,Other / Long-tail,/guides/google-business-profile-faq/,FAQ,TOFU,1,High,P3,0
how do i leave a review on google my business,,0,,Reviews / Ratings / Reply,/features/google-review-management/,Feature Landing,BOFU,5,High,P3,0
how do i link to my google business review,,0,,Reviews / Ratings / Reply,/features/google-review-management/,Feature Landing,BOFU,5,High,P3,0
how do i log into my google business page,,0,,Other / Long-tail,/guides/google-business-profile-faq/,FAQ,TOFU,1,High,P3,0
how do i promote my business without website on google,,0,,Categories / Services / Description,/guides/edit-google-business-profile/,Guide,TOFU,3,High,P3,0
how do i put my business address on google maps,,0,,Categories / Services / Description,/guides/add-business-to-google-maps/,Guide,TOFU,4,High,P3,0
how do i put my business on google plus,,0,,Setup / Add / Create / Register,/guides/add-business-to-google-maps/,Guide,TOFU,4,High,P3,0
how do i put my business on google search,,0,,Setup / Add / Create / Register,/guides/add-business-to-google-maps/,Guide,TOFU,4,High,P3,0
how do i rearrange photos in google my business,,0,,Photos / Logo / Cover / Videos,/guides/google-business-profile-photo-size/,Guide,TOFU,3,High,P3,0
how do i register my business name on google,,0,,Setup / Add / Create / Register,/guides/add-business-to-google-maps/,Guide,TOFU,4,High,P3,0
how do i register my business website with google,,0,,Categories / Services / Description,/guides/add-business-to-google-maps/,Guide,TOFU,4,High,P3,0
how do i sand my google business page link,,0,,Other / Long-tail,/guides/google-business-profile-faq/,FAQ,TOFU,1,High,P3,0
how do i secure my business name in google maps,,0,,Other / Long-tail,/guides/google-business-profile-faq/,FAQ,TOFU,1,High,P3,0
how do i set up google my business,,0,,Setup / Add / Create / Register,/guides/add-business-to-google-maps/,Guide,TOFU,4,High,P3,0
how do i show my business on google,,0,,Other / Long-tail,/guides/google-business-profile-faq/,FAQ,TOFU,1,High,P3,0
how do i show my business on google map,,0,,Other / Long-tail,/guides/google-business-profile-faq/,FAQ,TOFU,1,High,P3,0
how do i sign in to google my business,,0,,Login / Account / App,/guides/google-business-profile-login/,Guide,TOFU,1,High,P3,0
how do i sign up for google my business,,0,,Setup / Add / Create / Register,/guides/add-business-to-google-maps/,Guide,TOFU,4,High,P3,0
how do i update my business in google,,0,,Google Posts / Offers / Updates,/features/google-posts-scheduler/,Feature Landing,BOFU,5,High,P3,0
how do i use google business on my website,,0,,Categories / Services / Description,/guides/edit-google-business-profile/,Guide,TOFU,3,High,P3,0
how do o get my business on google,,0,,Other / Long-tail,/guides/google-business-profile-faq/,FAQ,TOFU,1,High,P3,0
how do people charge for google my business,,0,,Core / Navigational Head Terms,/google-business-profile-management-tool/,Product Landing,BOFU,5,High,P3,0
how do you create a listing on google my business,,0,,Setup / Add / Create / Register,/guides/add-business-to-google-maps/,Guide,TOFU,4,High,P3,0
how does free website looks like through google my business,,0,,Categories / Services / Description,/guides/edit-google-business-profile/,Guide,TOFU,3,High,P3,0
how does google generate my business listings,,0,,Other / Long-tail,/guides/google-business-profile-faq/,FAQ,TOFU,1,High,P3,0
how does google make money from google my business,,0,,Core / Navigational Head Terms,/google-business-profile-management-tool/,Product Landing,BOFU,5,High,P3,0
how does google my business help promote businesses,,0,,Core / Navigational Head Terms,/google-business-profile-management-tool/,Product Landing,BOFU,5,High,P3,0
how does google my business make listings,,0,,Core / Navigational Head Terms,/google-business-profile-management-tool/,Product Landing,BOFU,5,High,P3,0
how does google my business offer section help us,,0,,Google Posts / Offers / Updates,/features/google-posts-scheduler/,Feature Landing,BOFU,5,High,P3,0
how does google my business products work,,0,,Google Posts / Offers / Updates,/features/google-posts-scheduler/,Feature Landing,BOFU,5,High,P3,0
how does google my business works,,0,,Core / Navigational Head Terms,/google-business-profile-management-tool/,Product Landing,BOFU,5,High,P3,0
how does google my business works videos by google,,0,,Core / Navigational Head Terms,/google-business-profile-management-tool/,Product Landing,BOFU,5,High,P3,0
how does it work google my business,,0,,Core / Navigational Head Terms,/google-business-profile-management-tool/,Product Landing,BOFU,5,High,P3,0
how does my business show up on google maps,,0,,Other / Long-tail,/guides/google-business-profile-faq/,FAQ,TOFU,1,High,P3,0
how get my lost google business mail id,,0,,Other / Long-tail,/guides/google-business-profile-faq/,FAQ,TOFU,1,High,P3,0
how goes google generate my business listings,,0,,Other / Long-tail,/guides/google-business-profile-faq/,FAQ,TOFU,1,High,P3,0
how google ads get my business details,,0,,Other / Long-tail,/guides/google-business-profile-faq/,FAQ,TOFU,1,High,P3,0
how google analytics can help my small business,,0,,API / Analytics / Insights,/features/google-business-profile-reporting/,Feature Landing,BOFU,4,High,P3,0
how google my business ads words,,0,,Core / Navigational Head Terms,/google-business-profile-management-tool/,Product Landing,BOFU,5,High,P3,0
how google my business affect website seo,,0,,Categories / Services / Description,/guides/google-business-profile-optimization-checklist/,Pillar Guide,MOFU,5,High,P3,0
how google my business helps,,0,,Core / Navigational Head Terms,/google-business-profile-management-tool/,Product Landing,BOFU,5,High,P3,0
how google my business helps in seo,,0,,Optimization / SEO / Ranking,/guides/google-business-profile-optimization-checklist/,Pillar Guide,MOFU,5,High,P3,0
how google my business helps to customers,,0,,Core / Navigational Head Terms,/google-business-profile-management-tool/,Product Landing,BOFU,5,High,P3,0
how google my business helps to people,,0,,Core / Navigational Head Terms,/google-business-profile-management-tool/,Product Landing,BOFU,5,High,P3,0
how google my business is doing in india,,0,,Core / Navigational Head Terms,/google-business-profile-management-tool/,Product Landing,BOFU,5,High,P3,0
how google my business page works,,0,,Core / Navigational Head Terms,/google-business-profile-management-tool/,Product Landing,BOFU,5,High,P3,0
how google my business page works in tamil,,0,,Core / Navigational Head Terms,/google-business-profile-management-tool/,Product Landing,BOFU,5,High,P3,0
how google my business show my page on top,,0,,Core / Navigational Head Terms,/google-business-profile-management-tool/,Product Landing,BOFU,5,High,P3,0
how google my business showing default number in verification process,,0,,Verification / Code / Postcard,/guides/google-business-profile-verification/,Guide,MOFU,5,High,P3,0
how google my map works for business,,0,,Other / Long-tail,/guides/google-business-profile-faq/,FAQ,TOFU,1,High,P3,0
how google shows review in google my business,,0,,Reviews / Ratings / Reply,/features/google-review-management/,Feature Landing,BOFU,5,High,P3,0
how i add my business on google map,,0,,Setup / Add / Create / Register,/guides/add-business-to-google-maps/,Guide,TOFU,4,High,P3,0
how i can link two address to google my business,,0,,Categories / Services / Description,/guides/edit-google-business-profile/,Guide,TOFU,3,High,P3,0
how i can publish my business in google for free,,0,,Free / Cost / Pricing,/guides/is-google-my-business-free/,Guide,TOFU,3,High,P3,0
how i can rank website on google my business,,0,,Categories / Services / Description,/guides/google-business-profile-optimization-checklist/,Pillar Guide,MOFU,5,High,P3,0
how i can reclaim my google business,,0,,Other / Long-tail,/guides/google-business-profile-faq/,FAQ,TOFU,1,High,P3,0
how i check google my business,,0,,Core / Navigational Head Terms,/google-business-profile-management-tool/,Product Landing,BOFU,5,High,P3,0
how i delet pic of my google business page,,0,,Other / Long-tail,/guides/google-business-profile-faq/,FAQ,TOFU,1,High,P3,0
how i get google my business stats,,0,,Core / Navigational Head Terms,/google-business-profile-management-tool/,Product Landing,BOFU,5,High,P3,0
how i improve my business visibility on google maps,,0,,Optimization / SEO / Ranking,/guides/google-business-profile-optimization-checklist/,Pillar Guide,MOFU,5,High,P3,0
how i open my business add in google,,0,,Setup / Add / Create / Register,/guides/add-business-to-google-maps/,Guide,TOFU,4,High,P3,0
how i show my business place in google map,,0,,Other / Long-tail,/guides/google-business-profile-faq/,FAQ,TOFU,1,High,P3,0
how important is virtual tour in google my business ranking,,0,,Optimization / SEO / Ranking,/guides/google-business-profile-optimization-checklist/,Pillar Guide,MOFU,5,High,P3,0
how is google my business helpful for spa,,0,,Core / Navigational Head Terms,/google-business-profile-management-tool/,Product Landing,BOFU,5,High,P3,0
how is technical writing services listed on google my business,,0,,Categories / Services / Description,/guides/google-my-business-services/,Guide,TOFU,4,High,P3,0
how know which gmail am creating google my business,,0,,Core / Navigational Head Terms,/google-business-profile-management-tool/,Product Landing,BOFU,5,High,P3,0
how link instagram account to google my business account,,0,,Login / Account / App,/guides/google-business-profile-login/,Guide,TOFU,1,High,P3,0
how location group shows on google my business,,0,,Core / Navigational Head Terms,/google-business-profile-management-tool/,Product Landing,BOFU,5,High,P3,0
how long do google my business posts last,,0,,Google Posts / Offers / Updates,/features/google-posts-scheduler/,Feature Landing,BOFU,5,High,P3,0
how long has google my business been around,,0,,Core / Navigational Head Terms,/google-business-profile-management-tool/,Product Landing,BOFU,5,High,P3,0
how long it will take google my business page review,,0,,Reviews / Ratings / Reply,/features/google-review-management/,Feature Landing,BOFU,5,High,P3,0
how many business you can list under google my business,,0,,Core / Navigational Head Terms,/google-business-profile-management-tool/,Product Landing,BOFU,5,High,P3,0
how many fucntoin i can put my google business website,,0,,Categories / Services / Description,/guides/add-business-to-google-maps/,Guide,TOFU,4,High,P3,0
how many google my business account in my phone number,,0,,Categories / Services / Description,/guides/google-business-profile-login/,Guide,TOFU,1,High,P3,0
how many listing we can do in google my business,,0,,Core / Navigational Head Terms,/google-business-profile-management-tool/,Product Landing,BOFU,5,High,P3,0
how many listings google my business have in the world,,0,,Core / Navigational Head Terms,/google-business-profile-management-tool/,Product Landing,BOFU,5,High,P3,0
how many photos can be uplodaded to google my business,,0,,Photos / Logo / Cover / Videos,/guides/google-business-profile-photo-size/,Guide,TOFU,3,High,P3,0
how many photos i can add on google my business,,0,,Photos / Logo / Cover / Videos,/guides/add-business-to-google-maps/,Guide,TOFU,4,High,P3,0
how many times should we post in google my business,,0,,Google Posts / Offers / Updates,/features/google-posts-scheduler/,Feature Landing,BOFU,5,High,P3,0
how many times use my mobile number in google business,,0,,Other / Long-tail,/guides/google-business-profile-faq/,FAQ,TOFU,1,High,P3,0
how may photos can i post on google my business,,0,,Google Posts / Offers / Updates,/features/google-posts-scheduler/,Feature Landing,BOFU,5,High,P3,0
how much does google my business cost,,0,,Free / Cost / Pricing,/guides/is-google-my-business-free/,Guide,TOFU,3,High,P3,0
how much photos can be uploaded in google my business,,0,,Photos / Logo / Cover / Videos,/guides/google-business-profile-photo-size/,Guide,TOFU,3,High,P3,0
how much time does google my business took to advertise,,0,,Core / Navigational Head Terms,/google-business-profile-management-tool/,Product Landing,BOFU,5,High,P3,0
how much time does google my business took to update,,0,,Google Posts / Offers / Updates,/features/google-posts-scheduler/,Feature Landing,BOFU,5,High,P3,0
how much time google my business,,0,,Core / Navigational Head Terms,/google-business-profile-management-tool/,Product Landing,BOFU,5,High,P3,0
how much time google my business listing update,,0,,Google Posts / Offers / Updates,/features/google-posts-scheduler/,Feature Landing,BOFU,5,High,P3,0
how much time to get rang my google business,,0,,Other / Long-tail,/guides/google-business-profile-faq/,FAQ,TOFU,1,High,P3,0
how much time to get rank my google business,,0,,Optimization / SEO / Ranking,/guides/google-business-profile-optimization-checklist/,Pillar Guide,MOFU,5,High,P3,0
how much time to get rank my google map business,,0,,Optimization / SEO / Ranking,/guides/google-business-profile-optimization-checklist/,Pillar Guide,MOFU,5,High,P3,0
how much to charge to create google my business,,0,,Setup / Add / Create / Register,/guides/add-business-to-google-maps/,Guide,TOFU,4,High,P3,0
how much to post on google my business,,0,,Google Posts / Offers / Updates,/features/google-posts-scheduler/,Feature Landing,BOFU,5,High,P3,0
how much traffic does google my business gets,,0,,Core / Navigational Head Terms,/google-business-profile-management-tool/,Product Landing,BOFU,5,High,P3,0
how my business can be shown in google maps,,0,,Other / Long-tail,/guides/google-business-profile-faq/,FAQ,TOFU,1,High,P3,0
how my business directly flash on google map without searching,,0,,Other / Long-tail,/guides/google-business-profile-faq/,FAQ,TOFU,1,High,P3,0
how my business information on google map,,0,,Other / Long-tail,/guides/google-business-profile-faq/,FAQ,TOFU,1,High,P3,0
how my business listing can be removed from google,,0,,Other / Long-tail,/guides/google-business-profile-faq/,FAQ,TOFU,1,High,P3,0
how my business located in google map,,0,,Other / Long-tail,/guides/google-business-profile-faq/,FAQ,TOFU,1,High,P3,0
how my business on google on top search,,0,,Other / Long-tail,/guides/google-business-profile-faq/,FAQ,TOFU,1,High,P3,0
how my business verify through google,,0,,Verification / Code / Postcard,/guides/google-business-profile-verification/,Guide,MOFU,5,High,P3,0
how often should i post on google my business,,0,,Google Posts / Offers / Updates,/features/google-posts-scheduler/,Feature Landing,BOFU,5,High,P3,0
how ot reach people in google my business,,0,,Core / Navigational Head Terms,/google-business-profile-management-tool/,Product Landing,BOFU,5,High,P3,0
how our business appears on google my business,,0,,Core / Navigational Head Terms,/google-business-profile-management-tool/,Product Landing,BOFU,5,High,P3,0
how post my real estate business in google,,0,,Google Posts / Offers / Updates,/features/google-posts-scheduler/,Feature Landing,BOFU,5,High,P3,0
how promote my business on google,,0,,Other / Long-tail,/guides/google-business-profile-faq/,FAQ,TOFU,1,High,P3,0
how ro add my business in google,,0,,Setup / Add / Create / Register,/guides/add-business-to-google-maps/,Guide,TOFU,4,High,P3,0
how shoul i edit my google business name,,0,,Other / Long-tail,/guides/edit-google-business-profile/,Guide,TOFU,3,High,P3,0
how someone can edit my google business,,0,,Other / Long-tail,/guides/edit-google-business-profile/,Guide,TOFU,3,High,P3,0
how to accept a google my business invitation,,0,,Core / Navigational Head Terms,/google-business-profile-management-tool/,Product Landing,BOFU,5,High,P3,0
how to accept request google my business organisation,,0,,Core / Navigational Head Terms,/google-business-profile-management-tool/,Product Landing,BOFU,5,High,P3,0
how to access google my business api,,0,,Ownership / Access / Transfer,/guides/google-business-profile-ownership-transfer/,Guide,TOFU,4,High,P3,0
how to access my google business listing,,0,,Ownership / Access / Transfer,/guides/google-business-profile-ownership-transfer/,Guide,TOFU,4,High,P3,0
how to access my google plus business page,,0,,Ownership / Access / Transfer,/guides/google-business-profile-ownership-transfer/,Guide,TOFU,4,High,P3,0
how to access ownership of google my business account,,0,,Ownership / Access / Transfer,/guides/google-business-profile-login/,Guide,TOFU,1,High,P3,0
how to access ownership of google my business listing,,0,,Ownership / Access / Transfer,/guides/google-business-profile-ownership-transfer/,Guide,TOFU,4,High,P3,0
how to access ownership of google my business page,,0,,Ownership / Access / Transfer,/guides/google-business-profile-ownership-transfer/,Guide,TOFU,4,High,P3,0
how to activate google my business api,,0,,API / Analytics / Insights,/features/google-business-profile-reporting/,Feature Landing,BOFU,4,High,P3,0
how to activate my suspended account in google my business,,0,,Suspension / Reinstatement / Delete,/guides/google-business-profile-login/,Guide,TOFU,1,High,P3,0
how to activate suspended google my business,,0,,Suspension / Reinstatement / Delete,/guides/google-business-profile-suspended/,Troubleshooting Guide,MOFU,5,High,P3,0
how to add 360 photo in google my business,,0,,Photos / Logo / Cover / Videos,/guides/add-business-to-google-maps/,Guide,TOFU,4,High,P3,0
how to add a booking button on google my business,,0,,Setup / Add / Create / Register,/guides/add-business-to-google-maps/,Guide,TOFU,4,High,P3,0
how to add a cover photo in google my business,,0,,Photos / Logo / Cover / Videos,/guides/add-business-to-google-maps/,Guide,TOFU,4,High,P3,0
how to add a location in google my business,,0,,Setup / Add / Create / Register,/guides/add-business-to-google-maps/,Guide,TOFU,4,High,P3,0
how to add a second business on google my business,,0,,Setup / Add / Create / Register,/guides/add-business-to-google-maps/,Guide,TOFU,4,High,P3,0
how to add account to google my business,,0,,Setup / Add / Create / Register,/guides/google-business-profile-login/,Guide,TOFU,1,High,P3,0
how to add additional button in google my business,,0,,Setup / Add / Create / Register,/guides/add-business-to-google-maps/,Guide,TOFU,4,High,P3,0
how to add an admin to google my business,,0,,Setup / Add / Create / Register,/guides/add-business-to-google-maps/,Guide,TOFU,4,High,P3,0
how to add another phone no in google my business,,0,,Categories / Services / Description,/guides/add-business-to-google-maps/,Guide,TOFU,4,High,P3,0
how to add appointment link to google my business,,0,,Google Posts / Offers / Updates,/guides/add-business-to-google-maps/,Guide,TOFU,4,High,P3,0
how to add attributes in google my business,,0,,Categories / Services / Description,/guides/add-business-to-google-maps/,Guide,TOFU,4,High,P3,0
how to add attributes in google my business show link,,0,,Categories / Services / Description,/guides/add-business-to-google-maps/,Guide,TOFU,4,High,P3,0
how to add branch to google my business,,0,,Setup / Add / Create / Register,/guides/add-business-to-google-maps/,Guide,TOFU,4,High,P3,0
how to add brand name in google my business page,,0,,Setup / Add / Create / Register,/guides/add-business-to-google-maps/,Guide,TOFU,4,High,P3,0
how to add custom photos to google my business,,0,,Photos / Logo / Cover / Videos,/guides/add-business-to-google-maps/,Guide,TOFU,4,High,P3,0
how to add customer photos to google my business,,0,,Photos / Logo / Cover / Videos,/guides/add-business-to-google-maps/,Guide,TOFU,4,High,P3,0
how to add customer photos to google my businesses,,0,,Photos / Logo / Cover / Videos,/guides/add-business-to-google-maps/,Guide,TOFU,4,High,P3,0
how to add customers photos to google my business,,0,,Photos / Logo / Cover / Videos,/guides/add-business-to-google-maps/,Guide,TOFU,4,High,P3,0
how to add description for locations on google my business,,0,,Categories / Services / Description,/guides/add-business-to-google-maps/,Guide,TOFU,4,High,P3,0
how to add different services in google my business,,0,,Categories / Services / Description,/guides/add-business-to-google-maps/,Guide,TOFU,4,High,P3,0
how to add editor in google my business page,,0,,Setup / Add / Create / Register,/guides/add-business-to-google-maps/,Guide,TOFU,4,High,P3,0
how to add email id in google my business,,0,,Setup / Add / Create / Register,/guides/add-business-to-google-maps/,Guide,TOFU,4,High,P3,0
how to add event in google my business,,0,,Google Posts / Offers / Updates,/guides/add-business-to-google-maps/,Guide,TOFU,4,High,P3,0
how to add existing location in google my business,,0,,Setup / Add / Create / Register,/guides/add-business-to-google-maps/,Guide,TOFU,4,High,P3,0
how to add facebook link to google my business page,,0,,Setup / Add / Create / Register,/guides/add-business-to-google-maps/,Guide,TOFU,4,High,P3,0
how to add facebook page in google my business,,0,,Setup / Add / Create / Register,/guides/add-business-to-google-maps/,Guide,TOFU,4,High,P3,0
how to add facebook reviews to google my business,,0,,Reviews / Ratings / Reply,/features/google-review-management/,Feature Landing,BOFU,5,High,P3,0
how to add facebook twitter page to my google business,,0,,Setup / Add / Create / Register,/guides/add-business-to-google-maps/,Guide,TOFU,4,High,P3,0
how to add google analytics to google my business page,,0,,Setup / Add / Create / Register,/guides/add-business-to-google-maps/,Guide,TOFU,4,High,P3,0
how to add google domain in google my business account,,0,,Setup / Add / Create / Register,/guides/google-business-profile-login/,Guide,TOFU,1,High,P3,0
how to add google my business in wordpress,,0,,Setup / Add / Create / Register,/guides/add-business-to-google-maps/,Guide,TOFU,4,High,P3,0
how to add google my business location,,0,,Setup / Add / Create / Register,/guides/add-business-to-google-maps/,Guide,TOFU,4,High,P3,0
how to add google my business review in wordpress website,,0,,Reviews / Ratings / Reply,/features/google-review-management/,Feature Landing,BOFU,5,High,P3,0
how to add hotel price in google my business,,0,,Setup / Add / Create / Register,/guides/add-business-to-google-maps/,Guide,TOFU,4,High,P3,0
how to add hotel prices in google my business,,0,,Setup / Add / Create / Register,/guides/add-business-to-google-maps/,Guide,TOFU,4,High,P3,0
how to add instafollow hq in google my business,,0,,Setup / Add / Create / Register,/guides/add-business-to-google-maps/,Guide,TOFU,4,High,P3,0
how to add intagram to google my business,,0,,Setup / Add / Create / Register,/guides/add-business-to-google-maps/,Guide,TOFU,4,High,P3,0
how to add justdial link to google my business,,0,,Setup / Add / Create / Register,/guides/add-business-to-google-maps/,Guide,TOFU,4,High,P3,0
how to add keywords in google my business keywords,,0,,Setup / Add / Create / Register,/guides/add-business-to-google-maps/,Guide,TOFU,4,High,P3,0
how to add keywords in google my business telugu,,0,,Setup / Add / Create / Register,/guides/add-business-to-google-maps/,Guide,TOFU,4,High,P3,0
how to add location of my business on google maps,,0,,Setup / Add / Create / Register,/guides/add-business-to-google-maps/,Guide,TOFU,4,High,P3,0
how to add logo in google my business listing,,0,,Photos / Logo / Cover / Videos,/guides/add-business-to-google-maps/,Guide,TOFU,4,High,P3,0
how to add manager google my business,,0,,Management Service / Agency,/guides/add-business-to-google-maps/,Guide,TOFU,4,High,P3,0
how to add meta tags for google my business,,0,,Setup / Add / Create / Register,/guides/add-business-to-google-maps/,Guide,TOFU,4,High,P3,0
how to add more categories in google my business,,0,,Categories / Services / Description,/guides/add-business-to-google-maps/,Guide,TOFU,4,High,P3,0
how to add more functionality in google my business website,,0,,Categories / Services / Description,/guides/add-business-to-google-maps/,Guide,TOFU,4,High,P3,0
how to add more listing in google my business,,0,,Setup / Add / Create / Register,/guides/add-business-to-google-maps/,Guide,TOFU,4,High,P3,0
how to add more pages in google my business,,0,,Setup / Add / Create / Register,/guides/add-business-to-google-maps/,Guide,TOFU,4,High,P3,0
how to add muse theme to google my business,,0,,Setup / Add / Create / Register,/guides/add-business-to-google-maps/,Guide,TOFU,4,High,P3,0
how to add my 2nd business on google maps,,0,,Setup / Add / Create / Register,/guides/add-business-to-google-maps/,Guide,TOFU,4,High,P3,0
how to add my business address to google,,0,,Categories / Services / Description,/guides/add-business-to-google-maps/,Guide,TOFU,4,High,P3,0
how to add my business address to google map,,0,,Categories / Services / Description,/guides/add-business-to-google-maps/,Guide,TOFU,4,High,P3,0
how to add my business in google maps oyu tube,,0,,Setup / Add / Create / Register,/guides/add-business-to-google-maps/,Guide,TOFU,4,High,P3,0
how to add my business on google earth,,0,,Setup / Add / Create / Register,/guides/add-business-to-google-maps/,Guide,TOFU,4,High,P3,0
how to add my business place on google map,,0,,Setup / Add / Create / Register,/guides/add-business-to-google-maps/,Guide,TOFU,4,High,P3,0
how to add my business to google earth,,0,,Setup / Add / Create / Register,/guides/add-business-to-google-maps/,Guide,TOFU,4,High,P3,0
how to add my business to google keyword search,,0,,Setup / Add / Create / Register,/guides/add-business-to-google-maps/,Guide,TOFU,4,High,P3,0
how to add my business to google maps 2014,,0,,Setup / Add / Create / Register,/guides/add-business-to-google-maps/,Guide,TOFU,4,High,P3,0
how to add my business to google pay,,0,,Setup / Add / Create / Register,/guides/add-business-to-google-maps/,Guide,TOFU,4,High,P3,0
how to add my business to google plus,,0,,Setup / Add / Create / Register,/guides/add-business-to-google-maps/,Guide,TOFU,4,High,P3,0
how to add my company in google business,,0,,Setup / Add / Create / Register,/guides/add-business-to-google-maps/,Guide,TOFU,4,High,P3,0
how to add my company in google business tamil,,0,,Setup / Add / Create / Register,/guides/add-business-to-google-maps/,Guide,TOFU,4,High,P3,0
how to add my google my business order,,0,,Setup / Add / Create / Register,/guides/add-business-to-google-maps/,Guide,TOFU,4,High,P3,0
how to add my mobile number in google business,,0,,Setup / Add / Create / Register,/guides/add-business-to-google-maps/,Guide,TOFU,4,High,P3,0
how to add my wbsite in google my business,,0,,Setup / Add / Create / Register,/guides/add-business-to-google-maps/,Guide,TOFU,4,High,P3,0
how to add my website book room in google business,,0,,Categories / Services / Description,/guides/add-business-to-google-maps/,Guide,TOFU,4,High,P3,0
how to add my website in google business account,,0,,Categories / Services / Description,/guides/google-business-profile-login/,Guide,TOFU,1,High,P3,0
how to add my website link in google business,,0,,Categories / Services / Description,/guides/add-business-to-google-maps/,Guide,TOFU,4,High,P3,0
how to add my website to google business,,0,,Categories / Services / Description,/guides/add-business-to-google-maps/,Guide,TOFU,4,High,P3,0
how to add new business to google my business,,0,,Setup / Add / Create / Register,/guides/add-business-to-google-maps/,Guide,TOFU,4,High,P3,0
how to add new shop in google my business,,0,,Setup / Add / Create / Register,/guides/add-business-to-google-maps/,Guide,TOFU,4,High,P3,0
how to add new user in google my business,,0,,Setup / Add / Create / Register,/guides/add-business-to-google-maps/,Guide,TOFU,4,High,P3,0
how to add owner name in google my business,,0,,Setup / Add / Create / Register,/guides/add-business-to-google-maps/,Guide,TOFU,4,High,P3,0
how to add payment method in google my business,,0,,Setup / Add / Create / Register,/guides/add-business-to-google-maps/,Guide,TOFU,4,High,P3,0
how to add permanently closed google my business,,0,,Setup / Add / Create / Register,/guides/add-business-to-google-maps/,Guide,TOFU,4,High,P3,0
how to add personal review on my business google maps,,0,,Reviews / Ratings / Reply,/features/google-review-management/,Feature Landing,BOFU,5,High,P3,0
how to add phone no on my business on google,,0,,Categories / Services / Description,/guides/add-business-to-google-maps/,Guide,TOFU,4,High,P3,0
how to add pictures to google my business,,0,,Setup / Add / Create / Register,/guides/add-business-to-google-maps/,Guide,TOFU,4,High,P3,0
how to add review option on google my business,,0,,Reviews / Ratings / Reply,/features/google-review-management/,Feature Landing,BOFU,5,High,P3,0
how to add search keyword on google my business,,0,,Setup / Add / Create / Register,/guides/add-business-to-google-maps/,Guide,TOFU,4,High,P3,0
how to add second office address in google my business,,0,,Categories / Services / Description,/guides/add-business-to-google-maps/,Guide,TOFU,4,High,P3,0
how to add second office in google my business,,0,,Setup / Add / Create / Register,/guides/add-business-to-google-maps/,Guide,TOFU,4,High,P3,0
how to add services page in google my business website,,0,,Categories / Services / Description,/guides/add-business-to-google-maps/,Guide,TOFU,4,High,P3,0
how to add social icone in google my business,,0,,Setup / Add / Create / Register,/guides/add-business-to-google-maps/,Guide,TOFU,4,High,P3,0
how to add social media channels to google my business,,0,,Setup / Add / Create / Register,/guides/add-business-to-google-maps/,Guide,TOFU,4,High,P3,0
how to add social media icons to google my business,,0,,Setup / Add / Create / Register,/guides/add-business-to-google-maps/,Guide,TOFU,4,High,P3,0
how to add social media review to google my business,,0,,Reviews / Ratings / Reply,/features/google-review-management/,Feature Landing,BOFU,5,High,P3,0
how to add social profile on google my business,,0,,Setup / Add / Create / Register,/guides/add-business-to-google-maps/,Guide,TOFU,4,High,P3,0
how to add special hours on google my business,,0,,Categories / Services / Description,/guides/add-business-to-google-maps/,Guide,TOFU,4,High,P3,0
how to add subcategories in google my business,,0,,Setup / Add / Create / Register,/guides/add-business-to-google-maps/,Guide,TOFU,4,High,P3,0
how to add swiggy link in google my business,,0,,Setup / Add / Create / Register,/guides/add-business-to-google-maps/,Guide,TOFU,4,High,P3,0
how to add symbols in google my business,,0,,Setup / Add / Create / Register,/guides/add-business-to-google-maps/,Guide,TOFU,4,High,P3,0
how to add the branch location on google my business,,0,,Setup / Add / Create / Register,/guides/add-business-to-google-maps/,Guide,TOFU,4,High,P3,0
how to add the whatsapp number in google my business,,0,,Setup / Add / Create / Register,/guides/add-business-to-google-maps/,Guide,TOFU,4,High,P3,0
how to add twitter profile in google my business,,0,,Setup / Add / Create / Register,/guides/add-business-to-google-maps/,Guide,TOFU,4,High,P3,0
how to add user to google my business page,,0,,Setup / Add / Create / Register,/guides/add-business-to-google-maps/,Guide,TOFU,4,High,P3,0
how to add users to my google business account,,0,,Setup / Add / Create / Register,/guides/google-business-profile-login/,Guide,TOFU,1,High,P3,0
how to add videos to google my business,,0,,Setup / Add / Create / Register,/guides/add-business-to-google-maps/,Guide,TOFU,4,High,P3,0
how to add webmster code in google my business website,,0,,Verification / Code / Postcard,/guides/google-business-profile-verification/,Guide,MOFU,5,High,P3,0
how to add website button in my business page google,,0,,Categories / Services / Description,/guides/add-business-to-google-maps/,Guide,TOFU,4,High,P3,0
how to add website name in google my business,,0,,Categories / Services / Description,/guides/add-business-to-google-maps/,Guide,TOFU,4,High,P3,0
how to add wikipedia page url in google my business,,0,,Setup / Add / Create / Register,/guides/add-business-to-google-maps/,Guide,TOFU,4,High,P3,0
how to add your shop in google my business,,0,,Setup / Add / Create / Register,/guides/add-business-to-google-maps/,Guide,TOFU,4,High,P3,0
how to add youtube to google my business,,0,,Setup / Add / Create / Register,/guides/add-business-to-google-maps/,Guide,TOFU,4,High,P3,0
how to add youtube videos to google my business,,0,,Setup / Add / Create / Register,/guides/add-business-to-google-maps/,Guide,TOFU,4,High,P3,0
how to ade customer photos to google my business,,0,,Photos / Logo / Cover / Videos,/guides/google-business-profile-photo-size/,Guide,TOFU,3,High,P3,0
how to adsense use in google my business,,0,,Core / Navigational Head Terms,/google-business-profile-management-tool/,Product Landing,BOFU,5,High,P3,0
how to advertise my business on google worldwide,,0,,Other / Long-tail,/guides/google-business-profile-faq/,FAQ,TOFU,1,High,P3,0
how to again verify my business on google,,0,,Verification / Code / Postcard,/guides/google-business-profile-verification/,Guide,MOFU,5,High,P3,0
how to aoptimize google my business listing for different locations,,0,,Core / Navigational Head Terms,/google-business-profile-management-tool/,Product Landing,BOFU,5,High,P3,0
how to apear my business upper in google serch,,0,,Other / Long-tail,/guides/google-business-profile-faq/,FAQ,TOFU,1,High,P3,0
how to appear my business in first google search map,,0,,Other / Long-tail,/guides/google-business-profile-faq/,FAQ,TOFU,1,High,P3,0
how to ask for google my business revies,,0,,Core / Navigational Head Terms,/google-business-profile-management-tool/,Product Landing,BOFU,5,High,P3,0
how to ask my google business automatically,,0,,Other / Long-tail,/guides/google-business-profile-faq/,FAQ,TOFU,1,High,P3,0
how to associate google my business to youtube brand account,,0,,Login / Account / App,/guides/google-business-profile-login/,Guide,TOFU,1,High,P3,0
how to attach google my business to your channel,,0,,Core / Navigational Head Terms,/google-business-profile-management-tool/,Product Landing,BOFU,5,High,P3,0
how to authenticate google my business api,,0,,API / Analytics / Insights,/features/google-business-profile-reporting/,Feature Landing,BOFU,4,High,P3,0
how to barcode google my business,,0,,Core / Navigational Head Terms,/google-business-profile-management-tool/,Product Landing,BOFU,5,High,P3,0
how to become google my business verifier,,0,,Core / Navigational Head Terms,/google-business-profile-management-tool/,Product Landing,BOFU,5,High,P3,0
how to benfit google business website my google pages,,0,,Categories / Services / Description,/guides/edit-google-business-profile/,Guide,TOFU,3,High,P3,0
how to block reviews on google my business,,0,,Reviews / Ratings / Reply,/features/google-review-management/,Feature Landing,BOFU,5,High,P3,0
how to block some one from google my business,,0,,Core / Navigational Head Terms,/google-business-profile-management-tool/,Product Landing,BOFU,5,High,P3,0
how to boost my business by google my bussiness,,0,,Other / Long-tail,/guides/google-business-profile-faq/,FAQ,TOFU,1,High,P3,0
how to boost rank in google my business ewithout login,,0,,Optimization / SEO / Ranking,/guides/google-business-profile-login/,Guide,TOFU,1,High,P3,0
how to boost rank in google my business without login,,0,,Optimization / SEO / Ranking,/guides/google-business-profile-login/,Guide,TOFU,1,High,P3,0
how to bulk verify on google my business,,0,,Verification / Code / Postcard,/guides/google-business-profile-verification/,Guide,MOFU,5,High,P3,0
how to cancel google my business account,,0,,Login / Account / App,/guides/google-business-profile-login/,Guide,TOFU,1,High,P3,0
how to chage location on google my business,,0,,Core / Navigational Head Terms,/google-business-profile-management-tool/,Product Landing,BOFU,5,High,P3,0
how to change address in google my business list,,0,,Categories / Services / Description,/guides/edit-google-business-profile/,Guide,TOFU,3,High,P3,0
how to change address inn google my business,,0,,Categories / Services / Description,/guides/edit-google-business-profile/,Guide,TOFU,3,High,P3,0
how to change admin rights to google my business,,0,,Core / Navigational Head Terms,/guides/edit-google-business-profile/,Guide,TOFU,3,High,P3,0
how to change background photo in google my business website,,0,,Photos / Logo / Cover / Videos,/guides/google-business-profile-photo-size/,Guide,TOFU,3,High,P3,0
how to change company address in google my business,,0,,Categories / Services / Description,/google-my-business-management-service/,Service Landing,BOFU,5,High,P3,0
how to change contact number for google my business,,0,,Support / Customer Care / Contact,/guides/google-business-profile-support/,Official Support Guide,TOFU,1,High,P3,0
how to change domain in google my business,,0,,Core / Navigational Head Terms,/guides/edit-google-business-profile/,Guide,TOFU,3,High,P3,0
how to change email adress in my google business,,0,,Other / Long-tail,/guides/edit-google-business-profile/,Guide,TOFU,3,High,P3,0
how to change email id on google my business,,0,,Core / Navigational Head Terms,/guides/edit-google-business-profile/,Guide,TOFU,3,High,P3,0
how to change google map location in my business page,,0,,Other / Long-tail,/guides/edit-google-business-profile/,Guide,TOFU,3,High,P3,0
how to change google map marker on google my business,,0,,Core / Navigational Head Terms,/guides/edit-google-business-profile/,Guide,TOFU,3,High,P3,0
how to change google my business cid numbers,,0,,Core / Navigational Head Terms,/guides/edit-google-business-profile/,Guide,TOFU,3,High,P3,0
how to change google my business pic in search,,0,,Core / Navigational Head Terms,/guides/edit-google-business-profile/,Guide,TOFU,3,High,P3,0
how to change google my business verify number,,0,,Verification / Code / Postcard,/guides/google-business-profile-verification/,Guide,MOFU,5,High,P3,0
how to change image highlightings in google my business,,0,,Photos / Logo / Cover / Videos,/guides/google-business-profile-photo-size/,Guide,TOFU,3,High,P3,0
how to change keywors in google my business,,0,,Core / Navigational Head Terms,/guides/edit-google-business-profile/,Guide,TOFU,3,High,P3,0
how to change location pointer in google my business,,0,,Core / Navigational Head Terms,/guides/edit-google-business-profile/,Guide,TOFU,3,High,P3,0
how to change map marker location on google my business,,0,,Core / Navigational Head Terms,/guides/edit-google-business-profile/,Guide,TOFU,3,High,P3,0
how to change my address and location in google business,,0,,Categories / Services / Description,/guides/edit-google-business-profile/,Guide,TOFU,3,High,P3,0
how to change my business information on google,,0,,Other / Long-tail,/guides/edit-google-business-profile/,Guide,TOFU,3,High,P3,0
how to change my business lable icon on google maps,,0,,Other / Long-tail,/guides/edit-google-business-profile/,Guide,TOFU,3,High,P3,0
how to change my business location on google maps mail,,0,,Other / Long-tail,/guides/edit-google-business-profile/,Guide,TOFU,3,High,P3,0
how to change my business name on google my business,,0,,Core / Navigational Head Terms,/guides/edit-google-business-profile/,Guide,TOFU,3,High,P3,0
how to change my site in business page google,,0,,Other / Long-tail,/guides/edit-google-business-profile/,Guide,TOFU,3,High,P3,0
how to change my website address in business page google,,0,,Categories / Services / Description,/guides/edit-google-business-profile/,Guide,TOFU,3,High,P3,0
how to change ownership of google my business account,,0,,Ownership / Access / Transfer,/guides/google-business-profile-login/,Guide,TOFU,1,High,P3,0
how to change permissions in google my business,,0,,Core / Navigational Head Terms,/guides/edit-google-business-profile/,Guide,TOFU,3,High,P3,0
how to change primary owner email in google my business,,0,,Ownership / Access / Transfer,/guides/edit-google-business-profile/,Guide,TOFU,3,High,P3,0
how to change profile picture of google my business,,0,,Core / Navigational Head Terms,/guides/edit-google-business-profile/,Guide,TOFU,3,High,P3,0
how to change radius of google my business,,0,,Core / Navigational Head Terms,/guides/edit-google-business-profile/,Guide,TOFU,3,High,P3,0
how to change service area in google my business,,0,,Categories / Services / Description,/guides/google-my-business-services/,Guide,TOFU,4,High,P3,0
how to change the google my business website url,,0,,Categories / Services / Description,/guides/edit-google-business-profile/,Guide,TOFU,3,High,P3,0
how to change the language in google my business,,0,,Core / Navigational Head Terms,/guides/edit-google-business-profile/,Guide,TOFU,3,High,P3,0
how to change the url of google my business site,,0,,Core / Navigational Head Terms,/guides/edit-google-business-profile/,Guide,TOFU,3,High,P3,0
how to change title in google my business page,,0,,Core / Navigational Head Terms,/guides/edit-google-business-profile/,Guide,TOFU,3,High,P3,0
how to change verfication mobile number in google my business,,0,,Core / Navigational Head Terms,/guides/edit-google-business-profile/,Guide,TOFU,3,High,P3,0
how to change verification mobile number in google my business,,0,,Verification / Code / Postcard,/guides/google-business-profile-verification/,Guide,MOFU,5,High,P3,0
how to change website name in google my business,,0,,Categories / Services / Description,/guides/edit-google-business-profile/,Guide,TOFU,3,High,P3,0
how to chat with google my business,,0,,Core / Navigational Head Terms,/google-business-profile-management-tool/,Product Landing,BOFU,5,High,P3,0
how to chat with google my business support,,0,,Support / Customer Care / Contact,/guides/google-business-profile-support/,Official Support Guide,TOFU,1,High,P3,0
how to check duplicate google my business,,0,,Suspension / Reinstatement / Delete,/google-business-profile-management-tool/,Product Landing,BOFU,5,High,P3,0
how to check duplicate google my business is verified,,0,,Suspension / Reinstatement / Delete,/guides/google-business-profile-verification/,Guide,MOFU,5,High,P3,0
how to check email id of the google my business,,0,,Core / Navigational Head Terms,/google-business-profile-management-tool/,Product Landing,BOFU,5,High,P3,0
how to check email of a google my business,,0,,Core / Navigational Head Terms,/google-business-profile-management-tool/,Product Landing,BOFU,5,High,P3,0
how to check google my business certification after passing assessment,,0,,Core / Navigational Head Terms,/google-business-profile-management-tool/,Product Landing,BOFU,5,High,P3,0
how to check google my business email account,,0,,Login / Account / App,/guides/google-business-profile-login/,Guide,TOFU,1,High,P3,0
how to check google my business email address,,0,,Categories / Services / Description,/guides/edit-google-business-profile/,Guide,TOFU,3,High,P3,0
how to check google my business information mistake,,0,,Core / Navigational Head Terms,/google-business-profile-management-tool/,Product Landing,BOFU,5,High,P3,0
how to check google my business insights,,0,,API / Analytics / Insights,/features/google-business-profile-reporting/,Feature Landing,BOFU,4,High,P3,0
how to check google my business page,,0,,Core / Navigational Head Terms,/google-business-profile-management-tool/,Product Landing,BOFU,5,High,P3,0
how to check my google business add view,,0,,Setup / Add / Create / Register,/guides/add-business-to-google-maps/,Guide,TOFU,4,High,P3,0
how to check my website google business listing,,0,,Categories / Services / Description,/guides/edit-google-business-profile/,Guide,TOFU,3,High,P3,0
how to check my website listed in google business,,0,,Categories / Services / Description,/guides/edit-google-business-profile/,Guide,TOFU,3,High,P3,0
how to check the performance of google my business,,0,,API / Analytics / Insights,/features/google-business-profile-reporting/,Feature Landing,BOFU,4,High,P3,0
how to check visitors to my google business page,,0,,Other / Long-tail,/guides/google-business-profile-faq/,FAQ,TOFU,1,High,P3,0
how to check website have google my business account,,0,,Categories / Services / Description,/guides/google-business-profile-login/,Guide,TOFU,1,High,P3,0
how to check whether my business is listed in google,,0,,Other / Long-tail,/guides/google-business-profile-faq/,FAQ,TOFU,1,High,P3,0
how to claim a duplicate google my business,,0,,Suspension / Reinstatement / Delete,/guides/google-business-profile-ownership-transfer/,Guide,TOFU,4,High,P3,0
how to claim google my business account access,,0,,Setup / Add / Create / Register,/guides/google-business-profile-login/,Guide,TOFU,1,High,P3,0
how to claim google my business by other email,,0,,Setup / Add / Create / Register,/guides/google-business-profile-ownership-transfer/,Guide,TOFU,4,High,P3,0
how to claim my previous business on google,,0,,Setup / Add / Create / Register,/guides/google-business-profile-ownership-transfer/,Guide,TOFU,4,High,P3,0
how to claim or refresh my business on google,,0,,Setup / Add / Create / Register,/guides/google-business-profile-ownership-transfer/,Guide,TOFU,4,High,P3,0
how to claim your business on google my business,,0,,Setup / Add / Create / Register,/guides/google-business-profile-ownership-transfer/,Guide,TOFU,4,High,P3,0
how to claim your google my business listing,,0,,Setup / Add / Create / Register,/guides/google-business-profile-ownership-transfer/,Guide,TOFU,4,High,P3,0
how to claimb google my business,,0,,Core / Navigational Head Terms,/google-business-profile-management-tool/,Product Landing,BOFU,5,High,P3,0
how to clame google my business,,0,,Core / Navigational Head Terms,/google-business-profile-management-tool/,Product Landing,BOFU,5,High,P3,0
how to clear google my business assessment,,0,,Core / Navigational Head Terms,/google-business-profile-management-tool/,Product Landing,BOFU,5,High,P3,0
how to clear review google update on google my business,,0,,Reviews / Ratings / Reply,/features/google-review-management/,Feature Landing,BOFU,5,High,P3,0
how to clear review update on google my business,,0,,Reviews / Ratings / Reply,/features/google-review-management/,Feature Landing,BOFU,5,High,P3,0
how to clime google my business,,0,,Core / Navigational Head Terms,/google-business-profile-management-tool/,Product Landing,BOFU,5,High,P3,0
how to close business in google my business,,0,,Core / Navigational Head Terms,/google-business-profile-management-tool/,Product Landing,BOFU,5,High,P3,0
how to close google my business listing in bulk,,0,,Core / Navigational Head Terms,/google-business-profile-management-tool/,Product Landing,BOFU,5,High,P3,0
how to close google my business page,,0,,Core / Navigational Head Terms,/google-business-profile-management-tool/,Product Landing,BOFU,5,High,P3,0
how to close public photos in google my business,,0,,Photos / Logo / Cover / Videos,/guides/google-business-profile-photo-size/,Guide,TOFU,3,High,P3,0
how to come first place in google my business,,0,,Core / Navigational Head Terms,/google-business-profile-management-tool/,Product Landing,BOFU,5,High,P3,0
how to come my business 1st in google search,,0,,Other / Long-tail,/guides/google-business-profile-faq/,FAQ,TOFU,1,High,P3,0
how to complete google my business assessment,,0,,Core / Navigational Head Terms,/google-business-profile-management-tool/,Product Landing,BOFU,5,High,P3,0
how to completely delete my google business listing,,0,,Suspension / Reinstatement / Delete,/guides/google-business-profile-faq/,FAQ,TOFU,1,High,P3,0
how to configure google maps for my business,,0,,Other / Long-tail,/guides/google-business-profile-faq/,FAQ,TOFU,1,High,P3,0
how to connect google analytics and google my business,,0,,API / Analytics / Insights,/features/google-business-profile-reporting/,Feature Landing,BOFU,4,High,P3,0
how to connect google pay to my business,,0,,Other / Long-tail,/guides/google-business-profile-faq/,FAQ,TOFU,1,High,P3,0
how to connect linkedin profile to google my business,,0,,Core / Navigational Head Terms,/google-business-profile-management-tool/,Product Landing,BOFU,5,High,P3,0
how to connect my social page to google business,,0,,Other / Long-tail,/guides/google-business-profile-faq/,FAQ,TOFU,1,High,P3,0
how to connect my socila page to google business,,0,,Other / Long-tail,/guides/google-business-profile-faq/,FAQ,TOFU,1,High,P3,0
how to connect two google my business pages,,0,,Core / Navigational Head Terms,/google-business-profile-management-tool/,Product Landing,BOFU,5,High,P3,0
how to contact google about my business listing,,0,,Support / Customer Care / Contact,/guides/google-business-profile-support/,Official Support Guide,TOFU,1,High,P3,0
how to contact google my business support team india,,0,,Support / Customer Care / Contact,/guides/google-business-profile-support/,Official Support Guide,TOFU,1,High,P3,0
how to contact newzeland contact google my business,,0,,Support / Customer Care / Contact,/guides/google-business-profile-support/,Official Support Guide,TOFU,1,High,P3,0
how to convert image in hyperlink for google my business,,0,,Photos / Logo / Cover / Videos,/guides/google-business-profile-photo-size/,Guide,TOFU,3,High,P3,0
how to copy google my business page link,,0,,Core / Navigational Head Terms,/google-business-profile-management-tool/,Product Landing,BOFU,5,High,P3,0
how to copy google my business page link on pc,,0,,Core / Navigational Head Terms,/google-business-profile-management-tool/,Product Landing,BOFU,5,High,P3,0
how to copy google my business url review,,0,,Reviews / Ratings / Reply,/features/google-review-management/,Feature Landing,BOFU,5,High,P3,0
how to correct my business location in google map,,0,,Other / Long-tail,/guides/google-business-profile-faq/,FAQ,TOFU,1,High,P3,0
how to correct my business spelling mistake in google maps,,0,,Other / Long-tail,/guides/google-business-profile-faq/,FAQ,TOFU,1,High,P3,0
how to count keyword in google my business,,0,,Core / Navigational Head Terms,/google-business-profile-management-tool/,Product Landing,BOFU,5,High,P3,0
how to crawl google my business page,,0,,Core / Navigational Head Terms,/google-business-profile-management-tool/,Product Landing,BOFU,5,High,P3,0
how to crawl google my business property,,0,,Core / Navigational Head Terms,/google-business-profile-management-tool/,Product Landing,BOFU,5,High,P3,0
how to creae google my business,,0,,Core / Navigational Head Terms,/google-business-profile-management-tool/,Product Landing,BOFU,5,High,P3,0
how to create a label in google my business,,0,,Setup / Add / Create / Register,/guides/add-business-to-google-maps/,Guide,TOFU,4,High,P3,0
how to create a suite for google my business,,0,,Setup / Add / Create / Register,/guides/add-business-to-google-maps/,Guide,TOFU,4,High,P3,0
how to create a website in google my business,,0,,Categories / Services / Description,/guides/add-business-to-google-maps/,Guide,TOFU,4,High,P3,0
how to create account in google my business,,0,,Setup / Add / Create / Register,/guides/google-business-profile-login/,Guide,TOFU,1,High,P3,0
how to create adsense account in google my business,,0,,Setup / Add / Create / Register,/guides/google-business-profile-login/,Guide,TOFU,1,High,P3,0
how to create album in my business google,,0,,Setup / Add / Create / Register,/guides/add-business-to-google-maps/,Guide,TOFU,4,High,P3,0
how to create an adsense in google my business,,0,,Setup / Add / Create / Register,/guides/add-business-to-google-maps/,Guide,TOFU,4,High,P3,0
how to create card view in google my business,,0,,Setup / Add / Create / Register,/guides/add-business-to-google-maps/,Guide,TOFU,4,High,P3,0
how to create free website with google my business,,0,,Categories / Services / Description,/guides/add-business-to-google-maps/,Guide,TOFU,4,High,P3,0
how to create google listing and maps for my business,,0,,Setup / Add / Create / Register,/guides/add-business-to-google-maps/,Guide,TOFU,4,High,P3,0
how to create google my business account google official video,,0,,Photos / Logo / Cover / Videos,/guides/google-business-profile-login/,Guide,TOFU,1,High,P3,0
how to create google my business account in others devise,,0,,Setup / Add / Create / Register,/guides/google-business-profile-login/,Guide,TOFU,1,High,P3,0
how to create google my business camapagin url,,0,,Setup / Add / Create / Register,/guides/add-business-to-google-maps/,Guide,TOFU,4,High,P3,0
how to create google my business neil patel,,0,,Setup / Add / Create / Register,/guides/add-business-to-google-maps/,Guide,TOFU,4,High,P3,0
how to create google my business page in canada,,0,,Setup / Add / Create / Register,/guides/add-business-to-google-maps/,Guide,TOFU,4,High,P3,0
how to create google my business page without varification,,0,,Setup / Add / Create / Register,/guides/add-business-to-google-maps/,Guide,TOFU,4,High,P3,0
how to create google my business post,,0,,Google Posts / Offers / Updates,/guides/add-business-to-google-maps/,Guide,TOFU,4,High,P3,0
how to create google my business with business email id,,0,,Setup / Add / Create / Register,/guides/add-business-to-google-maps/,Guide,TOFU,4,High,P3,0
how to create google notification for my business,,0,,Setup / Add / Create / Register,/guides/add-business-to-google-maps/,Guide,TOFU,4,High,P3,0
how to create google plus page for my business,,0,,Setup / Add / Create / Register,/guides/add-business-to-google-maps/,Guide,TOFU,4,High,P3,0
how to create link to my google business,,0,,Setup / Add / Create / Register,/guides/add-business-to-google-maps/,Guide,TOFU,4,High,P3,0
how to create my business account in google,,0,,Setup / Add / Create / Register,/guides/google-business-profile-login/,Guide,TOFU,1,High,P3,0
how to create my business accounts in google for students,,0,,Setup / Add / Create / Register,/guides/add-business-to-google-maps/,Guide,TOFU,4,High,P3,0
how to create my business alert in google,,0,,Setup / Add / Create / Register,/guides/add-business-to-google-maps/,Guide,TOFU,4,High,P3,0
how to create my business nearby notifications google,,0,,Setup / Add / Create / Register,/guides/add-business-to-google-maps/,Guide,TOFU,4,High,P3,0
how to create my business visitor alert in google,,0,,Setup / Add / Create / Register,/guides/add-business-to-google-maps/,Guide,TOFU,4,High,P3,0
how to create page in google my business website,,0,,Categories / Services / Description,/guides/add-business-to-google-maps/,Guide,TOFU,4,High,P3,0
how to create qr code for google my business page,,0,,Verification / Code / Postcard,/guides/google-business-profile-verification/,Guide,MOFU,5,High,P3,0
how to create the event in google my business page,,0,,Google Posts / Offers / Updates,/guides/add-business-to-google-maps/,Guide,TOFU,4,High,P3,0
how to customize google my business website,,0,,Categories / Services / Description,/guides/edit-google-business-profile/,Guide,TOFU,3,High,P3,0
how to customize the look of google my business listing,,0,,Core / Navigational Head Terms,/google-business-profile-management-tool/,Product Landing,BOFU,5,High,P3,0
how to delet google my business page,,0,,Core / Navigational Head Terms,/google-business-profile-management-tool/,Product Landing,BOFU,5,High,P3,0
how to delete a location from google my business,,0,,Suspension / Reinstatement / Delete,/google-business-profile-management-tool/,Product Landing,BOFU,5,High,P3,0
how to delete account from google my business,,0,,Suspension / Reinstatement / Delete,/guides/google-business-profile-login/,Guide,TOFU,1,High,P3,0
how to delete business in google my business in mobile,,0,,Suspension / Reinstatement / Delete,/google-business-profile-management-tool/,Product Landing,BOFU,5,High,P3,0
how to delete business in google my business in moble,,0,,Suspension / Reinstatement / Delete,/google-business-profile-management-tool/,Product Landing,BOFU,5,High,P3,0
how to delete comments on google my business page,,0,,Suspension / Reinstatement / Delete,/google-business-profile-management-tool/,Product Landing,BOFU,5,High,P3,0
how to delete customer photos in google my business,,0,,Suspension / Reinstatement / Delete,/guides/google-business-profile-photo-size/,Guide,TOFU,3,High,P3,0
how to delete google my business account 2019,,0,,Suspension / Reinstatement / Delete,/guides/google-business-profile-login/,Guide,TOFU,1,High,P3,0
how to delete google my business account from google,,0,,Suspension / Reinstatement / Delete,/guides/google-business-profile-login/,Guide,TOFU,1,High,P3,0
how to delete google my business assemeny,,0,,Suspension / Reinstatement / Delete,/google-business-profile-management-tool/,Product Landing,BOFU,5,High,P3,0
how to delete google my business images,,0,,Suspension / Reinstatement / Delete,/guides/google-business-profile-photo-size/,Guide,TOFU,3,High,P3,0
how to delete google my business images others added,,0,,Suspension / Reinstatement / Delete,/guides/google-business-profile-photo-size/,Guide,TOFU,3,High,P3,0
how to delete google my business listing on google,,0,,Suspension / Reinstatement / Delete,/google-business-profile-management-tool/,Product Landing,BOFU,5,High,P3,0
how to delete google my business listing on google map,,0,,Suspension / Reinstatement / Delete,/google-business-profile-management-tool/,Product Landing,BOFU,5,High,P3,0
how to delete google my business location maps,,0,,Suspension / Reinstatement / Delete,/google-business-profile-management-tool/,Product Landing,BOFU,5,High,P3,0
how to delete google my business locations,,0,,Suspension / Reinstatement / Delete,/google-business-profile-management-tool/,Product Landing,BOFU,5,High,P3,0
how to delete google my business website,,0,,Suspension / Reinstatement / Delete,/guides/edit-google-business-profile/,Guide,TOFU,3,High,P3,0
how to delete in my business google maps,,0,,Suspension / Reinstatement / Delete,/guides/google-business-profile-faq/,FAQ,TOFU,1,High,P3,0
how to delete listing from google my business,,0,,Suspension / Reinstatement / Delete,/google-business-profile-management-tool/,Product Landing,BOFU,5,High,P3,0
how to delete location from google my business,,0,,Suspension / Reinstatement / Delete,/google-business-profile-management-tool/,Product Landing,BOFU,5,High,P3,0
how to delete location in google my business,,0,,Suspension / Reinstatement / Delete,/google-business-profile-management-tool/,Product Landing,BOFU,5,High,P3,0
how to delete location in google my business page,,0,,Suspension / Reinstatement / Delete,/google-business-profile-management-tool/,Product Landing,BOFU,5,High,P3,0
how to delete multiple pages in google my business dasboard,,0,,Suspension / Reinstatement / Delete,/google-business-profile-management-tool/,Product Landing,BOFU,5,High,P3,0
how to delete multiple pages in google my business dashboard,,0,,Suspension / Reinstatement / Delete,/google-business-profile-management-tool/,Product Landing,BOFU,5,High,P3,0
how to delete multiple phptod from google my business,,0,,Suspension / Reinstatement / Delete,/google-business-profile-management-tool/,Product Landing,BOFU,5,High,P3,0
how to delete my business from google my business,,0,,Suspension / Reinstatement / Delete,/google-business-profile-management-tool/,Product Landing,BOFU,5,High,P3,0
how to delete my business if not verified from google,,0,,Suspension / Reinstatement / Delete,/guides/google-business-profile-verification/,Guide,MOFU,5,High,P3,0
how to delete my company on google my business,,0,,Suspension / Reinstatement / Delete,/google-my-business-management-service/,Service Landing,BOFU,5,High,P3,0
how to delete old phone number from google my business,,0,,Suspension / Reinstatement / Delete,/guides/edit-google-business-profile/,Guide,TOFU,3,High,P3,0
how to delete photo post in google my business,,0,,Suspension / Reinstatement / Delete,/guides/google-business-profile-posts-examples/,Guide,TOFU,4,High,P3,0
how to delete photos from google maps and my business,,0,,Suspension / Reinstatement / Delete,/guides/google-business-profile-photo-size/,Guide,TOFU,3,High,P3,0
how to delete post in google my business,,0,,Suspension / Reinstatement / Delete,/features/google-posts-scheduler/,Feature Landing,BOFU,5,High,P3,0
how to delete posts from google my business,,0,,Suspension / Reinstatement / Delete,/features/google-posts-scheduler/,Feature Landing,BOFU,5,High,P3,0
how to delete review google my business,,0,,Suspension / Reinstatement / Delete,/guides/remove-bad-google-reviews/,Troubleshooting Guide,MOFU,5,High,P3,0
how to delete review on zoxima on google my business,,0,,Suspension / Reinstatement / Delete,/guides/remove-bad-google-reviews/,Troubleshooting Guide,MOFU,5,High,P3,0
how to delete reviews on google my business page,,0,,Suspension / Reinstatement / Delete,/guides/remove-bad-google-reviews/,Troubleshooting Guide,MOFU,5,High,P3,0
how to delete the cover photo of google my business,,0,,Suspension / Reinstatement / Delete,/guides/google-business-profile-photo-size/,Guide,TOFU,3,High,P3,0
how to delete uploaded photos on google my business page,,0,,Suspension / Reinstatement / Delete,/guides/google-business-profile-photo-size/,Guide,TOFU,3,High,P3,0
how to delete your business in google my business,,0,,Suspension / Reinstatement / Delete,/google-business-profile-management-tool/,Product Landing,BOFU,5,High,P3,0
how to deregister my google my business,,0,,Core / Navigational Head Terms,/google-business-profile-management-tool/,Product Landing,BOFU,5,High,P3,0
how to disable customer reviews on google my business,,0,,Reviews / Ratings / Reply,/features/google-review-management/,Feature Landing,BOFU,5,High,P3,0
how to disable public photo upload in google my business,,0,,Photos / Logo / Cover / Videos,/guides/google-business-profile-photo-size/,Guide,TOFU,3,High,P3,0
how to disable working hours in my business google,,0,,Categories / Services / Description,/guides/google-business-profile-hours/,Guide,TOFU,3,High,P3,0
how to disabled my business from google maps,,0,,Suspension / Reinstatement / Delete,/guides/google-business-profile-suspended/,Troubleshooting Guide,MOFU,5,High,P3,0
how to disabled my business only from google maps,,0,,Suspension / Reinstatement / Delete,/guides/google-business-profile-suspended/,Troubleshooting Guide,MOFU,5,High,P3,0
how to disabled photo my business only from google maps,,0,,Suspension / Reinstatement / Delete,/guides/google-business-profile-suspended/,Troubleshooting Guide,MOFU,5,High,P3,0
how to discard google my business,,0,,Core / Navigational Head Terms,/google-business-profile-management-tool/,Product Landing,BOFU,5,High,P3,0
how to display google my business rating in my site,,0,,Reviews / Ratings / Reply,/features/google-review-management/,Feature Landing,BOFU,5,High,P3,0
how to display in google my business,,0,,Core / Navigational Head Terms,/google-business-profile-management-tool/,Product Landing,BOFU,5,High,P3,0
how to display my business on google maps,,0,,Other / Long-tail,/guides/google-business-profile-faq/,FAQ,TOFU,1,High,P3,0
how to do bulk verification for google my business page,,0,,Verification / Code / Postcard,/guides/google-business-profile-verification/,Guide,MOFU,5,High,P3,0
how to do coding for google my business site,,0,,Core / Navigational Head Terms,/google-business-profile-management-tool/,Product Landing,BOFU,5,High,P3,0
how to do google my business by website learners,,0,,Categories / Services / Description,/guides/edit-google-business-profile/,Guide,TOFU,3,High,P3,0
how to do google my business page more attractive,,0,,Core / Navigational Head Terms,/google-business-profile-management-tool/,Product Landing,BOFU,5,High,P3,0
how to do google my business vide,,0,,Core / Navigational Head Terms,/google-business-profile-management-tool/,Product Landing,BOFU,5,High,P3,0
how to do marketing in google my business,,0,,Core / Navigational Head Terms,/google-business-profile-management-tool/,Product Landing,BOFU,5,High,P3,0
how to do seo of google my business home,,0,,Optimization / SEO / Ranking,/guides/google-business-profile-optimization-checklist/,Pillar Guide,MOFU,5,High,P3,0
how to donload google my business images,,0,,Photos / Logo / Cover / Videos,/guides/google-business-profile-photo-size/,Guide,TOFU,3,High,P3,0
how to download 360 video from out google my business,,0,,Photos / Logo / Cover / Videos,/guides/google-business-profile-login/,Guide,TOFU,1,High,P3,0
how to download google images from my business page,,0,,Photos / Logo / Cover / Videos,/guides/google-business-profile-login/,Guide,TOFU,1,High,P3,0
how to download google my business certificate,,0,,API / Analytics / Insights,/guides/google-business-profile-login/,Guide,TOFU,1,High,P3,0
how to download google my business images,,0,,Photos / Logo / Cover / Videos,/guides/google-business-profile-login/,Guide,TOFU,1,High,P3,0
how to download google my business insights,,0,,API / Analytics / Insights,/guides/google-business-profile-login/,Guide,TOFU,1,High,P3,0
how to download google my business insights report,,0,,API / Analytics / Insights,/guides/google-business-profile-login/,Guide,TOFU,1,High,P3,0
how to download insights in google my business,,0,,API / Analytics / Insights,/guides/google-business-profile-login/,Guide,TOFU,1,High,P3,0
how to download photos from google my business,,0,,Photos / Logo / Cover / Videos,/guides/google-business-profile-login/,Guide,TOFU,1,High,P3,0
how to download photos uploaded by customers google my business,,0,,Photos / Logo / Cover / Videos,/guides/google-business-profile-login/,Guide,TOFU,1,High,P3,0
how to download post insight for google my business,,0,,Google Posts / Offers / Updates,/guides/google-business-profile-login/,Guide,TOFU,1,High,P3,0
how to download post report for google my business,,0,,Google Posts / Offers / Updates,/guides/google-business-profile-login/,Guide,TOFU,1,High,P3,0
how to download report from google my business,,0,,API / Analytics / Insights,/guides/google-business-profile-login/,Guide,TOFU,1,High,P3,0
how to download reviews from google my business,,0,,Reviews / Ratings / Reply,/guides/google-business-profile-login/,Guide,TOFU,1,High,P3,0
how to download the google my business reports,,0,,API / Analytics / Insights,/guides/google-business-profile-login/,Guide,TOFU,1,High,P3,0
how to download the user reviews from google my business,,0,,Reviews / Ratings / Reply,/guides/google-business-profile-login/,Guide,TOFU,1,High,P3,0
how to earn money from google my business hindi,,0,,Core / Navigational Head Terms,/google-business-profile-management-tool/,Product Landing,BOFU,5,High,P3,0
how to edit description on google my business,,0,,Categories / Services / Description,/guides/google-business-profile-description-examples/,Guide,TOFU,4,High,P3,0
how to edit google my business address,,0,,Categories / Services / Description,/guides/edit-google-business-profile/,Guide,TOFU,3,High,P3,0
how to edit google my business address public,,0,,Categories / Services / Description,/guides/edit-google-business-profile/,Guide,TOFU,3,High,P3,0
how to edit google my business information,,0,,Core / Navigational Head Terms,/guides/edit-google-business-profile/,Guide,TOFU,3,High,P3,0
how to edit google my business web page,,0,,Core / Navigational Head Terms,/guides/edit-google-business-profile/,Guide,TOFU,3,High,P3,0
how to edit google my business website using html editor,,0,,Categories / Services / Description,/guides/edit-google-business-profile/,Guide,TOFU,3,High,P3,0
how to edit html of my google business page,,0,,Other / Long-tail,/guides/edit-google-business-profile/,Guide,TOFU,3,High,P3,0
how to edit locked features in google my business,,0,,Core / Navigational Head Terms,/guides/edit-google-business-profile/,Guide,TOFU,3,High,P3,0
how to edit map in google my business website,,0,,Categories / Services / Description,/guides/edit-google-business-profile/,Guide,TOFU,3,High,P3,0
how to edit my add in google business,,0,,Setup / Add / Create / Register,/guides/add-business-to-google-maps/,Guide,TOFU,4,High,P3,0
how to edit my business google plus url,,0,,Other / Long-tail,/guides/edit-google-business-profile/,Guide,TOFU,3,High,P3,0
how to edit my business location page on google maps,,0,,Other / Long-tail,/guides/edit-google-business-profile/,Guide,TOFU,3,High,P3,0
how to edit my google business address,,0,,Categories / Services / Description,/guides/edit-google-business-profile/,Guide,TOFU,3,High,P3,0
how to edit my google business listing address,,0,,Categories / Services / Description,/guides/edit-google-business-profile/,Guide,TOFU,3,High,P3,0
how to edit my google business page on maps,,0,,Other / Long-tail,/guides/edit-google-business-profile/,Guide,TOFU,3,High,P3,0
how to edit my google business site,,0,,Other / Long-tail,/guides/edit-google-business-profile/,Guide,TOFU,3,High,P3,0
how to edit my google local business,,0,,Other / Long-tail,/guides/edit-google-business-profile/,Guide,TOFU,3,High,P3,0
how to edit my map in google my business,,0,,Core / Navigational Head Terms,/guides/edit-google-business-profile/,Guide,TOFU,3,High,P3,0
how to edit pics in google my business page,,0,,Core / Navigational Head Terms,/guides/edit-google-business-profile/,Guide,TOFU,3,High,P3,0
how to edit successfully on google my business,,0,,Core / Navigational Head Terms,/guides/edit-google-business-profile/,Guide,TOFU,3,High,P3,0
how to edit the keywordsin google my business,,0,,Core / Navigational Head Terms,/guides/edit-google-business-profile/,Guide,TOFU,3,High,P3,0
how to edit website in google my business,,0,,Categories / Services / Description,/guides/edit-google-business-profile/,Guide,TOFU,3,High,P3,0
how to effectively optimise google my business,,0,,Optimization / SEO / Ranking,/guides/google-business-profile-optimization-checklist/,Pillar Guide,MOFU,5,High,P3,0
how to embed google maps of my business,,0,,Other / Long-tail,/guides/google-business-profile-faq/,FAQ,TOFU,1,High,P3,0
how to embed google my business posts,,0,,Google Posts / Offers / Updates,/features/google-posts-scheduler/,Feature Landing,BOFU,5,High,P3,0
how to embed google my business reviews on html page,,0,,Reviews / Ratings / Reply,/features/google-review-management/,Feature Landing,BOFU,5,High,P3,0
how to embed google my business reviews on wix website,,0,,Reviews / Ratings / Reply,/features/google-review-management/,Feature Landing,BOFU,5,High,P3,0
how to embed youtube video in google my business,,0,,Photos / Logo / Cover / Videos,/guides/google-business-profile-photo-size/,Guide,TOFU,3,High,P3,0
how to enlist my business on google,,0,,Other / Long-tail,/guides/google-business-profile-faq/,FAQ,TOFU,1,High,P3,0
how to enter correct location in google my business,,0,,Core / Navigational Head Terms,/google-business-profile-management-tool/,Product Landing,BOFU,5,High,P3,0
how to enter multiple website url's in google my business,,0,,Categories / Services / Description,/guides/edit-google-business-profile/,Guide,TOFU,3,High,P3,0
how to enter my business in google maps,,0,,Other / Long-tail,/guides/google-business-profile-faq/,FAQ,TOFU,1,High,P3,0
how to export google my business insights,,0,,API / Analytics / Insights,/features/google-business-profile-reporting/,Feature Landing,BOFU,4,High,P3,0
how to facebook twitter page to my google business,,0,,Other / Long-tail,/guides/google-business-profile-faq/,FAQ,TOFU,1,High,P3,0
how to famous my business on google,,0,,Other / Long-tail,/guides/google-business-profile-faq/,FAQ,TOFU,1,High,P3,0
how to find a google my business page,,0,,Core / Navigational Head Terms,/google-business-profile-management-tool/,Product Landing,BOFU,5,High,P3,0
how to find customer finding my business in google map,,0,,Other / Long-tail,/guides/google-business-profile-faq/,FAQ,TOFU,1,High,P3,0
how to find google my business merchant id,,0,,Core / Navigational Head Terms,/google-business-profile-management-tool/,Product Landing,BOFU,5,High,P3,0
how to find google my business ownership,,0,,Ownership / Access / Transfer,/guides/google-business-profile-ownership-transfer/,Guide,TOFU,4,High,P3,0
how to find google my business page,,0,,Core / Navigational Head Terms,/google-business-profile-management-tool/,Product Landing,BOFU,5,High,P3,0
how to find google my business page creation mail id,,0,,Core / Navigational Head Terms,/google-business-profile-management-tool/,Product Landing,BOFU,5,High,P3,0
how to find google my business website url,,0,,Categories / Services / Description,/guides/edit-google-business-profile/,Guide,TOFU,3,High,P3,0
how to find my business on google maps,,0,,Other / Long-tail,/guides/google-business-profile-faq/,FAQ,TOFU,1,High,P3,0
how to find my google business page,,0,,Other / Long-tail,/guides/google-business-profile-faq/,FAQ,TOFU,1,High,P3,0
how to find my google business page url,,0,,Other / Long-tail,/guides/google-business-profile-faq/,FAQ,TOFU,1,High,P3,0
how to find my listed business on google for update,,0,,Google Posts / Offers / Updates,/features/google-posts-scheduler/,Feature Landing,BOFU,5,High,P3,0
how to find out google my business location,,0,,Core / Navigational Head Terms,/google-business-profile-management-tool/,Product Landing,BOFU,5,High,P3,0
how to find view detail in google my business page,,0,,Core / Navigational Head Terms,/google-business-profile-management-tool/,Product Landing,BOFU,5,High,P3,0
how to find view detail in google my business post,,0,,Google Posts / Offers / Updates,/features/google-posts-scheduler/,Feature Landing,BOFU,5,High,P3,0
how to find who listing on google my business,,0,,Core / Navigational Head Terms,/google-business-profile-management-tool/,Product Landing,BOFU,5,High,P3,0
how to find your website has my google business page,,0,,Categories / Services / Description,/guides/edit-google-business-profile/,Guide,TOFU,3,High,P3,0
how to fix my business address on google maps,,0,,Categories / Services / Description,/guides/edit-google-business-profile/,Guide,TOFU,3,High,P3,0
how to flash my business on google,,0,,Other / Long-tail,/guides/google-business-profile-faq/,FAQ,TOFU,1,High,P3,0
how to gain access to google my business,,0,,Ownership / Access / Transfer,/guides/google-business-profile-ownership-transfer/,Guide,TOFU,4,High,P3,0
how to get a instant google my business listing approval,,0,,Core / Navigational Head Terms,/google-business-profile-management-tool/,Product Landing,BOFU,5,High,P3,0
how to get a storecode in google my business,,0,,Core / Navigational Head Terms,/google-business-profile-management-tool/,Product Landing,BOFU,5,High,P3,0
how to get a tick mark on google my business,,0,,Core / Navigational Head Terms,/google-business-profile-management-tool/,Product Landing,BOFU,5,High,P3,0
how to get access anyothers google my business,,0,,Ownership / Access / Transfer,/guides/google-business-profile-ownership-transfer/,Guide,TOFU,4,High,P3,0
how to get access of clients google my business account,,0,,Ownership / Access / Transfer,/guides/google-business-profile-login/,Guide,TOFU,1,High,P3,0
how to get access on google my business,,0,,Ownership / Access / Transfer,/guides/google-business-profile-ownership-transfer/,Guide,TOFU,4,High,P3,0
how to get access to google my business api,,0,,Ownership / Access / Transfer,/guides/google-business-profile-ownership-transfer/,Guide,TOFU,4,High,P3,0
how to get business news for my city using google,,0,,Other / Long-tail,/guides/google-business-profile-faq/,FAQ,TOFU,1,High,P3,0
how to get credential certification url in google my business,,0,,Core / Navigational Head Terms,/google-business-profile-management-tool/,Product Landing,BOFU,5,High,P3,0
how to get customer from google my business,,0,,Core / Navigational Head Terms,/google-business-profile-management-tool/,Product Landing,BOFU,5,High,P3,0
how to get customers from google my business,,0,,Core / Navigational Head Terms,/google-business-profile-management-tool/,Product Landing,BOFU,5,High,P3,0
how to get customers in google my business,,0,,Core / Navigational Head Terms,/google-business-profile-management-tool/,Product Landing,BOFU,5,High,P3,0
how to get customers with google my business app,,0,,Login / Account / App,/guides/google-business-profile-login/,Guide,TOFU,1,High,P3,0
how to get embed code from google my business,,0,,Verification / Code / Postcard,/guides/google-business-profile-verification/,Guide,MOFU,5,High,P3,0
how to get embeded code form google my business,,0,,Verification / Code / Postcard,/guides/google-business-profile-verification/,Guide,MOFU,5,High,P3,0
how to get first ranking in google my business,,0,,Optimization / SEO / Ranking,/guides/google-business-profile-optimization-checklist/,Pillar Guide,MOFU,5,High,P3,0
how to get followers on google my business,,0,,Core / Navigational Head Terms,/google-business-profile-management-tool/,Product Landing,BOFU,5,High,P3,0
how to get google 360 view on my business page,,0,,Other / Long-tail,/guides/google-business-profile-faq/,FAQ,TOFU,1,High,P3,0
how to get google ad for my business,,0,,Other / Long-tail,/guides/google-business-profile-faq/,FAQ,TOFU,1,High,P3,0
how to get google my business api,,0,,API / Analytics / Insights,/features/google-business-profile-reporting/,Feature Landing,BOFU,4,High,P3,0
how to get google my business custom url,,0,,Core / Navigational Head Terms,/google-business-profile-management-tool/,Product Landing,BOFU,5,High,P3,0
how to get google my business id,,0,,Core / Navigational Head Terms,/google-business-profile-management-tool/,Product Landing,BOFU,5,High,P3,0
how to get google my business page verified,,0,,Verification / Code / Postcard,/guides/google-business-profile-verification/,Guide,MOFU,5,High,P3,0
how to get google my business reviews on website,,0,,Reviews / Ratings / Reply,/features/google-review-management/,Feature Landing,BOFU,5,High,P3,0
how to get google my business verified by mobile number,,0,,Verification / Code / Postcard,/guides/google-business-profile-verification/,Guide,MOFU,5,High,P3,0
how to get keywords verified with google my business,,0,,Verification / Code / Postcard,/guides/google-business-profile-verification/,Guide,MOFU,5,High,P3,0
how to get link of google my business account,,0,,Login / Account / App,/guides/google-business-profile-login/,Guide,TOFU,1,High,P3,0
how to get my business first on google maps,,0,,Other / Long-tail,/guides/google-business-profile-faq/,FAQ,TOFU,1,High,P3,0
how to get my business higher on google,,0,,Optimization / SEO / Ranking,/guides/google-business-profile-optimization-checklist/,Pillar Guide,MOFU,5,High,P3,0
how to get my business icon on google maps,,0,,Other / Long-tail,/guides/google-business-profile-faq/,FAQ,TOFU,1,High,P3,0
how to get my business into google maps,,0,,Other / Long-tail,/guides/google-business-profile-faq/,FAQ,TOFU,1,High,P3,0
how to get my business listing up in google search,,0,,Other / Long-tail,/guides/google-business-profile-faq/,FAQ,TOFU,1,High,P3,0
how to get my business on google blog,,0,,Other / Long-tail,/guides/google-business-profile-faq/,FAQ,TOFU,1,High,P3,0
how to get my business on google front page,,0,,Other / Long-tail,/guides/google-business-profile-faq/,FAQ,TOFU,1,High,P3,0
how to get my business on google map results,,0,,Other / Long-tail,/guides/google-business-profile-faq/,FAQ,TOFU,1,High,P3,0
how to get my business on google maps free,,0,,Free / Cost / Pricing,/guides/is-google-my-business-free/,Guide,TOFU,3,High,P3,0
how to get my business on google search engine,,0,,Other / Long-tail,/guides/google-business-profile-faq/,FAQ,TOFU,1,High,P3,0
how to get my business on top google search results,,0,,Other / Long-tail,/guides/google-business-profile-faq/,FAQ,TOFU,1,High,P3,0
how to get my business on top in google,,0,,Other / Long-tail,/guides/google-business-profile-faq/,FAQ,TOFU,1,High,P3,0
how to get my business registered with google,,0,,Other / Long-tail,/guides/google-business-profile-faq/,FAQ,TOFU,1,High,P3,0
how to get my business showing on google maps,,0,,Other / Long-tail,/guides/google-business-profile-faq/,FAQ,TOFU,1,High,P3,0
how to get my business to show on google maps,,0,,Other / Long-tail,/guides/google-business-profile-faq/,FAQ,TOFU,1,High,P3,0
how to get my business top result in google search,,0,,Other / Long-tail,/guides/google-business-profile-faq/,FAQ,TOFU,1,High,P3,0
how to get my e-business verified by google,,0,,Verification / Code / Postcard,/guides/google-business-profile-verification/,Guide,MOFU,5,High,P3,0
how to get my name business first in google search,,0,,Other / Long-tail,/guides/google-business-profile-faq/,FAQ,TOFU,1,High,P3,0
how to get my online business verified by google,,0,,Verification / Code / Postcard,/guides/google-business-profile-verification/,Guide,MOFU,5,High,P3,0
how to get my small business on google,,0,,Other / Long-tail,/guides/google-business-profile-faq/,FAQ,TOFU,1,High,P3,0
how to get numbers from google my business page,,0,,Core / Navigational Head Terms,/google-business-profile-management-tool/,Product Landing,BOFU,5,High,P3,0
how to get phone verification for google my business,,0,,Verification / Code / Postcard,/guides/google-business-profile-verification/,Guide,MOFU,5,High,P3,0
how to get product option in my business in google,,0,,Google Posts / Offers / Updates,/features/google-posts-scheduler/,Feature Landing,BOFU,5,High,P3,0
how to get reviews on google maps for my business,,0,,Reviews / Ratings / Reply,/guides/google-my-business-review-link/,Guide,MOFU,5,High,P3,0
how to get reviews on my google business listing profiles,,0,,Reviews / Ratings / Reply,/guides/google-my-business-review-link/,Guide,MOFU,5,High,P3,0
how to get symbols in google my business,,0,,Core / Navigational Head Terms,/google-business-profile-management-tool/,Product Landing,BOFU,5,High,P3,0
how to get the seo url for google my business,,0,,Optimization / SEO / Ranking,/guides/google-business-profile-optimization-checklist/,Pillar Guide,MOFU,5,High,P3,0
how to get verified on google my business by video,,0,,Verification / Code / Postcard,/guides/google-business-profile-verification/,Guide,MOFU,5,High,P3,0
how to get your business on google my business,,0,,Core / Navigational Head Terms,/google-business-profile-management-tool/,Product Landing,BOFU,5,High,P3,0
how to give ad on google my business,,0,,Core / Navigational Head Terms,/google-business-profile-management-tool/,Product Landing,BOFU,5,High,P3,0
how to give admin acess of google my business account,,0,,Login / Account / App,/guides/google-business-profile-login/,Guide,TOFU,1,High,P3,0
how to give editor right of google my business page,,0,,Core / Navigational Head Terms,/google-business-profile-management-tool/,Product Landing,BOFU,5,High,P3,0
how to give manager access to google my business,,0,,Management Service / Agency,/google-business-profile-management-tool/,Product Landing,BOFU,5,High,P3,0
how to go with google my business,,0,,Core / Navigational Head Terms,/google-business-profile-management-tool/,Product Landing,BOFU,5,High,P3,0
how to google my business add facebook link,,0,,Setup / Add / Create / Register,/guides/add-business-to-google-maps/,Guide,TOFU,4,High,P3,0
how to google my business fuull details,,0,,Core / Navigational Head Terms,/google-business-profile-management-tool/,Product Landing,BOFU,5,High,P3,0
how to google my business in top of google,,0,,Core / Navigational Head Terms,/google-business-profile-management-tool/,Product Landing,BOFU,5,High,P3,0
how to google my business listing and local listing,,0,,Core / Navigational Head Terms,/google-business-profile-management-tool/,Product Landing,BOFU,5,High,P3,0
how to google my business show it with video,,0,,Photos / Logo / Cover / Videos,/guides/google-business-profile-photo-size/,Guide,TOFU,3,High,P3,0
how to google my business top 10,,0,,Core / Navigational Head Terms,/google-business-profile-management-tool/,Product Landing,BOFU,5,High,P3,0
how to google my business video,,0,,Photos / Logo / Cover / Videos,/guides/google-business-profile-photo-size/,Guide,TOFU,3,High,P3,0
how to google up my business in first place,,0,,Other / Long-tail,/guides/google-business-profile-faq/,FAQ,TOFU,1,High,P3,0
how to grant access of google my business account,,0,,Ownership / Access / Transfer,/guides/google-business-profile-login/,Guide,TOFU,1,High,P3,0
how to grow business by google my business pdf,,0,,Core / Navigational Head Terms,/google-business-profile-management-tool/,Product Landing,BOFU,5,High,P3,0
how to grow my business using google,,0,,Other / Long-tail,/guides/google-business-profile-faq/,FAQ,TOFU,1,High,P3,0
how to hack google my business,,0,,Core / Navigational Head Terms,/google-business-profile-management-tool/,Product Landing,BOFU,5,High,P3,0
how to hide address in google my business after verified,,0,,Verification / Code / Postcard,/guides/google-business-profile-verification/,Guide,MOFU,5,High,P3,0
how to hide my address on google business,,0,,Categories / Services / Description,/guides/edit-google-business-profile/,Guide,TOFU,3,High,P3,0
how to hide my google business,,0,,Other / Long-tail,/guides/google-business-profile-faq/,FAQ,TOFU,1,High,P3,0
how to hide my google business page,,0,,Other / Long-tail,/guides/google-business-profile-faq/,FAQ,TOFU,1,High,P3,0
how to hide my google business pge,,0,,Other / Long-tail,/guides/google-business-profile-faq/,FAQ,TOFU,1,High,P3,0
how to hide my location in google my business,,0,,Core / Navigational Head Terms,/google-business-profile-management-tool/,Product Landing,BOFU,5,High,P3,0
how to hide the street address in google my business,,0,,Categories / Services / Description,/guides/edit-google-business-profile/,Guide,TOFU,3,High,P3,0
how to host a website for my business using google,,0,,Categories / Services / Description,/guides/edit-google-business-profile/,Guide,TOFU,3,High,P3,0
how to i find my google business emai id,,0,,Other / Long-tail,/guides/google-business-profile-faq/,FAQ,TOFU,1,High,P3,0
how to icrease my google business review site quora.com,,0,,Reviews / Ratings / Reply,/features/google-review-management/,Feature Landing,BOFU,5,High,P3,0
how to identify the owner of google my business,,0,,Ownership / Access / Transfer,/guides/google-business-profile-ownership-transfer/,Guide,TOFU,4,High,P3,0
how to implement google my business into website,,0,,Categories / Services / Description,/guides/edit-google-business-profile/,Guide,TOFU,3,High,P3,0
how to import moving maker update for google my business,,0,,Google Posts / Offers / Updates,/features/google-posts-scheduler/,Feature Landing,BOFU,5,High,P3,0
how to improve google my business listing with multiple keywords,,0,,Optimization / SEO / Ranking,/guides/google-business-profile-optimization-checklist/,Pillar Guide,MOFU,5,High,P3,0
how to improve google my business listings,,0,,Optimization / SEO / Ranking,/guides/google-business-profile-optimization-checklist/,Pillar Guide,MOFU,5,High,P3,0
how to improve listing in google my business,,0,,Optimization / SEO / Ranking,/guides/google-business-profile-optimization-checklist/,Pillar Guide,MOFU,5,High,P3,0
how to improve my business by adding google search,,0,,Optimization / SEO / Ranking,/guides/google-business-profile-optimization-checklist/,Pillar Guide,MOFU,5,High,P3,0
how to improve my business on google,,0,,Optimization / SEO / Ranking,/guides/google-business-profile-optimization-checklist/,Pillar Guide,MOFU,5,High,P3,0
how to improve my google business page in search ranking,,0,,Optimization / SEO / Ranking,/guides/google-business-profile-optimization-checklist/,Pillar Guide,MOFU,5,High,P3,0
how to improve my listing on google my business,,0,,Optimization / SEO / Ranking,/guides/google-business-profile-optimization-checklist/,Pillar Guide,MOFU,5,High,P3,0
how to improve the my business account on google,,0,,Optimization / SEO / Ranking,/guides/google-business-profile-login/,Guide,TOFU,1,High,P3,0
how to improve the ranking of my google my business,,0,,Optimization / SEO / Ranking,/guides/google-business-profile-optimization-checklist/,Pillar Guide,MOFU,5,High,P3,0
how to increase google my business address,,0,,Categories / Services / Description,/guides/edit-google-business-profile/,Guide,TOFU,3,High,P3,0
how to increase my business presence on google,,0,,Other / Long-tail,/guides/google-business-profile-faq/,FAQ,TOFU,1,High,P3,0
how to increase on google my business,,0,,Core / Navigational Head Terms,/google-business-profile-management-tool/,Product Landing,BOFU,5,High,P3,0
how to increase views on google my business,,0,,Core / Navigational Head Terms,/google-business-profile-management-tool/,Product Landing,BOFU,5,High,P3,0
how to increase visibility on google my business,,0,,Optimization / SEO / Ranking,/guides/google-business-profile-optimization-checklist/,Pillar Guide,MOFU,5,High,P3,0
how to insert my business in google maps,,0,,Other / Long-tail,/guides/google-business-profile-faq/,FAQ,TOFU,1,High,P3,0
how to insert verification code for google my business,,0,,Verification / Code / Postcard,/guides/google-business-profile-verification/,Guide,MOFU,5,High,P3,0
how to integrate crm with google my business page,,0,,Core / Navigational Head Terms,/google-business-profile-management-tool/,Product Landing,BOFU,5,High,P3,0
how to integrate google lens to my business application,,0,,Other / Long-tail,/guides/google-business-profile-faq/,FAQ,TOFU,1,High,P3,0
how to integrate google my business insights in data studio,,0,,API / Analytics / Insights,/features/google-business-profile-reporting/,Feature Landing,BOFU,4,High,P3,0
how to integrate social media into google my business,,0,,Core / Navigational Head Terms,/google-business-profile-management-tool/,Product Landing,BOFU,5,High,P3,0
how to integrate tripadviser reviews in google my business,,0,,Reviews / Ratings / Reply,/features/google-review-management/,Feature Landing,BOFU,5,High,P3,0
how to invite google my business,,0,,Core / Navigational Head Terms,/google-business-profile-management-tool/,Product Landing,BOFU,5,High,P3,0
how to keep my google business page hidden,,0,,Other / Long-tail,/guides/google-business-profile-faq/,FAQ,TOFU,1,High,P3,0
how to know email of a google my business,,0,,Core / Navigational Head Terms,/google-business-profile-management-tool/,Product Landing,BOFU,5,High,P3,0
how to know email of my google business listing,,0,,Other / Long-tail,/guides/google-business-profile-faq/,FAQ,TOFU,1,High,P3,0
how to know google map api for my business,,0,,API / Analytics / Insights,/features/google-business-profile-reporting/,Feature Landing,BOFU,4,High,P3,0
how to know google my business competitor activity,,0,,Competitors / Alternatives,/google-business-profile-management-tool/,Product Landing,BOFU,5,High,P3,0
how to know who watch my google business,,0,,Other / Long-tail,/guides/google-business-profile-faq/,FAQ,TOFU,1,High,P3,0
how to leave 100 reviews on google my business,,0,,Reviews / Ratings / Reply,/features/google-review-management/,Feature Landing,BOFU,5,High,P3,0
how to link account to google my business,,0,,Login / Account / App,/guides/google-business-profile-login/,Guide,TOFU,1,High,P3,0
how to link ad words account to google my business,,0,,Login / Account / App,/guides/google-business-profile-login/,Guide,TOFU,1,High,P3,0
how to link adwords account to google my business,,0,,Login / Account / App,/guides/google-business-profile-login/,Guide,TOFU,1,High,P3,0
how to link adwords and google my business,,0,,Core / Navigational Head Terms,/google-business-profile-management-tool/,Product Landing,BOFU,5,High,P3,0
how to link adwords to google my business,,0,,Core / Navigational Head Terms,/google-business-profile-management-tool/,Product Landing,BOFU,5,High,P3,0
how to link facebook reviews to my google business,,0,,Reviews / Ratings / Reply,/features/google-review-management/,Feature Landing,BOFU,5,High,P3,0
how to link facebook to google my business,,0,,Core / Navigational Head Terms,/google-business-profile-management-tool/,Product Landing,BOFU,5,High,P3,0
how to link facebook with google my business,,0,,Core / Navigational Head Terms,/google-business-profile-management-tool/,Product Landing,BOFU,5,High,P3,0
how to link godaddy to google my business,,0,,Core / Navigational Head Terms,/google-business-profile-management-tool/,Product Landing,BOFU,5,High,P3,0
how to link godday gocentral website to google my business,,0,,Categories / Services / Description,/guides/edit-google-business-profile/,Guide,TOFU,3,High,P3,0
how to link google adwords to google my business,,0,,Core / Navigational Head Terms,/google-business-profile-management-tool/,Product Landing,BOFU,5,High,P3,0
how to link google business to my website,,0,,Categories / Services / Description,/guides/edit-google-business-profile/,Guide,TOFU,3,High,P3,0
how to link google my business page with twitter,,0,,Core / Navigational Head Terms,/google-business-profile-management-tool/,Product Landing,BOFU,5,High,P3,0
how to link google my business reviews stars to site,,0,,Reviews / Ratings / Reply,/features/google-review-management/,Feature Landing,BOFU,5,High,P3,0
how to link google my business site to custom domain,,0,,Core / Navigational Head Terms,/google-business-profile-management-tool/,Product Landing,BOFU,5,High,P3,0
how to link google my business t analytics,,0,,API / Analytics / Insights,/features/google-business-profile-reporting/,Feature Landing,BOFU,4,High,P3,0
how to link google my business to adwords,,0,,Core / Navigational Head Terms,/google-business-profile-management-tool/,Product Landing,BOFU,5,High,P3,0
how to link google my business to adwords express,,0,,Core / Navigational Head Terms,/google-business-profile-management-tool/,Product Landing,BOFU,5,High,P3,0
how to link google my business to analytics,,0,,API / Analytics / Insights,/features/google-business-profile-reporting/,Feature Landing,BOFU,4,High,P3,0
how to link google my business to another account,,0,,Login / Account / App,/guides/google-business-profile-login/,Guide,TOFU,1,High,P3,0
how to link google my business to google contacts,,0,,Core / Navigational Head Terms,/google-business-profile-management-tool/,Product Landing,BOFU,5,High,P3,0
how to link google my business to google plus,,0,,Core / Navigational Head Terms,/google-business-profile-management-tool/,Product Landing,BOFU,5,High,P3,0
how to link google my business to my website,,0,,Categories / Services / Description,/guides/edit-google-business-profile/,Guide,TOFU,3,High,P3,0
how to link google my business with google search console,,0,,Core / Navigational Head Terms,/google-business-profile-management-tool/,Product Landing,BOFU,5,High,P3,0
how to link google pay with my business,,0,,Other / Long-tail,/guides/google-business-profile-faq/,FAQ,TOFU,1,High,P3,0
how to link my business to google search,,0,,Other / Long-tail,/guides/google-business-profile-faq/,FAQ,TOFU,1,High,P3,0
how to link my google my business account with adwords,,0,,Login / Account / App,/guides/google-business-profile-login/,Guide,TOFU,1,High,P3,0
how to link social media pages to google my business,,0,,Core / Navigational Head Terms,/google-business-profile-management-tool/,Product Landing,BOFU,5,High,P3,0
how to link social site with google my business,,0,,Core / Navigational Head Terms,/google-business-profile-management-tool/,Product Landing,BOFU,5,High,P3,0
how to link to google my business,,0,,Core / Navigational Head Terms,/google-business-profile-management-tool/,Product Landing,BOFU,5,High,P3,0
how to link website with my business in google,,0,,Categories / Services / Description,/guides/edit-google-business-profile/,Guide,TOFU,3,High,P3,0
how to link youtube channel to google my business,,0,,Core / Navigational Head Terms,/google-business-profile-management-tool/,Product Landing,BOFU,5,High,P3,0
how to link youtube link withh google my business,,0,,Core / Navigational Head Terms,/google-business-profile-management-tool/,Product Landing,BOFU,5,High,P3,0
how to list google my business for seo optimisation,,0,,Optimization / SEO / Ranking,/guides/google-business-profile-optimization-checklist/,Pillar Guide,MOFU,5,High,P3,0
how to list handmade soap business on google my business,,0,,Core / Navigational Head Terms,/google-business-profile-management-tool/,Product Landing,BOFU,5,High,P3,0
how to list handmade soap on google my business,,0,,Core / Navigational Head Terms,/google-business-profile-management-tool/,Product Landing,BOFU,5,High,P3,0
how to list local my business on google,,0,,Other / Long-tail,/guides/google-business-profile-faq/,FAQ,TOFU,1,High,P3,0
how to list my business location on google maps,,0,,Setup / Add / Create / Register,/guides/add-business-to-google-maps/,Guide,TOFU,4,High,P3,0
how to list my business on google maps without postcard,,0,,Verification / Code / Postcard,/guides/google-business-profile-verification/,Guide,MOFU,5,High,P3,0
how to list my graphics design business in google listing,,0,,Setup / Add / Create / Register,/guides/add-business-to-google-maps/,Guide,TOFU,4,High,P3,0
how to list products in my business on google,,0,,Google Posts / Offers / Updates,/features/google-posts-scheduler/,Feature Landing,BOFU,5,High,P3,0
how to listed top on google my business,,0,,Core / Navigational Head Terms,/google-business-profile-management-tool/,Product Landing,BOFU,5,High,P3,0
how to llink my wix site to google business,,0,,Other / Long-tail,/guides/google-business-profile-faq/,FAQ,TOFU,1,High,P3,0
how to log out from current open google my business,,0,,Setup / Add / Create / Register,/google-business-profile-management-tool/,Product Landing,BOFU,5,High,P3,0
how to login google my business forfot password,,0,,Login / Account / App,/guides/google-business-profile-login/,Guide,TOFU,1,High,P3,0
how to make cover photo google my business,,0,,Photos / Logo / Cover / Videos,/guides/google-business-profile-photo-size/,Guide,TOFU,3,High,P3,0
how to make direction for my google business,,0,,Other / Long-tail,/guides/google-business-profile-faq/,FAQ,TOFU,1,High,P3,0
how to make google my business legal to illegally,,0,,Core / Navigational Head Terms,/google-business-profile-management-tool/,Product Landing,BOFU,5,High,P3,0
how to make google my business monetization,,0,,Core / Navigational Head Terms,/google-business-profile-management-tool/,Product Landing,BOFU,5,High,P3,0
how to make google my business result up in results,,0,,Core / Navigational Head Terms,/google-business-profile-management-tool/,Product Landing,BOFU,5,High,P3,0
how to make google my business visible to anyone,,0,,Core / Navigational Head Terms,/google-business-profile-management-tool/,Product Landing,BOFU,5,High,P3,0
how to make link of google my business page,,0,,Core / Navigational Head Terms,/google-business-profile-management-tool/,Product Landing,BOFU,5,High,P3,0
how to make linke of google my business page,,0,,Core / Navigational Head Terms,/google-business-profile-management-tool/,Product Landing,BOFU,5,High,P3,0
how to make manager on google my business,,0,,Management Service / Agency,/google-business-profile-management-tool/,Product Landing,BOFU,5,High,P3,0
how to make more discoverable google my business,,0,,Core / Navigational Head Terms,/google-business-profile-management-tool/,Product Landing,BOFU,5,High,P3,0
how to make more discoverable my google my business,,0,,Core / Navigational Head Terms,/google-business-profile-management-tool/,Product Landing,BOFU,5,High,P3,0
how to make my business name in google search,,0,,Other / Long-tail,/guides/google-business-profile-faq/,FAQ,TOFU,1,High,P3,0
how to make my business on facebook appear on google,,0,,Other / Long-tail,/guides/google-business-profile-faq/,FAQ,TOFU,1,High,P3,0
how to make my business places visited in google maps,,0,,Other / Long-tail,/guides/google-business-profile-faq/,FAQ,TOFU,1,High,P3,0
how to make my business top on google business,,0,,Other / Long-tail,/guides/google-business-profile-faq/,FAQ,TOFU,1,High,P3,0
how to make name change in google my business,,0,,Core / Navigational Head Terms,/guides/edit-google-business-profile/,Guide,TOFU,3,High,P3,0
how to make the most of google my business,,0,,Core / Navigational Head Terms,/google-business-profile-management-tool/,Product Landing,BOFU,5,High,P3,0
how to manage clients google my business account,,0,,Management Service / Agency,/guides/google-business-profile-login/,Guide,TOFU,1,High,P3,0
how to manage google my business multiple account,,0,,Management Service / Agency,/guides/google-business-profile-login/,Guide,TOFU,1,High,P3,0
how to manage google reviews of my business,,0,,Reviews / Ratings / Reply,/features/google-review-management/,Feature Landing,BOFU,5,High,P3,0
how to manage multiple businesses in google my business,,0,,Management Service / Agency,/google-business-profile-management-tool/,Product Landing,BOFU,5,High,P3,0
how to manage my google business account on pc,,0,,Management Service / Agency,/guides/google-business-profile-login/,Guide,TOFU,1,High,P3,0
how to manage my google business accounts,,0,,Management Service / Agency,/guides/google-business-profile-faq/,FAQ,TOFU,1,High,P3,0
how to mark holidays in google my business,,0,,Core / Navigational Head Terms,/google-business-profile-management-tool/,Product Landing,BOFU,5,High,P3,0
how to mark my business place on google maps,,0,,Other / Long-tail,/guides/google-business-profile-faq/,FAQ,TOFU,1,High,P3,0
how to merge 2 google my business pages,,0,,Core / Navigational Head Terms,/google-business-profile-management-tool/,Product Landing,BOFU,5,High,P3,0
how to merge duplicate account in google my business,,0,,Suspension / Reinstatement / Delete,/guides/google-business-profile-login/,Guide,TOFU,1,High,P3,0
how to merge google my business accounts,,0,,Core / Navigational Head Terms,/google-business-profile-management-tool/,Product Landing,BOFU,5,High,P3,0
how to merge google my business pages,,0,,Core / Navigational Head Terms,/google-business-profile-management-tool/,Product Landing,BOFU,5,High,P3,0
how to merge two google my business verified listings,,0,,Verification / Code / Postcard,/guides/google-business-profile-verification/,Guide,MOFU,5,High,P3,0
how to merge two location in google my business,,0,,Core / Navigational Head Terms,/google-business-profile-management-tool/,Product Landing,BOFU,5,High,P3,0
how to meta tags for google my business site,,0,,Core / Navigational Head Terms,/google-business-profile-management-tool/,Product Landing,BOFU,5,High,P3,0
how to more accounts in google my business,,0,,Core / Navigational Head Terms,/google-business-profile-management-tool/,Product Landing,BOFU,5,High,P3,0
how to move my business up on google search,,0,,Other / Long-tail,/guides/google-business-profile-faq/,FAQ,TOFU,1,High,P3,0
how to multiple business listing in google my busienss,,0,,Other / Long-tail,/guides/google-business-profile-faq/,FAQ,TOFU,1,High,P3,0
how to my publishing business on google,,0,,Other / Long-tail,/guides/google-business-profile-faq/,FAQ,TOFU,1,High,P3,0
how to open my google pay account for business,,0,,Setup / Add / Create / Register,/guides/google-business-profile-login/,Guide,TOFU,1,High,P3,0
how to optimise google my business for seo,,0,,Optimization / SEO / Ranking,/guides/google-business-profile-optimization-checklist/,Pillar Guide,MOFU,5,High,P3,0
how to optimise google my business listing in seo owersuite,,0,,Optimization / SEO / Ranking,/guides/google-business-profile-optimization-checklist/,Pillar Guide,MOFU,5,High,P3,0
how to optimize google my business 2019,,0,,Optimization / SEO / Ranking,/guides/google-business-profile-optimization-checklist/,Pillar Guide,MOFU,5,High,P3,0
how to optimize google my business 2020,,0,,Optimization / SEO / Ranking,/guides/google-business-profile-optimization-checklist/,Pillar Guide,MOFU,5,High,P3,0
how to optimize google my business in google maps,,0,,Optimization / SEO / Ranking,/guides/google-business-profile-optimization-checklist/,Pillar Guide,MOFU,5,High,P3,0
how to optimize google my business keywords,,0,,Optimization / SEO / Ranking,/guides/google-business-profile-optimization-checklist/,Pillar Guide,MOFU,5,High,P3,0
how to optimize google my business page for your business,,0,,Optimization / SEO / Ranking,/guides/google-business-profile-optimization-checklist/,Pillar Guide,MOFU,5,High,P3,0
how to optimize my google business listing,,0,,Optimization / SEO / Ranking,/guides/google-business-profile-optimization-checklist/,Pillar Guide,MOFU,5,High,P3,0
how to optimize my google business page,,0,,Optimization / SEO / Ranking,/guides/google-business-profile-optimization-checklist/,Pillar Guide,MOFU,5,High,P3,0
how to optimize your google my business listing kennewick,,0,,Optimization / SEO / Ranking,/guides/google-business-profile-optimization-checklist/,Pillar Guide,MOFU,5,High,P3,0
how to optimize your google my business listing pasco,,0,,Optimization / SEO / Ranking,/guides/google-business-profile-optimization-checklist/,Pillar Guide,MOFU,5,High,P3,0
how to optimize your google my business listing richland,,0,,Optimization / SEO / Ranking,/guides/google-business-profile-optimization-checklist/,Pillar Guide,MOFU,5,High,P3,0
how to optimize your google my business listing tri-cities,,0,,Optimization / SEO / Ranking,/guides/google-business-profile-optimization-checklist/,Pillar Guide,MOFU,5,High,P3,0
how to optimize your google my business listings,,0,,Optimization / SEO / Ranking,/guides/google-business-profile-optimization-checklist/,Pillar Guide,MOFU,5,High,P3,0
how to optimize your google my business listings hubpost,,0,,Optimization / SEO / Ranking,/guides/google-business-profile-optimization-checklist/,Pillar Guide,MOFU,5,High,P3,0
how to optimize your google my business listings neil patel,,0,,Optimization / SEO / Ranking,/guides/google-business-profile-optimization-checklist/,Pillar Guide,MOFU,5,High,P3,0
how to own google my business,,0,,Core / Navigational Head Terms,/google-business-profile-management-tool/,Product Landing,BOFU,5,High,P3,0
how to own my business name google,,0,,Other / Long-tail,/guides/google-business-profile-faq/,FAQ,TOFU,1,High,P3,0
how to ownership my business google account,,0,,Ownership / Access / Transfer,/guides/google-business-profile-login/,Guide,TOFU,1,High,P3,0
how to permanently delete google my business l,,0,,Suspension / Reinstatement / Delete,/google-business-profile-management-tool/,Product Landing,BOFU,5,High,P3,0
how to permanently delete google my business listing,,0,,Suspension / Reinstatement / Delete,/google-business-profile-management-tool/,Product Landing,BOFU,5,High,P3,0
how to pick scheduling partner in google my business page,,0,,Core / Navigational Head Terms,/google-business-profile-management-tool/,Product Landing,BOFU,5,High,P3,0
how to pin google map on my facebook business page,,0,,Verification / Code / Postcard,/guides/google-business-profile-verification/,Guide,MOFU,5,High,P3,0
how to pin my business location on google maps,,0,,Verification / Code / Postcard,/guides/google-business-profile-verification/,Guide,MOFU,5,High,P3,0
how to place ads for google my business,,0,,Core / Navigational Head Terms,/google-business-profile-management-tool/,Product Landing,BOFU,5,High,P3,0
how to post a video in google my business,,0,,Google Posts / Offers / Updates,/features/google-posts-scheduler/,Feature Landing,BOFU,5,High,P3,0
how to post about my paying guest business on googles,,0,,Google Posts / Offers / Updates,/features/google-posts-scheduler/,Feature Landing,BOFU,5,High,P3,0
how to post backdate in google my business,,0,,Google Posts / Offers / Updates,/features/google-posts-scheduler/,Feature Landing,BOFU,5,High,P3,0
how to post content in google my business,,0,,Google Posts / Offers / Updates,/features/google-posts-scheduler/,Feature Landing,BOFU,5,High,P3,0
how to post job in google my business,,0,,Google Posts / Offers / Updates,/features/google-posts-scheduler/,Feature Landing,BOFU,5,High,P3,0
how to post my real estate business in google,,0,,Google Posts / Offers / Updates,/features/google-posts-scheduler/,Feature Landing,BOFU,5,High,P3,0
how to post to google my business,,0,,Google Posts / Offers / Updates,/features/google-posts-scheduler/,Feature Landing,BOFU,5,High,P3,0
how to post video on google my business,,0,,Google Posts / Offers / Updates,/features/google-posts-scheduler/,Feature Landing,BOFU,5,High,P3,0
how to post videos on google my business,,0,,Google Posts / Offers / Updates,/features/google-posts-scheduler/,Feature Landing,BOFU,5,High,P3,0
how to privacy on google my business,,0,,Core / Navigational Head Terms,/google-business-profile-management-tool/,Product Landing,BOFU,5,High,P3,0
how to promote business on google my business,,0,,Core / Navigational Head Terms,/google-business-profile-management-tool/,Product Landing,BOFU,5,High,P3,0
how to promote google on google my business,,0,,Core / Navigational Head Terms,/google-business-profile-management-tool/,Product Landing,BOFU,5,High,P3,0
how to promote my google business,,0,,Other / Long-tail,/guides/google-business-profile-faq/,FAQ,TOFU,1,High,P3,0
how to promote my google business page,,0,,Other / Long-tail,/guides/google-business-profile-faq/,FAQ,TOFU,1,High,P3,0
how to promote my google my business page,,0,,Core / Navigational Head Terms,/google-business-profile-management-tool/,Product Landing,BOFU,5,High,P3,0
how to provide account access for google my business,,0,,Ownership / Access / Transfer,/guides/google-business-profile-login/,Guide,TOFU,1,High,P3,0
how to publish 360 video on google my business,,0,,Photos / Logo / Cover / Videos,/guides/google-business-profile-photo-size/,Guide,TOFU,3,High,P3,0
how to publish google my business,,0,,Core / Navigational Head Terms,/google-business-profile-management-tool/,Product Landing,BOFU,5,High,P3,0
how to publish location in google my business,,0,,Core / Navigational Head Terms,/google-business-profile-management-tool/,Product Landing,BOFU,5,High,P3,0
how to put ads on google my business,,0,,Core / Navigational Head Terms,/google-business-profile-management-tool/,Product Landing,BOFU,5,High,P3,0
how to put ads on google my business free,,0,,Free / Cost / Pricing,/guides/is-google-my-business-free/,Guide,TOFU,3,High,P3,0
how to put default image in google my business page,,0,,Photos / Logo / Cover / Videos,/guides/google-business-profile-photo-size/,Guide,TOFU,3,High,P3,0
how to put items on google my business,,0,,Core / Navigational Head Terms,/google-business-profile-management-tool/,Product Landing,BOFU,5,High,P3,0
how to put keyword on google my business,,0,,Core / Navigational Head Terms,/google-business-profile-management-tool/,Product Landing,BOFU,5,High,P3,0
how to put my business address on google maps,,0,,Categories / Services / Description,/guides/add-business-to-google-maps/,Guide,TOFU,4,High,P3,0
how to put my business first on google,,0,,Setup / Add / Create / Register,/guides/add-business-to-google-maps/,Guide,TOFU,4,High,P3,0
how to put my business on first rank on google,,0,,Optimization / SEO / Ranking,/guides/add-business-to-google-maps/,Guide,TOFU,4,High,P3,0
how to put my business on google earth,,0,,Setup / Add / Create / Register,/guides/add-business-to-google-maps/,Guide,TOFU,4,High,P3,0
how to put my business on google plus,,0,,Setup / Add / Create / Register,/guides/add-business-to-google-maps/,Guide,TOFU,4,High,P3,0
how to put my business shop location on google maps,,0,,Setup / Add / Create / Register,/guides/add-business-to-google-maps/,Guide,TOFU,4,High,P3,0
how to put time in google my business,,0,,Core / Navigational Head Terms,/google-business-profile-management-tool/,Product Landing,BOFU,5,High,P3,0
how to put up my business on google,,0,,Other / Long-tail,/guides/google-business-profile-faq/,FAQ,TOFU,1,High,P3,0
how to rank first google my business,,0,,Optimization / SEO / Ranking,/guides/google-business-profile-optimization-checklist/,Pillar Guide,MOFU,5,High,P3,0
how to rank for google my business,,0,,Optimization / SEO / Ranking,/guides/google-business-profile-optimization-checklist/,Pillar Guide,MOFU,5,High,P3,0
how to rank google my business for multiple keywords,,0,,Optimization / SEO / Ranking,/guides/google-business-profile-optimization-checklist/,Pillar Guide,MOFU,5,High,P3,0
how to rank google my business neil patel,,0,,Optimization / SEO / Ranking,/guides/google-business-profile-optimization-checklist/,Pillar Guide,MOFU,5,High,P3,0
how to rank google my business reviews,,0,,Reviews / Ratings / Reply,/features/google-review-management/,Feature Landing,BOFU,5,High,P3,0
how to recover my google my business name,,0,,Core / Navigational Head Terms,/google-business-profile-management-tool/,Product Landing,BOFU,5,High,P3,0
how to recover my suspended google business listing,,0,,Suspension / Reinstatement / Delete,/guides/google-business-profile-suspended/,Troubleshooting Guide,MOFU,5,High,P3,0
how to recover the google business page of my company,,0,,Other / Long-tail,/google-my-business-management-service/,Service Landing,BOFU,5,High,P3,0
how to redit google my business image,,0,,Photos / Logo / Cover / Videos,/guides/google-business-profile-photo-size/,Guide,TOFU,3,High,P3,0
how to register as agency in google my business,,0,,Management Service / Agency,/guides/add-business-to-google-maps/,Guide,TOFU,4,High,P3,0
how to register for another center on google my business,,0,,Setup / Add / Create / Register,/guides/add-business-to-google-maps/,Guide,TOFU,4,High,P3,0
how to register my business in google business site,,0,,Setup / Add / Create / Register,/guides/add-business-to-google-maps/,Guide,TOFU,4,High,P3,0
how to register my business in google map,,0,,Setup / Add / Create / Register,/guides/add-business-to-google-maps/,Guide,TOFU,4,High,P3,0
how to register my business place in google map,,0,,Setup / Add / Create / Register,/guides/add-business-to-google-maps/,Guide,TOFU,4,High,P3,0
how to register my multpile business on google maps,,0,,Setup / Add / Create / Register,/guides/add-business-to-google-maps/,Guide,TOFU,4,High,P3,0
how to register with my business with google pay,,0,,Setup / Add / Create / Register,/guides/add-business-to-google-maps/,Guide,TOFU,4,High,P3,0
how to release google my business suspendedger.com,,0,,Core / Navigational Head Terms,/google-business-profile-management-tool/,Product Landing,BOFU,5,High,P3,0
how to remove a google my business page,,0,,Suspension / Reinstatement / Delete,/google-business-profile-management-tool/,Product Landing,BOFU,5,High,P3,0
how to remove a listing from google my business,,0,,Suspension / Reinstatement / Delete,/google-business-profile-management-tool/,Product Landing,BOFU,5,High,P3,0
how to remove account from google my business,,0,,Suspension / Reinstatement / Delete,/guides/google-business-profile-login/,Guide,TOFU,1,High,P3,0
how to remove business from your google my business listing,,0,,Suspension / Reinstatement / Delete,/google-business-profile-management-tool/,Product Landing,BOFU,5,High,P3,0
how to remove company details in google my business,,0,,Suspension / Reinstatement / Delete,/google-my-business-management-service/,Service Landing,BOFU,5,High,P3,0
how to remove customer photo from google my business,,0,,Suspension / Reinstatement / Delete,/guides/google-business-profile-photo-size/,Guide,TOFU,3,High,P3,0
how to remove customer photo in google my business,,0,,Suspension / Reinstatement / Delete,/guides/google-business-profile-photo-size/,Guide,TOFU,3,High,P3,0
how to remove customer uploaded pictures from google my business,,0,,Suspension / Reinstatement / Delete,/google-business-profile-management-tool/,Product Landing,BOFU,5,High,P3,0
how to remove google my business account from google,,0,,Suspension / Reinstatement / Delete,/guides/google-business-profile-login/,Guide,TOFU,1,High,P3,0
how to remove google my business owners,,0,,Suspension / Reinstatement / Delete,/google-business-profile-management-tool/,Product Landing,BOFU,5,High,P3,0
how to remove google my business primary owners,,0,,Suspension / Reinstatement / Delete,/google-business-profile-management-tool/,Product Landing,BOFU,5,High,P3,0
how to remove google my listing business,,0,,Suspension / Reinstatement / Delete,/guides/google-business-profile-faq/,FAQ,TOFU,1,High,P3,0
how to remove google reviews from my business page,,0,,Suspension / Reinstatement / Delete,/guides/remove-bad-google-reviews/,Troubleshooting Guide,MOFU,5,High,P3,0
how to remove google reviews on my business address,,0,,Suspension / Reinstatement / Delete,/guides/remove-bad-google-reviews/,Troubleshooting Guide,MOFU,5,High,P3,0
how to remove my business from google permanently,,0,,Suspension / Reinstatement / Delete,/guides/google-business-profile-faq/,FAQ,TOFU,1,High,P3,0
how to remove my business info from google,,0,,Suspension / Reinstatement / Delete,/guides/edit-google-business-profile/,Guide,TOFU,3,High,P3,0
how to remove my business off google,,0,,Suspension / Reinstatement / Delete,/guides/google-business-profile-faq/,FAQ,TOFU,1,High,P3,0
how to remove my business on google,,0,,Suspension / Reinstatement / Delete,/guides/google-business-profile-faq/,FAQ,TOFU,1,High,P3,0
how to remove my gmail account from google business page,,0,,Suspension / Reinstatement / Delete,/guides/google-business-profile-login/,Guide,TOFU,1,High,P3,0
how to remove my google my business account,,0,,Suspension / Reinstatement / Delete,/guides/google-business-profile-login/,Guide,TOFU,1,High,P3,0
how to remove old photo from google my business,,0,,Suspension / Reinstatement / Delete,/guides/google-business-profile-photo-size/,Guide,TOFU,3,High,P3,0
how to remove permanently closed google my business,,0,,Suspension / Reinstatement / Delete,/google-business-profile-management-tool/,Product Landing,BOFU,5,High,P3,0
how to remove photos from google my business listing,,0,,Suspension / Reinstatement / Delete,/guides/google-business-profile-photo-size/,Guide,TOFU,3,High,P3,0
how to remove photos from google my business website,,0,,Suspension / Reinstatement / Delete,/guides/google-business-profile-photo-size/,Guide,TOFU,3,High,P3,0
how to remove request access in google my business,,0,,Suspension / Reinstatement / Delete,/guides/google-business-profile-ownership-transfer/,Guide,TOFU,4,High,P3,0
how to remove someone's review from google my business,,0,,Suspension / Reinstatement / Delete,/guides/remove-bad-google-reviews/,Troubleshooting Guide,MOFU,5,High,P3,0
how to remove website in google my business,,0,,Suspension / Reinstatement / Delete,/guides/edit-google-business-profile/,Guide,TOFU,3,High,P3,0
how to replace google my business register mail id,,0,,Setup / Add / Create / Register,/guides/add-business-to-google-maps/,Guide,TOFU,4,High,P3,0
how to reply in google my business reviews,,0,,Reviews / Ratings / Reply,/features/google-review-management/,Feature Landing,BOFU,5,High,P3,0
how to reply in my google business,,0,,Reviews / Ratings / Reply,/features/google-review-management/,Feature Landing,BOFU,5,High,P3,0
how to report abuse on google my business,,0,,API / Analytics / Insights,/features/google-business-profile-reporting/,Feature Landing,BOFU,4,High,P3,0
how to report duplicate google my business,,0,,Suspension / Reinstatement / Delete,/features/google-business-profile-reporting/,Feature Landing,BOFU,4,High,P3,0
how to request for a call from google my business,,0,,Support / Customer Care / Contact,/guides/google-business-profile-support/,Official Support Guide,TOFU,1,High,P3,0
how to request for google my business code,,0,,Verification / Code / Postcard,/guides/google-business-profile-verification/,Guide,MOFU,5,High,P3,0
how to request for google my business page authority change,,0,,Core / Navigational Head Terms,/guides/edit-google-business-profile/,Guide,TOFU,3,High,P3,0
how to resize images in gimp for google my business,,0,,Photos / Logo / Cover / Videos,/guides/google-business-profile-photo-size/,Guide,TOFU,3,High,P3,0
how to retrieve deleted google my business,,0,,Core / Navigational Head Terms,/google-business-profile-management-tool/,Product Landing,BOFU,5,High,P3,0
how to reverify the google my business,,0,,Core / Navigational Head Terms,/google-business-profile-management-tool/,Product Landing,BOFU,5,High,P3,0
how to review publish in google my business options,,0,,Reviews / Ratings / Reply,/features/google-review-management/,Feature Landing,BOFU,5,High,P3,0
how to ring ring by phone now google my business,,0,,Categories / Services / Description,/guides/edit-google-business-profile/,Guide,TOFU,3,High,P3,0
how to run call ads in google my business,,0,,Support / Customer Care / Contact,/guides/google-business-profile-support/,Official Support Guide,TOFU,1,High,P3,0
how to run google ads in google my business,,0,,Core / Navigational Head Terms,/google-business-profile-management-tool/,Product Landing,BOFU,5,High,P3,0
how to run google my business adwords,,0,,Core / Navigational Head Terms,/google-business-profile-management-tool/,Product Landing,BOFU,5,High,P3,0
how to run google my business adwords for 5-6 keywords,,0,,Core / Navigational Head Terms,/google-business-profile-management-tool/,Product Landing,BOFU,5,High,P3,0
how to save google my business image,,0,,Photos / Logo / Cover / Videos,/guides/google-business-profile-photo-size/,Guide,TOFU,3,High,P3,0
how to save google my business listing,,0,,Core / Navigational Head Terms,/google-business-profile-management-tool/,Product Landing,BOFU,5,High,P3,0
how to save image google my business listing,,0,,Photos / Logo / Cover / Videos,/guides/google-business-profile-photo-size/,Guide,TOFU,3,High,P3,0
how to schedule post in google my business,,0,,Google Posts / Offers / Updates,/features/google-posts-scheduler/,Feature Landing,BOFU,5,High,P3,0
how to schedule posts with google my business api,,0,,Google Posts / Offers / Updates,/features/google-posts-scheduler/,Feature Landing,BOFU,5,High,P3,0
how to search google my business profile,,0,,Core / Navigational Head Terms,/google-business-profile-management-tool/,Product Landing,BOFU,5,High,P3,0
how to search institute in google my business,,0,,Core / Navigational Head Terms,/google-business-profile-management-tool/,Product Landing,BOFU,5,High,P3,0
how to see google my business on website,,0,,Categories / Services / Description,/guides/edit-google-business-profile/,Guide,TOFU,3,High,P3,0
how to see my business on google maps at top,,0,,Other / Long-tail,/guides/google-business-profile-faq/,FAQ,TOFU,1,High,P3,0
how to see post report for google my business,,0,,Google Posts / Offers / Updates,/features/google-posts-scheduler/,Feature Landing,BOFU,5,High,P3,0
how to see the mesages in the google my business,,0,,Core / Navigational Head Terms,/google-business-profile-management-tool/,Product Landing,BOFU,5,High,P3,0
how to sell google my business,,0,,Core / Navigational Head Terms,/google-business-profile-management-tool/,Product Landing,BOFU,5,High,P3,0
how to sell google my business to local businesses,,0,,Core / Navigational Head Terms,/google-business-profile-management-tool/,Product Landing,BOFU,5,High,P3,0
how to send request for google my business,,0,,Core / Navigational Head Terms,/google-business-profile-management-tool/,Product Landing,BOFU,5,High,P3,0
how to set category in google my business,,0,,Categories / Services / Description,/guides/google-business-profile-categories-list/,Guide,TOFU,4,High,P3,0
how to set exact location on google my business,,0,,Core / Navigational Head Terms,/google-business-profile-management-tool/,Product Landing,BOFU,5,High,P3,0
how to set keyword in google my business,,0,,Core / Navigational Head Terms,/google-business-profile-management-tool/,Product Landing,BOFU,5,High,P3,0
how to set logo in google my business,,0,,Photos / Logo / Cover / Videos,/guides/google-my-business-logo-size/,Guide,TOFU,3,High,P3,0
how to set up google my business api videos,,0,,Setup / Add / Create / Register,/guides/add-business-to-google-maps/,Guide,TOFU,4,High,P3,0
how to set up google my business listing,,0,,Setup / Add / Create / Register,/guides/add-business-to-google-maps/,Guide,TOFU,4,High,P3,0
how to set up google my business step by step,,0,,Setup / Add / Create / Register,/guides/add-business-to-google-maps/,Guide,TOFU,4,High,P3,0
how to set up google review for my business,,0,,Reviews / Ratings / Reply,/features/google-review-management/,Feature Landing,BOFU,5,High,P3,0
how to setup profiule photo in google my business listing,,0,,Photos / Logo / Cover / Videos,/guides/add-business-to-google-maps/,Guide,TOFU,4,High,P3,0
how to share google my business page for rating,,0,,Reviews / Ratings / Reply,/features/google-review-management/,Feature Landing,BOFU,5,High,P3,0
how to share google my business site link,,0,,Core / Navigational Head Terms,/google-business-profile-management-tool/,Product Landing,BOFU,5,High,P3,0
how to share google my business with marketing agency,,0,,Management Service / Agency,/google-my-business-management-service/,Service Landing,BOFU,5,High,P3,0
how to share google my business with seo agency,,0,,Optimization / SEO / Ranking,/google-my-business-optimization-service/,Service Landing,BOFU,5,High,P3,0
how to share my business google map,,0,,Other / Long-tail,/guides/google-business-profile-faq/,FAQ,TOFU,1,High,P3,0
how to share my business in google,,0,,Other / Long-tail,/guides/google-business-profile-faq/,FAQ,TOFU,1,High,P3,0
how to share the google my business,,0,,Core / Navigational Head Terms,/google-business-profile-management-tool/,Product Landing,BOFU,5,High,P3,0
how to share the google my business access,,0,,Ownership / Access / Transfer,/guides/google-business-profile-ownership-transfer/,Guide,TOFU,4,High,P3,0
how to share the google my business link,,0,,Core / Navigational Head Terms,/google-business-profile-management-tool/,Product Landing,BOFU,5,High,P3,0
how to share website link of google my business,,0,,Categories / Services / Description,/guides/edit-google-business-profile/,Guide,TOFU,3,High,P3,0
how to show ad in google my business,,0,,Core / Navigational Head Terms,/google-business-profile-management-tool/,Product Landing,BOFU,5,High,P3,0
how to show ads on google my business,,0,,Core / Navigational Head Terms,/google-business-profile-management-tool/,Product Landing,BOFU,5,High,P3,0
how to show my business first on google search,,0,,Other / Long-tail,/guides/google-business-profile-faq/,FAQ,TOFU,1,High,P3,0
how to show my business website in google,,0,,Categories / Services / Description,/guides/edit-google-business-profile/,Guide,TOFU,3,High,P3,0
how to show phone numbers in google my business,,0,,Categories / Services / Description,/guides/edit-google-business-profile/,Guide,TOFU,3,High,P3,0
how to show social media icons in google my business,,0,,Core / Navigational Head Terms,/google-business-profile-management-tool/,Product Landing,BOFU,5,High,P3,0
how to shows my business on google results,,0,,Other / Long-tail,/guides/google-business-profile-faq/,FAQ,TOFU,1,High,P3,0
how to sign in my google business account,,0,,Login / Account / App,/guides/google-business-profile-login/,Guide,TOFU,1,High,P3,0
how to sign in to google my business account,,0,,Login / Account / App,/guides/google-business-profile-login/,Guide,TOFU,1,High,P3,0
how to sign out of google my business app,,0,,Login / Account / App,/guides/google-business-profile-login/,Guide,TOFU,1,High,P3,0
how to spread area in google my business,,0,,Core / Navigational Head Terms,/google-business-profile-management-tool/,Product Landing,BOFU,5,High,P3,0
how to start fresh on google my business,,0,,Core / Navigational Head Terms,/google-business-profile-management-tool/,Product Landing,BOFU,5,High,P3,0
how to start paid google my business listing,,0,,Free / Cost / Pricing,/guides/is-google-my-business-free/,Guide,TOFU,3,High,P3,0
how to start permanently closed google my business,,0,,Core / Navigational Head Terms,/google-business-profile-management-tool/,Product Landing,BOFU,5,High,P3,0
how to stop google advertisement service in google my business,,0,,Management Service / Agency,/google-business-profile-management-tool/,Product Landing,BOFU,5,High,P3,0
how to stop google advertising in google my business,,0,,Core / Navigational Head Terms,/google-business-profile-management-tool/,Product Landing,BOFU,5,High,P3,0
how to stop google advertising service in google my business,,0,,Management Service / Agency,/google-business-profile-management-tool/,Product Landing,BOFU,5,High,P3,0
how to stop google from calling my business,,0,,Other / Long-tail,/guides/google-business-profile-faq/,FAQ,TOFU,1,High,P3,0
how to stop someone to edit my google business page,,0,,Other / Long-tail,/guides/edit-google-business-profile/,Guide,TOFU,3,High,P3,0
how to submit google my business hindi,,0,,Core / Navigational Head Terms,/google-business-profile-management-tool/,Product Landing,BOFU,5,High,P3,0
how to submit google my business verification code,,0,,Verification / Code / Postcard,/guides/google-business-profile-verification/,Guide,MOFU,5,High,P3,0
how to switch between 2 google my business account,,0,,Login / Account / App,/guides/google-business-profile-login/,Guide,TOFU,1,High,P3,0
how to switch for google my business multiple account,,0,,Login / Account / App,/guides/google-business-profile-login/,Guide,TOFU,1,High,P3,0
how to target keywords in google my business,,0,,Core / Navigational Head Terms,/google-business-profile-management-tool/,Product Landing,BOFU,5,High,P3,0
how to temporarily close google my business account,,0,,Login / Account / App,/guides/google-business-profile-login/,Guide,TOFU,1,High,P3,0
how to top in google search results my business,,0,,Other / Long-tail,/guides/google-business-profile-faq/,FAQ,TOFU,1,High,P3,0
how to top in google search results my business 2018,,0,,Other / Long-tail,/guides/google-business-profile-faq/,FAQ,TOFU,1,High,P3,0
how to track google my business in google analytics,,0,,API / Analytics / Insights,/features/google-business-profile-reporting/,Feature Landing,BOFU,4,High,P3,0
how to track google my business listing position,,0,,Core / Navigational Head Terms,/google-business-profile-management-tool/,Product Landing,BOFU,5,High,P3,0
how to track google my business postcard,,0,,Verification / Code / Postcard,/guides/google-business-profile-verification/,Guide,MOFU,5,High,P3,0
how to transfer ownership of a google my business location,,0,,Ownership / Access / Transfer,/guides/google-business-profile-ownership-transfer/,Guide,TOFU,4,High,P3,0
how to transfer ownership of google my business listing,,0,,Ownership / Access / Transfer,/guides/google-business-profile-ownership-transfer/,Guide,TOFU,4,High,P3,0
how to transfer primary ownership of google my business,,0,,Ownership / Access / Transfer,/guides/google-business-profile-ownership-transfer/,Guide,TOFU,4,High,P3,0
how to trend in google my business,,0,,Core / Navigational Head Terms,/google-business-profile-management-tool/,Product Landing,BOFU,5,High,P3,0
how to unlink google my business from google ads,,0,,Core / Navigational Head Terms,/google-business-profile-management-tool/,Product Landing,BOFU,5,High,P3,0
how to update location on google my business,,0,,Google Posts / Offers / Updates,/features/google-posts-scheduler/,Feature Landing,BOFU,5,High,P3,0
how to update my 2nd business name on google,,0,,Google Posts / Offers / Updates,/features/google-posts-scheduler/,Feature Landing,BOFU,5,High,P3,0
how to update my existing domain on google business site,,0,,Google Posts / Offers / Updates,/features/google-posts-scheduler/,Feature Landing,BOFU,5,High,P3,0
how to update our my business on google,,0,,Google Posts / Offers / Updates,/features/google-posts-scheduler/,Feature Landing,BOFU,5,High,P3,0
how to update review in my google my business page,,0,,Reviews / Ratings / Reply,/features/google-review-management/,Feature Landing,BOFU,5,High,P3,0
how to upload company logo pon google my business,,0,,Photos / Logo / Cover / Videos,/google-my-business-management-service/,Service Landing,BOFU,5,High,P3,0
how to upload html file to google my business,,0,,Photos / Logo / Cover / Videos,/guides/google-business-profile-photo-size/,Guide,TOFU,3,High,P3,0
how to upload my business in google search,,0,,Photos / Logo / Cover / Videos,/guides/google-business-profile-photo-size/,Guide,TOFU,3,High,P3,0
how to upload my site in google my business,,0,,Photos / Logo / Cover / Videos,/guides/google-business-profile-photo-size/,Guide,TOFU,3,High,P3,0
how to upload photos to google my business,,0,,Photos / Logo / Cover / Videos,/guides/google-business-profile-photo-size/,Guide,TOFU,3,High,P3,0
how to upload ppt on my google business website,,0,,Photos / Logo / Cover / Videos,/guides/google-business-profile-photo-size/,Guide,TOFU,3,High,P3,0
how to upload presentataion on my google business website,,0,,Photos / Logo / Cover / Videos,/guides/google-business-profile-photo-size/,Guide,TOFU,3,High,P3,0
how to use company name in google my business,,0,,Core / Navigational Head Terms,/google-my-business-management-service/,Service Landing,BOFU,5,High,P3,0
how to use gmb insigt report of google my business,,0,,API / Analytics / Insights,/features/google-business-profile-reporting/,Feature Landing,BOFU,4,High,P3,0
how to use google my business api,,0,,API / Analytics / Insights,/features/google-business-profile-reporting/,Feature Landing,BOFU,4,High,P3,0
how to use google my business for services,,0,,Categories / Services / Description,/guides/google-my-business-services/,Guide,TOFU,4,High,P3,0
how to use google my business for your customers,,0,,Core / Navigational Head Terms,/google-business-profile-management-tool/,Product Landing,BOFU,5,High,P3,0
how to use google my business in hindi,,0,,Core / Navigational Head Terms,/google-business-profile-management-tool/,Product Landing,BOFU,5,High,P3,0
how to use google my business insights in data studio,,0,,API / Analytics / Insights,/features/google-business-profile-reporting/,Feature Landing,BOFU,4,High,P3,0
how to use google my business photos in website,,0,,Photos / Logo / Cover / Videos,/guides/google-business-profile-photo-size/,Guide,TOFU,3,High,P3,0
how to use google my business with mutiemails,,0,,Core / Navigational Head Terms,/google-business-profile-management-tool/,Product Landing,BOFU,5,High,P3,0
how to use labels in google my business,,0,,Core / Navigational Head Terms,/google-business-profile-management-tool/,Product Landing,BOFU,5,High,P3,0
how to use my business google,,0,,Other / Long-tail,/guides/google-business-profile-faq/,FAQ,TOFU,1,High,P3,0
how to use support for google my business,,0,,Support / Customer Care / Contact,/guides/google-business-profile-support/,Official Support Guide,TOFU,1,High,P3,0
how to use verify to my business on google,,0,,Verification / Code / Postcard,/guides/google-business-profile-verification/,Guide,MOFU,5,High,P3,0
how to use wordpress with google my business,,0,,Core / Navigational Head Terms,/google-business-profile-management-tool/,Product Landing,BOFU,5,High,P3,0
how to verify account without postcard in my google business,,0,,Verification / Code / Postcard,/guides/google-business-profile-login/,Guide,TOFU,1,High,P3,0
how to verify google my business bulk listing,,0,,Verification / Code / Postcard,/guides/google-business-profile-verification/,Guide,MOFU,5,High,P3,0
how to verify google my business listing by qr code,,0,,Verification / Code / Postcard,/guides/google-business-profile-verification/,Guide,MOFU,5,High,P3,0
how to verify google my business suspend page,,0,,Suspension / Reinstatement / Delete,/guides/google-business-profile-suspended/,Troubleshooting Guide,MOFU,5,High,P3,0
how to verify google my business suspended page,,0,,Suspension / Reinstatement / Delete,/guides/google-business-profile-suspended/,Troubleshooting Guide,MOFU,5,High,P3,0
how to verify google my business with phone verification code,,0,,Verification / Code / Postcard,/guides/google-business-profile-verification/,Guide,MOFU,5,High,P3,0
how to verify my location for google business,,0,,Verification / Code / Postcard,/guides/google-business-profile-verification/,Guide,MOFU,5,High,P3,0
how to verify my location for google business with postcard,,0,,Verification / Code / Postcard,/guides/google-business-profile-verification/,Guide,MOFU,5,High,P3,0
how to verify my my existing business on google maps,,0,,Verification / Code / Postcard,/guides/google-business-profile-verification/,Guide,MOFU,5,High,P3,0
how to verify the google my business,,0,,Verification / Code / Postcard,/guides/google-business-profile-verification/,Guide,MOFU,5,High,P3,0
how to verify the google my business by email address,,0,,Verification / Code / Postcard,/guides/google-business-profile-verification/,Guide,MOFU,5,High,P3,0
how to verify the google my business page with postcard,,0,,Verification / Code / Postcard,/guides/google-business-profile-verification/,Guide,MOFU,5,High,P3,0
how to view google my business profile,,0,,Core / Navigational Head Terms,/google-business-profile-management-tool/,Product Landing,BOFU,5,High,P3,0
how to we do engagement in google my business,,0,,Core / Navigational Head Terms,/google-business-profile-management-tool/,Product Landing,BOFU,5,High,P3,0
how to we promote our business in google my business,,0,,Core / Navigational Head Terms,/google-business-profile-management-tool/,Product Landing,BOFU,5,High,P3,0
how to wikipedia in google my business,,0,,Core / Navigational Head Terms,/google-business-profile-management-tool/,Product Landing,BOFU,5,High,P3,0
how to work for google my business for brand,,0,,Core / Navigational Head Terms,/google-business-profile-management-tool/,Product Landing,BOFU,5,High,P3,0
how to work for google my business for brbd,,0,,Core / Navigational Head Terms,/google-business-profile-management-tool/,Product Landing,BOFU,5,High,P3,0
how to work google my business,,0,,Core / Navigational Head Terms,/google-business-profile-management-tool/,Product Landing,BOFU,5,High,P3,0
how to work on my business on google,,0,,Other / Long-tail,/guides/google-business-profile-faq/,FAQ,TOFU,1,High,P3,0
how to works google my business,,0,,Core / Navigational Head Terms,/google-business-profile-management-tool/,Product Landing,BOFU,5,High,P3,0
how to write a attractive review on google my business,,0,,Reviews / Ratings / Reply,/features/google-review-management/,Feature Landing,BOFU,5,High,P3,0
how to write about content for google my business,,0,,Core / Navigational Head Terms,/guides/google-business-profile-description-examples/,Guide,TOFU,4,High,P3,0
how to write bold letter post in google my business,,0,,Verification / Code / Postcard,/guides/google-business-profile-verification/,Guide,MOFU,5,High,P3,0
how to write bold post in google my business,,0,,Google Posts / Offers / Updates,/features/google-posts-scheduler/,Feature Landing,BOFU,5,High,P3,0
how to write content for google my business,,0,,Core / Navigational Head Terms,/google-business-profile-management-tool/,Product Landing,BOFU,5,High,P3,0
how to write google my business post,,0,,Google Posts / Offers / Updates,/features/google-posts-scheduler/,Feature Landing,BOFU,5,High,P3,0
how to write html code for google my business,,0,,Verification / Code / Postcard,/guides/google-business-profile-verification/,Guide,MOFU,5,High,P3,0
how to.add more plugins in google my business,,0,,Setup / Add / Create / Register,/guides/add-business-to-google-maps/,Guide,TOFU,4,High,P3,0
how tto change the location on google my business,,0,,Core / Navigational Head Terms,/guides/edit-google-business-profile/,Guide,TOFU,3,High,P3,0
how we can merge two google my business listings,,0,,Core / Navigational Head Terms,/google-business-profile-management-tool/,Product Landing,BOFU,5,High,P3,0
how we can select add section in google my business,,0,,Setup / Add / Create / Register,/guides/add-business-to-google-maps/,Guide,TOFU,4,High,P3,0
how we get google post card my business,,0,,Google Posts / Offers / Updates,/features/google-posts-scheduler/,Feature Landing,BOFU,5,High,P3,0
how we varify google my business,,0,,Core / Navigational Head Terms,/google-business-profile-management-tool/,Product Landing,BOFU,5,High,P3,0
how we verify google my business,,0,,Verification / Code / Postcard,/guides/google-business-profile-verification/,Guide,MOFU,5,High,P3,0
how will i get images of my business on google,,0,,Photos / Logo / Cover / Videos,/guides/google-business-profile-photo-size/,Guide,TOFU,3,High,P3,0
how will my listing be top on google my business,,0,,Core / Navigational Head Terms,/google-business-profile-management-tool/,Product Landing,BOFU,5,High,P3,0
howto add my business in google search,,0,,Setup / Add / Create / Register,/guides/add-business-to-google-maps/,Guide,TOFU,4,High,P3,0
http business.google.com website parinayashoppingmall google my business menu,,0,,Google Posts / Offers / Updates,/guides/google-my-business-services/,Guide,TOFU,4,High,P3,0
http google my business,,0,,Core / Navigational Head Terms,/google-business-profile-management-tool/,Product Landing,BOFU,5,High,P3,0
https iiadm.in blog what-is-google-my-business-add-product-in-gmb,,0,,Google Posts / Offers / Updates,/guides/add-business-to-google-maps/,Guide,TOFU,4,High,P3,0
https underconstructionpage.com post-to-google-my-business-review,,0,,Reviews / Ratings / Reply,/features/google-review-management/,Feature Landing,BOFU,5,High,P3,0
https www google my business scb co th,,0,,Core / Navigational Head Terms,/google-business-profile-management-tool/,Product Landing,BOFU,5,High,P3,0
https www.advicelocal.com blog best-image-sizes-for-google-my-business,,0,,Photos / Logo / Cover / Videos,/guides/google-business-profile-photo-size/,Guide,TOFU,3,High,P3,0
https www.google.comgoogle create my business,,0,,Setup / Add / Create / Register,/guides/add-business-to-google-maps/,Guide,TOFU,4,High,P3,0
https www.seroundtable.com google-my-business-menus-25178.html,,0,,Other / Long-tail,/guides/google-business-profile-faq/,FAQ,TOFU,1,High,P3,0
hubspot google my business,,0,,Core / Navigational Head Terms,/google-business-profile-management-tool/,Product Landing,BOFU,5,High,P3,0
hvad er google my business,,0,,Core / Navigational Head Terms,/google-business-profile-management-tool/,Product Landing,BOFU,5,High,P3,0
hwo to reactivate google my business,,0,,Core / Navigational Head Terms,/google-business-profile-management-tool/,Product Landing,BOFU,5,High,P3,0
i am not getting google my business pin,,0,,Verification / Code / Postcard,/guides/google-business-profile-verification/,Guide,MOFU,5,High,P3,0
i am not getting my google business card,,0,,Other / Long-tail,/guides/google-business-profile-faq/,FAQ,TOFU,1,High,P3,0
i am not getting verification code for google my business,,0,,Verification / Code / Postcard,/guides/google-business-profile-verification/,Guide,MOFU,5,High,P3,0
i am not gettog my postcard for google business verification,,0,,Verification / Code / Postcard,/guides/google-business-profile-verification/,Guide,MOFU,5,High,P3,0
i am unable to change my business address in google,,0,,Categories / Services / Description,/guides/edit-google-business-profile/,Guide,TOFU,3,High,P3,0
i can see my locations in google business,,0,,Other / Long-tail,/google-business-profile-management-tool/,Product Landing,BOFU,5,High,P3,0
i can t verify my business on google,,0,,Verification / Code / Postcard,/guides/google-business-profile-verification/,Guide,MOFU,5,High,P3,0
i can't see my business on google,,0,,Other / Long-tail,/guides/google-business-profile-faq/,FAQ,TOFU,1,High,P3,0
i could not remove my business listing in google maps,,0,,Suspension / Reinstatement / Delete,/guides/google-business-profile-faq/,FAQ,TOFU,1,High,P3,0
i deleted my google business account but its still there,,0,,Login / Account / App,/guides/google-business-profile-login/,Guide,TOFU,1,High,P3,0
i deleted my google business page still visibkle,,0,,Other / Long-tail,/guides/google-business-profile-faq/,FAQ,TOFU,1,High,P3,0
i did not receice mail from google my business,,0,,Core / Navigational Head Terms,/google-business-profile-management-tool/,Product Landing,BOFU,5,High,P3,0
i did not receive mail from google my business,,0,,Core / Navigational Head Terms,/google-business-profile-management-tool/,Product Landing,BOFU,5,High,P3,0
i did not received google my business verification code,,0,,Verification / Code / Postcard,/guides/google-business-profile-verification/,Guide,MOFU,5,High,P3,0
i didn't found email verification option in google my business,,0,,Verification / Code / Postcard,/guides/google-business-profile-verification/,Guide,MOFU,5,High,P3,0
i didn't see my business location in google maps,,0,,Other / Long-tail,/guides/google-business-profile-faq/,FAQ,TOFU,1,High,P3,0
i don't know if my google business is verified,,0,,Verification / Code / Postcard,/guides/google-business-profile-verification/,Guide,MOFU,5,High,P3,0
i don't see my business on google search pack,,0,,Other / Long-tail,/guides/google-business-profile-faq/,FAQ,TOFU,1,High,P3,0
i don't want to post on my address google business,,0,,Google Posts / Offers / Updates,/features/google-posts-scheduler/,Feature Landing,BOFU,5,High,P3,0
i forgot how i created my google business listing,,0,,Other / Long-tail,/guides/google-business-profile-faq/,FAQ,TOFU,1,High,P3,0
i forgot my business listing id on google,,0,,Other / Long-tail,/guides/google-business-profile-faq/,FAQ,TOFU,1,High,P3,0
i have verify my business on google maps,,0,,Verification / Code / Postcard,/guides/google-business-profile-verification/,Guide,MOFU,5,High,P3,0
i keeo getting google business add on my phone,,0,,Categories / Services / Description,/guides/add-business-to-google-maps/,Guide,TOFU,4,High,P3,0
i lost google my business account how to create another,,0,,Setup / Add / Create / Register,/guides/google-business-profile-login/,Guide,TOFU,1,High,P3,0
i lost my google business id,,0,,Other / Long-tail,/guides/google-business-profile-faq/,FAQ,TOFU,1,High,P3,0
i promote my business in google,,0,,Other / Long-tail,/guides/google-business-profile-faq/,FAQ,TOFU,1,High,P3,0
i uploaded my business on google but didnt got satisfies,,0,,Other / Long-tail,/guides/google-business-profile-faq/,FAQ,TOFU,1,High,P3,0
i want my business name to show on google maps,,0,,Other / Long-tail,/guides/google-business-profile-faq/,FAQ,TOFU,1,High,P3,0
i want my business on google maps,,0,,Other / Long-tail,/guides/google-business-profile-faq/,FAQ,TOFU,1,High,P3,0
i want to add my business information on google,,0,,Setup / Add / Create / Register,/guides/add-business-to-google-maps/,Guide,TOFU,4,High,P3,0
i want to create a google account for my business,,0,,Setup / Add / Create / Register,/guides/google-business-profile-login/,Guide,TOFU,1,High,P3,0
i want to display my business in google map,,0,,Other / Long-tail,/guides/google-business-profile-faq/,FAQ,TOFU,1,High,P3,0
i want to put my business on google maps,,0,,Setup / Add / Create / Register,/guides/add-business-to-google-maps/,Guide,TOFU,4,High,P3,0
i want to set my business location in google map,,0,,Other / Long-tail,/guides/google-business-profile-faq/,FAQ,TOFU,1,High,P3,0
i want to set my business location on google maps,,0,,Other / Long-tail,/guides/google-business-profile-faq/,FAQ,TOFU,1,High,P3,0
i would like to advertise my business on google,,0,,Other / Long-tail,/guides/google-business-profile-faq/,FAQ,TOFU,1,High,P3,0
iabc google my business,,0,,Core / Navigational Head Terms,/google-business-profile-management-tool/,Product Landing,BOFU,5,High,P3,0
iam unable to claim my business in google map,,0,,Setup / Add / Create / Register,/guides/google-business-profile-ownership-transfer/,Guide,TOFU,4,High,P3,0
icon google my business png,,0,,Core / Navigational Head Terms,/google-business-profile-management-tool/,Product Landing,BOFU,5,High,P3,0
idbi bank prithviraj road jaipur google my business,,0,,Core / Navigational Head Terms,/google-business-profile-management-tool/,Product Landing,BOFU,5,High,P3,0
idbi c scheme jaipur google my business,,0,,Core / Navigational Head Terms,/google-business-profile-management-tool/,Product Landing,BOFU,5,High,P3,0
if remove the location from google my business,,0,,Suspension / Reinstatement / Delete,/google-business-profile-management-tool/,Product Landing,BOFU,5,High,P3,0
image diagnostics google my business,,0,,Photos / Logo / Cover / Videos,/guides/google-business-profile-photo-size/,Guide,TOFU,3,High,P3,0
image size for product google my business,,0,,Google Posts / Offers / Updates,/guides/google-business-profile-posts-examples/,Guide,TOFU,4,High,P3,0
image size google my business,,0,,Photos / Logo / Cover / Videos,/guides/google-business-profile-photo-size/,Guide,TOFU,3,High,P3,0
image size of google my business post,,0,,Google Posts / Offers / Updates,/guides/google-business-profile-posts-examples/,Guide,TOFU,4,High,P3,0
immediate suspension of google my business project,,0,,Suspension / Reinstatement / Delete,/guides/google-business-profile-suspended/,Troubleshooting Guide,MOFU,5,High,P3,0
impact of description in google my business,,0,,Categories / Services / Description,/guides/google-business-profile-description-examples/,Guide,TOFU,4,High,P3,0
impact of good images in google my business,,0,,Photos / Logo / Cover / Videos,/guides/google-business-profile-photo-size/,Guide,TOFU,3,High,P3,0
impact of images in google my business,,0,,Photos / Logo / Cover / Videos,/guides/google-business-profile-photo-size/,Guide,TOFU,3,High,P3,0
imporance of images in google my business,,0,,Photos / Logo / Cover / Videos,/guides/google-business-profile-photo-size/,Guide,TOFU,3,High,P3,0
import google my business to bing places,,0,,Core / Navigational Head Terms,/google-business-profile-management-tool/,Product Landing,BOFU,5,High,P3,0
importance of google my business listing,,0,,Core / Navigational Head Terms,/google-business-profile-management-tool/,Product Landing,BOFU,5,High,P3,0
importance of images in google my business,,0,,Photos / Logo / Cover / Videos,/guides/google-business-profile-photo-size/,Guide,TOFU,3,High,P3,0
importance of nap on google my business,,0,,Core / Navigational Head Terms,/google-business-profile-management-tool/,Product Landing,BOFU,5,High,P3,0
importance of photo in google my business,,0,,Photos / Logo / Cover / Videos,/guides/google-business-profile-photo-size/,Guide,TOFU,3,High,P3,0
importance of product feature in google my business,,0,,Google Posts / Offers / Updates,/features/google-posts-scheduler/,Feature Landing,BOFU,5,High,P3,0
importance of products in google my business,,0,,Google Posts / Offers / Updates,/features/google-posts-scheduler/,Feature Landing,BOFU,5,High,P3,0
importing google my business using python,,0,,Core / Navigational Head Terms,/google-business-profile-management-tool/,Product Landing,BOFU,5,High,P3,0
improve google my business listing,,0,,Optimization / SEO / Ranking,/guides/google-business-profile-optimization-checklist/,Pillar Guide,MOFU,5,High,P3,0
in google my business ho to sell products online,,0,,Google Posts / Offers / Updates,/features/google-posts-scheduler/,Feature Landing,BOFU,5,High,P3,0
in google my business how to change primary owner,,0,,Ownership / Access / Transfer,/guides/edit-google-business-profile/,Guide,TOFU,3,High,P3,0
in google pay my business name has not changed,,0,,Other / Long-tail,/guides/google-business-profile-faq/,FAQ,TOFU,1,High,P3,0
india google my business third party service,,0,,Management Service / Agency,/google-business-profile-management-tool/,Product Landing,BOFU,5,High,P3,0
indianlancer google my business,,0,,Core / Navigational Head Terms,/google-business-profile-management-tool/,Product Landing,BOFU,5,High,P3,0
infographic for google my business,,0,,Core / Navigational Head Terms,/google-business-profile-management-tool/,Product Landing,BOFU,5,High,P3,0
information about google my business,,0,,Core / Navigational Head Terms,/guides/google-business-profile-description-examples/,Guide,TOFU,4,High,P3,0
insights google my business,,0,,API / Analytics / Insights,/features/google-business-profile-reporting/,Feature Landing,BOFU,4,High,P3,0
instagram to google my business,,0,,Core / Navigational Head Terms,/google-business-profile-management-tool/,Product Landing,BOFU,5,High,P3,0
integrate google my business,,0,,Core / Navigational Head Terms,/google-business-profile-management-tool/,Product Landing,BOFU,5,High,P3,0
integrate two google my business pages,,0,,Core / Navigational Head Terms,/google-business-profile-management-tool/,Product Landing,BOFU,5,High,P3,0
invite people for review on my google business,,0,,Reviews / Ratings / Reply,/features/google-review-management/,Feature Landing,BOFU,5,High,P3,0
ioded in google my business,,0,,Core / Navigational Head Terms,/google-business-profile-management-tool/,Product Landing,BOFU,5,High,P3,0
iodide in google my business,,0,,Core / Navigational Head Terms,/google-business-profile-management-tool/,Product Landing,BOFU,5,High,P3,0
is astrologer an allowed category in google my business,,0,,Categories / Services / Description,/guides/google-business-profile-categories-list/,Guide,TOFU,4,High,P3,0
is astrologers an allowed category in google my business,,0,,Categories / Services / Description,/guides/google-business-profile-categories-list/,Guide,TOFU,4,High,P3,0
is google my business alternate to google plus,,0,,Core / Navigational Head Terms,/google-business-profile-management-tool/,Product Landing,BOFU,5,High,P3,0
is google my business and analytics same,,0,,API / Analytics / Insights,/features/google-business-profile-reporting/,Feature Landing,BOFU,4,High,P3,0
is google my business any useful,,0,,Core / Navigational Head Terms,/google-business-profile-management-tool/,Product Landing,BOFU,5,High,P3,0
is google my business claim any money,,0,,Setup / Add / Create / Register,/guides/google-business-profile-ownership-transfer/,Guide,TOFU,4,High,P3,0
is google my business free for marketing services,,0,,Categories / Services / Description,/guides/google-my-business-services/,Guide,TOFU,4,High,P3,0
is google my business free worth it,,0,,Free / Cost / Pricing,/guides/is-google-my-business-free/,Guide,TOFU,3,High,P3,0
is google my business going away,,0,,Core / Navigational Head Terms,/google-business-profile-management-tool/,Product Landing,BOFU,5,High,P3,0
is google my business good,,0,,Core / Navigational Head Terms,/google-business-profile-management-tool/,Product Landing,BOFU,5,High,P3,0
is google my business good for graphic designers,,0,,Core / Navigational Head Terms,/google-business-profile-management-tool/,Product Landing,BOFU,5,High,P3,0
is google my business important,,0,,Core / Navigational Head Terms,/google-business-profile-management-tool/,Product Landing,BOFU,5,High,P3,0
is google my business on page seo,,0,,Optimization / SEO / Ranking,/guides/google-business-profile-optimization-checklist/,Pillar Guide,MOFU,5,High,P3,0
is google my business really free,,0,,Free / Cost / Pricing,/guides/is-google-my-business-free/,Guide,TOFU,3,High,P3,0
is google my business required for blogging,,0,,Core / Navigational Head Terms,/google-business-profile-management-tool/,Product Landing,BOFU,5,High,P3,0
is google my business safe,,0,,Core / Navigational Head Terms,/google-business-profile-management-tool/,Product Landing,BOFU,5,High,P3,0
is google my business social media,,0,,Core / Navigational Head Terms,/google-business-profile-management-tool/,Product Landing,BOFU,5,High,P3,0
is google my business the same as google plus,,0,,Core / Navigational Head Terms,/google-business-profile-management-tool/,Product Landing,BOFU,5,High,P3,0
is google my business useful,,0,,Core / Navigational Head Terms,/google-business-profile-management-tool/,Product Landing,BOFU,5,High,P3,0
is google my business website free,,0,,Categories / Services / Description,/guides/edit-google-business-profile/,Guide,TOFU,3,High,P3,0
is google my business website good,,0,,Categories / Services / Description,/guides/edit-google-business-profile/,Guide,TOFU,3,High,P3,0
is google plus different from google my business,,0,,Core / Navigational Head Terms,/google-business-profile-management-tool/,Product Landing,BOFU,5,High,P3,0
is ip effect on google my business,,0,,Core / Navigational Head Terms,/google-business-profile-management-tool/,Product Landing,BOFU,5,High,P3,0
is it possible to create event in google my business,,0,,Google Posts / Offers / Updates,/guides/add-business-to-google-maps/,Guide,TOFU,4,High,P3,0
is it worth to post on google my business,,0,,Google Posts / Offers / Updates,/features/google-posts-scheduler/,Feature Landing,BOFU,5,High,P3,0
is reply important in google my business review,,0,,Reviews / Ratings / Reply,/features/google-review-management/,Feature Landing,BOFU,5,High,P3,0
is review affects our google my business ranking,,0,,Reviews / Ratings / Reply,/features/google-review-management/,Feature Landing,BOFU,5,High,P3,0
is store front manatory for google my business,,0,,Core / Navigational Head Terms,/google-business-profile-management-tool/,Product Landing,BOFU,5,High,P3,0
is there a contact number for google my business india,,0,,Support / Customer Care / Contact,/guides/google-business-profile-support/,Official Support Guide,TOFU,1,High,P3,0
is this google my business,,0,,Core / Navigational Head Terms,/google-business-profile-management-tool/,Product Landing,BOFU,5,High,P3,0
is verificstion required if address change in google my business,,0,,Categories / Services / Description,/guides/edit-google-business-profile/,Guide,TOFU,3,High,P3,0
is verify my business on google by mail needs money,,0,,Verification / Code / Postcard,/guides/google-business-profile-verification/,Guide,MOFU,5,High,P3,0
ishiba couture google my business,,0,,Core / Navigational Head Terms,/google-business-profile-management-tool/,Product Landing,BOFU,5,High,P3,0
ishibha_couture google my business,,0,,Core / Navigational Head Terms,/google-business-profile-management-tool/,Product Landing,BOFU,5,High,P3,0
ishibhacouture google my business,,0,,Core / Navigational Head Terms,/google-business-profile-management-tool/,Product Landing,BOFU,5,High,P3,0
it's not available for your account google my business,,0,,Login / Account / App,/guides/google-business-profile-login/,Guide,TOFU,1,High,P3,0
jepto google my business connector,,0,,Core / Navigational Head Terms,/google-business-profile-management-tool/,Product Landing,BOFU,5,High,P3,0
job posting on google my business,,0,,Core / Navigational Head Terms,/google-business-profile-management-tool/,Product Landing,BOFU,5,High,P3,0
join google my business,,0,,Core / Navigational Head Terms,/google-business-profile-management-tool/,Product Landing,BOFU,5,High,P3,0
joy hawkins google my business,,0,,Core / Navigational Head Terms,/google-business-profile-management-tool/,Product Landing,BOFU,5,High,P3,0
joy hawkins google my business mail id,,0,,Core / Navigational Head Terms,/google-business-profile-management-tool/,Product Landing,BOFU,5,High,P3,0
junk removal google my business,,0,,Core / Navigational Head Terms,/google-business-profile-management-tool/,Product Landing,BOFU,5,High,P3,0
just one hour badge google my business,,0,,Core / Navigational Head Terms,/google-business-profile-management-tool/,Product Landing,BOFU,5,High,P3,0
kaivalya pr google my business,,0,,Core / Navigational Head Terms,/google-business-profile-management-tool/,Product Landing,BOFU,5,High,P3,0
kb home arroyo vista at the woodlands google my business,,0,,Core / Navigational Head Terms,/google-business-profile-management-tool/,Product Landing,BOFU,5,High,P3,0
key words in google my business,,0,,Core / Navigational Head Terms,/google-business-profile-management-tool/,Product Landing,BOFU,5,High,P3,0
keywords to search my business on google,,0,,Other / Long-tail,/guides/google-business-profile-faq/,FAQ,TOFU,1,High,P3,0
labels for google my business,,0,,Core / Navigational Head Terms,/google-business-profile-management-tool/,Product Landing,BOFU,5,High,P3,0
labels meaning in google my business,,0,,Core / Navigational Head Terms,/google-business-profile-management-tool/,Product Landing,BOFU,5,High,P3,0
lable in google my business listing,,0,,Core / Navigational Head Terms,/google-business-profile-management-tool/,Product Landing,BOFU,5,High,P3,0
laleela google my business,,0,,Core / Navigational Head Terms,/google-business-profile-management-tool/,Product Landing,BOFU,5,High,P3,0
lalila google my business,,0,,Core / Navigational Head Terms,/google-business-profile-management-tool/,Product Landing,BOFU,5,High,P3,0
latest google my business updates,,0,,Google Posts / Offers / Updates,/features/google-posts-scheduler/,Feature Landing,BOFU,5,High,P3,0
lbl local business listing google my business support,,0,,Support / Customer Care / Contact,/guides/google-business-profile-support/,Official Support Guide,TOFU,1,High,P3,0
leadtomarket.com google my business,,0,,Core / Navigational Head Terms,/google-business-profile-management-tool/,Product Landing,BOFU,5,High,P3,0
left a review for google my business,,0,,Reviews / Ratings / Reply,/features/google-review-management/,Feature Landing,BOFU,5,High,P3,0
leveraging google my business,,0,,Core / Navigational Head Terms,/google-business-profile-management-tool/,Product Landing,BOFU,5,High,P3,0
libellé google my business,,0,,Core / Navigational Head Terms,/google-business-profile-management-tool/,Product Landing,BOFU,5,High,P3,0
life11 google my business,,0,,Core / Navigational Head Terms,/google-business-profile-management-tool/,Product Landing,BOFU,5,High,P3,0
ling to your blog on google my business,,0,,Core / Navigational Head Terms,/google-business-profile-management-tool/,Product Landing,BOFU,5,High,P3,0
link adword account to google my business,,0,,Login / Account / App,/guides/google-business-profile-login/,Guide,TOFU,1,High,P3,0
link adwords account to google my business,,0,,Login / Account / App,/guides/google-business-profile-login/,Guide,TOFU,1,High,P3,0
link adwords and google my business,,0,,Core / Navigational Head Terms,/google-business-profile-management-tool/,Product Landing,BOFU,5,High,P3,0
link adwords express to google my business,,0,,Core / Navigational Head Terms,/google-business-profile-management-tool/,Product Landing,BOFU,5,High,P3,0
link adwords to google my business,,0,,Core / Navigational Head Terms,/google-business-profile-management-tool/,Product Landing,BOFU,5,High,P3,0
link adwords with google my business,,0,,Core / Navigational Head Terms,/google-business-profile-management-tool/,Product Landing,BOFU,5,High,P3,0
link directly to google my business reviews,,0,,Reviews / Ratings / Reply,/features/google-review-management/,Feature Landing,BOFU,5,High,P3,0
link existing google domain to google my business,,0,,Core / Navigational Head Terms,/google-business-profile-management-tool/,Product Landing,BOFU,5,High,P3,0
link facebook page to google my business,,0,,Core / Navigational Head Terms,/google-business-profile-management-tool/,Product Landing,BOFU,5,High,P3,0
link facebook page to google my business site,,0,,Core / Navigational Head Terms,/google-business-profile-management-tool/,Product Landing,BOFU,5,High,P3,0
link facebook page with google my business,,0,,Core / Navigational Head Terms,/google-business-profile-management-tool/,Product Landing,BOFU,5,High,P3,0
link facebook to google my business,,0,,Core / Navigational Head Terms,/google-business-profile-management-tool/,Product Landing,BOFU,5,High,P3,0
link generator for google my business,,0,,Core / Navigational Head Terms,/google-business-profile-management-tool/,Product Landing,BOFU,5,High,P3,0
link google adwords to google my business,,0,,Core / Navigational Head Terms,/google-business-profile-management-tool/,Product Landing,BOFU,5,High,P3,0
link google analytics to google my business,,0,,API / Analytics / Insights,/features/google-business-profile-reporting/,Feature Landing,BOFU,4,High,P3,0
link google my business to adwords,,0,,Core / Navigational Head Terms,/google-business-profile-management-tool/,Product Landing,BOFU,5,High,P3,0
link google my business to adwords 2019,,0,,Core / Navigational Head Terms,/google-business-profile-management-tool/,Product Landing,BOFU,5,High,P3,0
link google my business to analytics,,0,,API / Analytics / Insights,/features/google-business-profile-reporting/,Feature Landing,BOFU,4,High,P3,0
link google my business to google profilr,,0,,Core / Navigational Head Terms,/google-business-profile-management-tool/,Product Landing,BOFU,5,High,P3,0
link google my business to sear,,0,,Core / Navigational Head Terms,/google-business-profile-management-tool/,Product Landing,BOFU,5,High,P3,0
link google my business with adwords,,0,,Core / Navigational Head Terms,/google-business-profile-management-tool/,Product Landing,BOFU,5,High,P3,0
link instagram to google my business,,0,,Core / Navigational Head Terms,/google-business-profile-management-tool/,Product Landing,BOFU,5,High,P3,0
link social media profile to google my business page,,0,,Core / Navigational Head Terms,/google-business-profile-management-tool/,Product Landing,BOFU,5,High,P3,0
link social media profiles to google my business page,,0,,Core / Navigational Head Terms,/google-business-profile-management-tool/,Product Landing,BOFU,5,High,P3,0
link submission sites for google my business,,0,,Core / Navigational Head Terms,/google-business-profile-management-tool/,Product Landing,BOFU,5,High,P3,0
link your google my business account to adwords,,0,,Login / Account / App,/guides/google-business-profile-login/,Guide,TOFU,1,High,P3,0
link youtube channel to google my business,,0,,Core / Navigational Head Terms,/google-business-profile-management-tool/,Product Landing,BOFU,5,High,P3,0
linked google my business,,0,,Core / Navigational Head Terms,/google-business-profile-management-tool/,Product Landing,BOFU,5,High,P3,0
linking facebook to google my business,,0,,Core / Navigational Head Terms,/google-business-profile-management-tool/,Product Landing,BOFU,5,High,P3,0
list all reviews of google my business in php,,0,,Reviews / Ratings / Reply,/features/google-review-management/,Feature Landing,BOFU,5,High,P3,0
list my business in google plys,,0,,Setup / Add / Create / Register,/guides/add-business-to-google-maps/,Guide,TOFU,4,High,P3,0
list my business on google places,,0,,Setup / Add / Create / Register,/guides/add-business-to-google-maps/,Guide,TOFU,4,High,P3,0
list my photography business on google,,0,,Setup / Add / Create / Register,/guides/add-business-to-google-maps/,Guide,TOFU,4,High,P3,0
list of categories google my business,,0,,Categories / Services / Description,/guides/google-business-profile-categories-list/,Guide,TOFU,4,High,P3,0
list of google my business categories 2019,,0,,Categories / Services / Description,/guides/google-business-profile-categories-list/,Guide,TOFU,4,High,P3,0
live chat google my business,,0,,Core / Navigational Head Terms,/google-business-profile-management-tool/,Product Landing,BOFU,5,High,P3,0
live chat with google my business,,0,,Core / Navigational Head Terms,/google-business-profile-management-tool/,Product Landing,BOFU,5,High,P3,0
liveperson google my business,,0,,Core / Navigational Head Terms,/google-business-profile-management-tool/,Product Landing,BOFU,5,High,P3,0
local marketing /google my business,,0,,Core / Navigational Head Terms,/google-business-profile-management-tool/,Product Landing,BOFU,5,High,P3,0
local search local listing web directory google my business support,,0,,Support / Customer Care / Contact,/guides/google-business-profile-support/,Official Support Guide,TOFU,1,High,P3,0
local search seo google my business,,0,,Optimization / SEO / Ranking,/guides/google-business-profile-optimization-checklist/,Pillar Guide,MOFU,5,High,P3,0
local search web directory local listing google my business support,,0,,Support / Customer Care / Contact,/guides/google-business-profile-support/,Official Support Guide,TOFU,1,High,P3,0
local seo bing places google my business,,0,,Optimization / SEO / Ranking,/guides/google-business-profile-optimization-checklist/,Pillar Guide,MOFU,5,High,P3,0
local seo is a google my business,,0,,Optimization / SEO / Ranking,/guides/google-business-profile-optimization-checklist/,Pillar Guide,MOFU,5,High,P3,0
local seo like google my business,,0,,Optimization / SEO / Ranking,/guides/google-business-profile-optimization-checklist/,Pillar Guide,MOFU,5,High,P3,0
local seo list google my business,,0,,Optimization / SEO / Ranking,/guides/google-business-profile-optimization-checklist/,Pillar Guide,MOFU,5,High,P3,0
located my business on google maps,,0,,Other / Long-tail,/guides/google-business-profile-faq/,FAQ,TOFU,1,High,P3,0
location extension google my business,,0,,Core / Navigational Head Terms,/google-business-profile-management-tool/,Product Landing,BOFU,5,High,P3,0
location extensions without google my business,,0,,Core / Navigational Head Terms,/google-business-profile-management-tool/,Product Landing,BOFU,5,High,P3,0
location google my business,,0,,Core / Navigational Head Terms,/google-business-profile-management-tool/,Product Landing,BOFU,5,High,P3,0
location group google my business,,0,,Core / Navigational Head Terms,/google-business-profile-management-tool/,Product Landing,BOFU,5,High,P3,0
location on google my business,,0,,Core / Navigational Head Terms,/google-business-profile-management-tool/,Product Landing,BOFU,5,High,P3,0
location score review in google my business,,0,,Reviews / Ratings / Reply,/features/google-review-management/,Feature Landing,BOFU,5,High,P3,0
location update google my business,,0,,Google Posts / Offers / Updates,/features/google-posts-scheduler/,Feature Landing,BOFU,5,High,P3,0
login google my business without gmail id,,0,,Login / Account / App,/guides/google-business-profile-login/,Guide,TOFU,1,High,P3,0
login to my google business page,,0,,Login / Account / App,/guides/google-business-profile-login/,Guide,TOFU,1,High,P3,0
logo dimensions for google my business,,0,,Photos / Logo / Cover / Videos,/guides/google-my-business-logo-size/,Guide,TOFU,3,High,P3,0
logo size in google my business,,0,,Photos / Logo / Cover / Videos,/guides/google-my-business-logo-size/,Guide,TOFU,3,High,P3,0
looking for google my business,,0,,Core / Navigational Head Terms,/google-business-profile-management-tool/,Product Landing,BOFU,5,High,P3,0
loomly google my business,,0,,Core / Navigational Head Terms,/google-business-profile-management-tool/,Product Landing,BOFU,5,High,P3,0
lost mail id for google my business listing,,0,,Core / Navigational Head Terms,/google-business-profile-management-tool/,Product Landing,BOFU,5,High,P3,0
luxe font for my business google,,0,,Other / Long-tail,/guides/google-business-profile-faq/,FAQ,TOFU,1,High,P3,0
m learning india google my business account,,0,,Login / Account / App,/guides/google-business-profile-login/,Guide,TOFU,1,High,P3,0
mahabir danwar jewellers in google my business,,0,,Core / Navigational Head Terms,/google-business-profile-management-tool/,Product Landing,BOFU,5,High,P3,0
make a google plus page for my business,,0,,Other / Long-tail,/guides/google-business-profile-faq/,FAQ,TOFU,1,High,P3,0
make google my business api to public,,0,,API / Analytics / Insights,/features/google-business-profile-reporting/,Feature Landing,BOFU,4,High,P3,0
make my business appear on google maps,,0,,Other / Long-tail,/guides/google-business-profile-faq/,FAQ,TOFU,1,High,P3,0
make my business show on google maps,,0,,Other / Long-tail,/guides/google-business-profile-faq/,FAQ,TOFU,1,High,P3,0
make my business show up on google maps,,0,,Other / Long-tail,/guides/google-business-profile-faq/,FAQ,TOFU,1,High,P3,0
manage google my business for clients,,0,,Management Service / Agency,/google-business-profile-management-tool/,Product Landing,BOFU,5,High,P3,0
manage google my business reviews,,0,,Reviews / Ratings / Reply,/features/google-review-management/,Feature Landing,BOFU,5,High,P3,0
managing google my business for client's,,0,,Core / Navigational Head Terms,/google-business-profile-management-tool/,Product Landing,BOFU,5,High,P3,0
managing multiple locations on google my business,,0,,Core / Navigational Head Terms,/google-business-profile-management-tool/,Product Landing,BOFU,5,High,P3,0
managing your listing on google my business page,,0,,Core / Navigational Head Terms,/google-business-profile-management-tool/,Product Landing,BOFU,5,High,P3,0
manasa ashraya google my business,,0,,Core / Navigational Head Terms,/google-business-profile-management-tool/,Product Landing,BOFU,5,High,P3,0
map google my business with my domain,,0,,Core / Navigational Head Terms,/google-business-profile-management-tool/,Product Landing,BOFU,5,High,P3,0
map support for google my business,,0,,Support / Customer Care / Contact,/guides/google-business-profile-support/,Official Support Guide,TOFU,1,High,P3,0
marc pridmore designs google my business,,0,,Core / Navigational Head Terms,/google-business-profile-management-tool/,Product Landing,BOFU,5,High,P3,0
marke my business on google,,0,,Other / Long-tail,/guides/google-business-profile-faq/,FAQ,TOFU,1,High,P3,0
marker location in google map in google my business,,0,,Core / Navigational Head Terms,/google-business-profile-management-tool/,Product Landing,BOFU,5,High,P3,0
marketing experts for google my business,,0,,Core / Navigational Head Terms,/google-business-profile-management-tool/,Product Landing,BOFU,5,High,P3,0
marketing google my business online,,0,,Core / Navigational Head Terms,/google-business-profile-management-tool/,Product Landing,BOFU,5,High,P3,0
master google my business,,0,,Core / Navigational Head Terms,/google-business-profile-management-tool/,Product Landing,BOFU,5,High,P3,0
maxmium video size for google my business,,0,,Photos / Logo / Cover / Videos,/guides/google-business-profile-photo-size/,Guide,TOFU,3,High,P3,0
maya chinese noodles factory google my business,,0,,Core / Navigational Head Terms,/google-business-profile-management-tool/,Product Landing,BOFU,5,High,P3,0
md suman software company google my business,,0,,Management Service / Agency,/google-my-business-management-service/,Service Landing,BOFU,5,High,P3,0
mdi mdi-google-my-business,,0,,Other / Long-tail,/guides/google-business-profile-faq/,FAQ,TOFU,1,High,P3,0
media tag in google my business,,0,,Core / Navigational Head Terms,/google-business-profile-management-tool/,Product Landing,BOFU,5,High,P3,0
media tage in google my business,,0,,Core / Navigational Head Terms,/google-business-profile-management-tool/,Product Landing,BOFU,5,High,P3,0
medivision google my business,,0,,Core / Navigational Head Terms,/google-business-profile-management-tool/,Product Landing,BOFU,5,High,P3,0
medray diagnostics google my business,,0,,Core / Navigational Head Terms,/google-business-profile-management-tool/,Product Landing,BOFU,5,High,P3,0
menu url google my business,,0,,Google Posts / Offers / Updates,/guides/google-my-business-services/,Guide,TOFU,4,High,P3,0
merge duplicate google my business listings,,0,,Suspension / Reinstatement / Delete,/google-business-profile-management-tool/,Product Landing,BOFU,5,High,P3,0
merge google my business,,0,,Core / Navigational Head Terms,/google-business-profile-management-tool/,Product Landing,BOFU,5,High,P3,0
merge google my business accounts,,0,,Core / Navigational Head Terms,/google-business-profile-management-tool/,Product Landing,BOFU,5,High,P3,0
merge google my business locations,,0,,Core / Navigational Head Terms,/google-business-profile-management-tool/,Product Landing,BOFU,5,High,P3,0
merge google my business reviews,,0,,Reviews / Ratings / Reply,/features/google-review-management/,Feature Landing,BOFU,5,High,P3,0
merge my google business listings,,0,,Other / Long-tail,/guides/google-business-profile-faq/,FAQ,TOFU,1,High,P3,0
merge same location different reviews in google my business,,0,,Reviews / Ratings / Reply,/features/google-review-management/,Feature Landing,BOFU,5,High,P3,0
merge two google my business accounts,,0,,Core / Navigational Head Terms,/google-business-profile-management-tool/,Product Landing,BOFU,5,High,P3,0
merge two google my business pages,,0,,Core / Navigational Head Terms,/google-business-profile-management-tool/,Product Landing,BOFU,5,High,P3,0
merge two my google business pages,,0,,Other / Long-tail,/guides/google-business-profile-faq/,FAQ,TOFU,1,High,P3,0
meta tag from google my business website,,0,,Categories / Services / Description,/guides/edit-google-business-profile/,Guide,TOFU,3,High,P3,0
minecodes google my business,,0,,Core / Navigational Head Terms,/google-business-profile-management-tool/,Product Landing,BOFU,5,High,P3,0
mobile device add photos in google my business reviews,,0,,Reviews / Ratings / Reply,/features/google-review-management/,Feature Landing,BOFU,5,High,P3,0
mobile friendly cover image size for google my business,,0,,Photos / Logo / Cover / Videos,/guides/google-business-profile-photo-size/,Guide,TOFU,3,High,P3,0
monitoring google my business listing insights,,0,,API / Analytics / Insights,/features/google-business-profile-reporting/,Feature Landing,BOFU,4,High,P3,0
motor trailers google my business,,0,,Core / Navigational Head Terms,/google-business-profile-management-tool/,Product Landing,BOFU,5,High,P3,0
moz google my business,,0,,Core / Navigational Head Terms,/google-business-profile-management-tool/,Product Landing,BOFU,5,High,P3,0
moz guide about google my business,,0,,Core / Navigational Head Terms,/guides/google-business-profile-description-examples/,Guide,TOFU,4,High,P3,0
moz how to optimize your google my business listing,,0,,Optimization / SEO / Ranking,/guides/google-business-profile-optimization-checklist/,Pillar Guide,MOFU,5,High,P3,0
mskce google my business,,0,,Core / Navigational Head Terms,/google-business-profile-management-tool/,Product Landing,BOFU,5,High,P3,0
multi branch chain google my business,,0,,Core / Navigational Head Terms,/google-business-profile-management-tool/,Product Landing,BOFU,5,High,P3,0
multi located business in google my business,,0,,Core / Navigational Head Terms,/google-business-profile-management-tool/,Product Landing,BOFU,5,High,P3,0
multi location chain google my business,,0,,Core / Navigational Head Terms,/google-business-profile-management-tool/,Product Landing,BOFU,5,High,P3,0
multiple address location on google my business,,0,,Categories / Services / Description,/guides/edit-google-business-profile/,Guide,TOFU,3,High,P3,0
multiple addresses in google my business,,0,,Core / Navigational Head Terms,/google-business-profile-management-tool/,Product Landing,BOFU,5,High,P3,0
multiple adress in google my business,,0,,Core / Navigational Head Terms,/google-business-profile-management-tool/,Product Landing,BOFU,5,High,P3,0
multiple adress location on google my business,,0,,Core / Navigational Head Terms,/google-business-profile-management-tool/,Product Landing,BOFU,5,High,P3,0
multiple business in google my business,,0,,Core / Navigational Head Terms,/google-business-profile-management-tool/,Product Landing,BOFU,5,High,P3,0
multiple categories in google my business listing,,0,,Categories / Services / Description,/guides/google-business-profile-categories-list/,Guide,TOFU,4,High,P3,0
multiple google my business pages,,0,,Core / Navigational Head Terms,/google-business-profile-management-tool/,Product Landing,BOFU,5,High,P3,0
multiple website url's in google my business,,0,,Categories / Services / Description,/guides/edit-google-business-profile/,Guide,TOFU,3,High,P3,0
multiple websites google my business,,0,,Core / Navigational Head Terms,/google-business-profile-management-tool/,Product Landing,BOFU,5,High,P3,0
my address is suspended by google business,,0,,Suspension / Reinstatement / Delete,/guides/google-business-profile-suspended/,Troubleshooting Guide,MOFU,5,High,P3,0
my business account in google,,0,,Login / Account / App,/guides/google-business-profile-login/,Guide,TOFU,1,High,P3,0
my business address is going wrong on google map everytime,,0,,Categories / Services / Description,/guides/edit-google-business-profile/,Guide,TOFU,3,High,P3,0
my business category is not available with google my business,,0,,Categories / Services / Description,/guides/google-business-profile-categories-list/,Guide,TOFU,4,High,P3,0
my business doesn't appear on google maps from over overview,,0,,Other / Long-tail,/guides/google-business-profile-faq/,FAQ,TOFU,1,High,P3,0
my business doesn't appear on google maps from overwatch,,0,,Other / Long-tail,/guides/google-business-profile-faq/,FAQ,TOFU,1,High,P3,0
my business google audio,,0,,Other / Long-tail,/guides/google-business-profile-faq/,FAQ,TOFU,1,High,P3,0
my business google com manage,,0,,Management Service / Agency,/guides/google-business-profile-faq/,FAQ,TOFU,1,High,P3,0
my business google dashboard,,0,,Management Service / Agency,/google-business-profile-management-tool/,Product Landing,BOFU,5,High,P3,0
my business google holiday,,0,,Other / Long-tail,/guides/google-business-profile-faq/,FAQ,TOFU,1,High,P3,0
my business google location is not come in search,,0,,Other / Long-tail,/guides/google-business-profile-faq/,FAQ,TOFU,1,High,P3,0
my business google nukari,,0,,Other / Long-tail,/guides/google-business-profile-faq/,FAQ,TOFU,1,High,P3,0
my business google paytm,,0,,Other / Long-tail,/guides/google-business-profile-faq/,FAQ,TOFU,1,High,P3,0
my business google verify by phone,,0,,Verification / Code / Postcard,/guides/google-business-profile-verification/,Guide,MOFU,5,High,P3,0
my business google website kaise kare,,0,,Categories / Services / Description,/guides/edit-google-business-profile/,Guide,TOFU,3,High,P3,0
my business got deleted from google map,,0,,Other / Long-tail,/guides/google-business-profile-faq/,FAQ,TOFU,1,High,P3,0
my business have two duplicate listing on google map,,0,,Suspension / Reinstatement / Delete,/guides/google-business-profile-faq/,FAQ,TOFU,1,High,P3,0
my business icon is not showing up on google maps,,0,,Other / Long-tail,/guides/google-business-profile-faq/,FAQ,TOFU,1,High,P3,0
my business in google sreach,,0,,Other / Long-tail,/guides/google-business-profile-faq/,FAQ,TOFU,1,High,P3,0
my business is not getting listen on google business,,0,,Other / Long-tail,/guides/google-business-profile-faq/,FAQ,TOFU,1,High,P3,0
my business is not in google listing,,0,,Other / Long-tail,/guides/google-business-profile-faq/,FAQ,TOFU,1,High,P3,0
my business is not show in google search,,0,,Other / Long-tail,/guides/google-business-profile-faq/,FAQ,TOFU,1,High,P3,0
my business is not yet displayed on google map,,0,,Other / Long-tail,/guides/google-business-profile-faq/,FAQ,TOFU,1,High,P3,0
my business is verified still not showing on google search,,0,,Verification / Code / Postcard,/guides/google-business-profile-verification/,Guide,MOFU,5,High,P3,0
my business listing does not appear on google,,0,,Other / Long-tail,/guides/google-business-profile-faq/,FAQ,TOFU,1,High,P3,0
my business listing google maps,,0,,Other / Long-tail,/guides/google-business-profile-faq/,FAQ,TOFU,1,High,P3,0
my business listing in google turorial,,0,,Other / Long-tail,/guides/google-business-profile-faq/,FAQ,TOFU,1,High,P3,0
my business listing on google maps but not appear,,0,,Other / Long-tail,/guides/google-business-profile-faq/,FAQ,TOFU,1,High,P3,0
my business location in google,,0,,Other / Long-tail,/guides/google-business-profile-faq/,FAQ,TOFU,1,High,P3,0
my business map view is not coming on google,,0,,Other / Long-tail,/guides/google-business-profile-faq/,FAQ,TOFU,1,High,P3,0
my business name does not show up on google maps,,0,,Other / Long-tail,/guides/google-business-profile-faq/,FAQ,TOFU,1,High,P3,0
my business name is not showing up on google maps,,0,,Other / Long-tail,/guides/google-business-profile-faq/,FAQ,TOFU,1,High,P3,0
my business not highlighted in google,,0,,Other / Long-tail,/guides/google-business-profile-faq/,FAQ,TOFU,1,High,P3,0
my business not highlighted on google map,,0,,Other / Long-tail,/guides/google-business-profile-faq/,FAQ,TOFU,1,High,P3,0
my business not in google voice,,0,,Other / Long-tail,/guides/google-business-profile-faq/,FAQ,TOFU,1,High,P3,0
my business not showing up on google maps,,0,,Other / Long-tail,/guides/google-business-profile-faq/,FAQ,TOFU,1,High,P3,0
my business on google is showing as permanantly closed,,0,,Other / Long-tail,/guides/google-business-profile-faq/,FAQ,TOFU,1,High,P3,0
my business on google maps downlod link,,0,,Other / Long-tail,/guides/google-business-profile-faq/,FAQ,TOFU,1,High,P3,0
my business page google in wordpress site,,0,,Other / Long-tail,/guides/google-business-profile-faq/,FAQ,TOFU,1,High,P3,0
my business pin location display different building google map,,0,,Verification / Code / Postcard,/guides/google-business-profile-verification/,Guide,MOFU,5,High,P3,0
my business pin location not display google map,,0,,Verification / Code / Postcard,/guides/google-business-profile-verification/,Guide,MOFU,5,High,P3,0
my business place google,,0,,Other / Long-tail,/guides/google-business-profile-faq/,FAQ,TOFU,1,High,P3,0
my business profile is not showing on google,,0,,Core / Navigational Head Terms,/guides/google-business-profile-faq/,FAQ,TOFU,1,High,P3,0
my business profile of facebook not showing in google search,,0,,Core / Navigational Head Terms,/guides/google-business-profile-faq/,FAQ,TOFU,1,High,P3,0
my facebook business page doesn't show up in google search,,0,,Other / Long-tail,/guides/google-business-profile-faq/,FAQ,TOFU,1,High,P3,0
my facebook business page is not searchable on google,,0,,Other / Long-tail,/guides/google-business-profile-faq/,FAQ,TOFU,1,High,P3,0
my facebook business page wont apper in google serach,,0,,Other / Long-tail,/guides/google-business-profile-faq/,FAQ,TOFU,1,High,P3,0
my google business account gfot hacked what should ji do,,0,,Login / Account / App,/guides/google-business-profile-login/,Guide,TOFU,1,High,P3,0
my google business account on pc,,0,,Login / Account / App,/guides/google-business-profile-login/,Guide,TOFU,1,High,P3,0
my google business address is not showing addresss,,0,,Categories / Services / Description,/guides/edit-google-business-profile/,Guide,TOFU,3,High,P3,0
my google business coad 10222,,0,,Other / Long-tail,/guides/google-business-profile-faq/,FAQ,TOFU,1,High,P3,0
my google business code 10222,,0,,Verification / Code / Postcard,/guides/google-business-profile-verification/,Guide,MOFU,5,High,P3,0
my google business contact,,0,,Support / Customer Care / Contact,/guides/google-business-profile-support/,Official Support Guide,TOFU,1,High,P3,0
my google business directions are not proper,,0,,Other / Long-tail,/guides/google-business-profile-faq/,FAQ,TOFU,1,High,P3,0
my google business displays on google.in but not on google.com,,0,,Other / Long-tail,/guides/google-business-profile-faq/,FAQ,TOFU,1,High,P3,0
my google business email id inbox,,0,,Other / Long-tail,/guides/google-business-profile-faq/,FAQ,TOFU,1,High,P3,0
my google business is pending after 3 days,,0,,Other / Long-tail,/guides/google-business-profile-faq/,FAQ,TOFU,1,High,P3,0
my google business lisiting,,0,,Other / Long-tail,/guides/google-business-profile-faq/,FAQ,TOFU,1,High,P3,0
my google business list,,0,,Other / Long-tail,/guides/google-business-profile-faq/,FAQ,TOFU,1,High,P3,0
my google business listing is always showing wrong,,0,,Other / Long-tail,/guides/google-business-profile-faq/,FAQ,TOFU,1,High,P3,0
my google business listing is missing,,0,,Other / Long-tail,/guides/google-business-profile-faq/,FAQ,TOFU,1,High,P3,0
my google business listing is suddenly changed with oyo,,0,,Other / Long-tail,/guides/google-business-profile-faq/,FAQ,TOFU,1,High,P3,0
my google business listing is wrong,,0,,Other / Long-tail,/guides/google-business-profile-faq/,FAQ,TOFU,1,High,P3,0
my google business main menu display,,0,,Google Posts / Offers / Updates,/guides/google-my-business-services/,Guide,TOFU,4,High,P3,0
my google business naveen computers pondicherry,,0,,Other / Long-tail,/guides/google-business-profile-faq/,FAQ,TOFU,1,High,P3,0
my google business page editing,,0,,Other / Long-tail,/guides/google-business-profile-faq/,FAQ,TOFU,1,High,P3,0
my google business page is not searchable on google,,0,,Other / Long-tail,/guides/google-business-profile-faq/,FAQ,TOFU,1,High,P3,0
my google business page link,,0,,Other / Long-tail,/guides/google-business-profile-faq/,FAQ,TOFU,1,High,P3,0
my google business page view on search is different name,,0,,Other / Long-tail,/guides/google-business-profile-faq/,FAQ,TOFU,1,High,P3,0
my google business png,,0,,Other / Long-tail,/guides/google-business-profile-faq/,FAQ,TOFU,1,High,P3,0
my google business postcard has not received,,0,,Verification / Code / Postcard,/guides/google-business-profile-verification/,Guide,MOFU,5,High,P3,0
my google business profile picture is not changed,,0,,Core / Navigational Head Terms,/google-business-profile-management-tool/,Product Landing,BOFU,5,High,P3,0
my google business showing wrong location,,0,,Other / Long-tail,/guides/google-business-profile-faq/,FAQ,TOFU,1,High,P3,0
my google business site show 9 products only,,0,,Google Posts / Offers / Updates,/features/google-posts-scheduler/,Feature Landing,BOFU,5,High,P3,0
my google ml farm business,,0,,Other / Long-tail,/guides/google-business-profile-faq/,FAQ,TOFU,1,High,P3,0
my google my business suspended due to quality issues,,0,,Suspension / Reinstatement / Delete,/guides/google-business-profile-suspended/,Troubleshooting Guide,MOFU,5,High,P3,0
my google page business,,0,,Other / Long-tail,/guides/google-business-profile-faq/,FAQ,TOFU,1,High,P3,0
my google page for local business,,0,,Other / Long-tail,/guides/google-business-profile-faq/,FAQ,TOFU,1,High,P3,0
my local business is failing on google,,0,,Other / Long-tail,/guides/google-business-profile-faq/,FAQ,TOFU,1,High,P3,0
my local business website is not ranking on google,,0,,Categories / Services / Description,/guides/google-business-profile-optimization-checklist/,Pillar Guide,MOFU,5,High,P3,0
my logo not showing on google my business,,0,,Photos / Logo / Cover / Videos,/guides/google-my-business-logo-size/,Guide,TOFU,3,High,P3,0
my mobile number removed from google business,,0,,Other / Long-tail,/guides/google-business-profile-faq/,FAQ,TOFU,1,High,P3,0
my old emails when migrating to google business,,0,,Other / Long-tail,/guides/google-business-profile-faq/,FAQ,TOFU,1,High,P3,0
my own business google ads number change,,0,,Other / Long-tail,/guides/edit-google-business-profile/,Guide,TOFU,3,High,P3,0
my own business google maping,,0,,Other / Long-tail,/guides/google-business-profile-faq/,FAQ,TOFU,1,High,P3,0
my photos are not getting displayed on google my business,,0,,Photos / Logo / Cover / Videos,/guides/google-business-profile-photo-size/,Guide,TOFU,3,High,P3,0
my shop didn't show claim my business in google map,,0,,Setup / Add / Create / Register,/guides/google-business-profile-ownership-transfer/,Guide,TOFU,4,High,P3,0
my small business listing on google maps,,0,,Other / Long-tail,/guides/google-business-profile-faq/,FAQ,TOFU,1,High,P3,0
my updates are not being updated in google my business,,0,,Google Posts / Offers / Updates,/features/google-posts-scheduler/,Feature Landing,BOFU,5,High,P3,0
my uploaded photographs are not appearing on google my business,,0,,Core / Navigational Head Terms,/google-business-profile-management-tool/,Product Landing,BOFU,5,High,P3,0
my uploaded photos for other google business,,0,,Photos / Logo / Cover / Videos,/guides/google-business-profile-photo-size/,Guide,TOFU,3,High,P3,0
mydigitallife google my business,,0,,Core / Navigational Head Terms,/google-business-profile-management-tool/,Product Landing,BOFU,5,High,P3,0
name in google my business creative,,0,,Core / Navigational Head Terms,/google-business-profile-management-tool/,Product Landing,BOFU,5,High,P3,0
nap and citations meaning in google my business,,0,,Core / Navigational Head Terms,/google-business-profile-management-tool/,Product Landing,BOFU,5,High,P3,0
nap in google my business,,0,,Core / Navigational Head Terms,/google-business-profile-management-tool/,Product Landing,BOFU,5,High,P3,0
narayana multispeciality hospital on google my business,,0,,Core / Navigational Head Terms,/google-business-profile-management-tool/,Product Landing,BOFU,5,High,P3,0
negative impact of nap in google my business 2019,,0,,Core / Navigational Head Terms,/google-business-profile-management-tool/,Product Landing,BOFU,5,High,P3,0
neilpatel google my business listing for hotels,,0,,Core / Navigational Head Terms,/google-business-profile-management-tool/,Product Landing,BOFU,5,High,P3,0
neuro1 google my business,,0,,Core / Navigational Head Terms,/google-business-profile-management-tool/,Product Landing,BOFU,5,High,P3,0
new business listed in google in lucknow my,,0,,Setup / Add / Create / Register,/guides/add-business-to-google-maps/,Guide,TOFU,4,High,P3,0
new business listed in google my,,0,,Setup / Add / Create / Register,/guides/add-business-to-google-maps/,Guide,TOFU,4,High,P3,0
new google my business app,,0,,Login / Account / App,/guides/google-business-profile-login/,Guide,TOFU,1,High,P3,0
new verify updates with google my business,,0,,Verification / Code / Postcard,/guides/google-business-profile-verification/,Guide,MOFU,5,High,P3,0
news google api to get business news for my city,,0,,API / Analytics / Insights,/features/google-business-profile-reporting/,Feature Landing,BOFU,4,High,P3,0
newzeland contact google my business,,0,,Support / Customer Care / Contact,/guides/google-business-profile-support/,Official Support Guide,TOFU,1,High,P3,0
nht global india google my business,,0,,Core / Navigational Head Terms,/google-business-profile-management-tool/,Product Landing,BOFU,5,High,P3,0
no location google my business,,0,,Core / Navigational Head Terms,/google-business-profile-management-tool/,Product Landing,BOFU,5,High,P3,0
not able to find my local business page at google,,0,,Other / Long-tail,/guides/google-business-profile-faq/,FAQ,TOFU,1,High,P3,0
not able to see my business on google list,,0,,Other / Long-tail,/guides/google-business-profile-faq/,FAQ,TOFU,1,High,P3,0
not able to view customer information in google my business,,0,,Core / Navigational Head Terms,/google-business-profile-management-tool/,Product Landing,BOFU,5,High,P3,0
not enough data on google my business,,0,,API / Analytics / Insights,/features/google-business-profile-reporting/,Feature Landing,BOFU,4,High,P3,0
not get post code for google my business account,,0,,Verification / Code / Postcard,/guides/google-business-profile-login/,Guide,TOFU,1,High,P3,0
not see my business in google search,,0,,Other / Long-tail,/guides/google-business-profile-faq/,FAQ,TOFU,1,High,P3,0
not showing my business listings on google search,,0,,Other / Long-tail,/guides/google-business-profile-faq/,FAQ,TOFU,1,High,P3,0
numero verde google my business,,0,,Core / Navigational Head Terms,/google-business-profile-management-tool/,Product Landing,BOFU,5,High,P3,0
objectives of google my business,,0,,Core / Navigational Head Terms,/google-business-profile-management-tool/,Product Landing,BOFU,5,High,P3,0
offer post title fot google my business,,0,,Google Posts / Offers / Updates,/features/google-posts-scheduler/,Feature Landing,BOFU,5,High,P3,0
offer services in us and canada by google my business,,0,,Google Posts / Offers / Updates,/features/google-posts-scheduler/,Feature Landing,BOFU,5,High,P3,0
on google my business way to verification,,0,,Verification / Code / Postcard,/guides/google-business-profile-verification/,Guide,MOFU,5,High,P3,0
on page seo google my business,,0,,Optimization / SEO / Ranking,/guides/google-business-profile-optimization-checklist/,Pillar Guide,MOFU,5,High,P3,0
one up google my business,,0,,Core / Navigational Head Terms,/google-business-profile-management-tool/,Product Landing,BOFU,5,High,P3,0
online my business on google login,,0,,Login / Account / App,/guides/google-business-profile-login/,Guide,TOFU,1,High,P3,0
online registered rent agreement pune google my business,,0,,Core / Navigational Head Terms,/google-business-profile-management-tool/,Product Landing,BOFU,5,High,P3,0
online registration my business on google,,0,,Other / Long-tail,/guides/google-business-profile-faq/,FAQ,TOFU,1,High,P3,0
only show my business on google maps,,0,,Other / Long-tail,/guides/google-business-profile-faq/,FAQ,TOFU,1,High,P3,0
optimise google my business loctions,,0,,Optimization / SEO / Ranking,/guides/google-business-profile-optimization-checklist/,Pillar Guide,MOFU,5,High,P3,0
optimiser google my business,,0,,Core / Navigational Head Terms,/google-business-profile-management-tool/,Product Landing,BOFU,5,High,P3,0
optimización de google my business,,0,,Core / Navigational Head Terms,/google-business-profile-management-tool/,Product Landing,BOFU,5,High,P3,0
optimizar google my business,,0,,Core / Navigational Head Terms,/google-business-profile-management-tool/,Product Landing,BOFU,5,High,P3,0
optimization of google my business page for business,,0,,Optimization / SEO / Ranking,/guides/google-business-profile-optimization-checklist/,Pillar Guide,MOFU,5,High,P3,0
optimization of google my business page for your business,,0,,Optimization / SEO / Ranking,/guides/google-business-profile-optimization-checklist/,Pillar Guide,MOFU,5,High,P3,0
optimize google my business 2018,,0,,Optimization / SEO / Ranking,/guides/google-business-profile-optimization-checklist/,Pillar Guide,MOFU,5,High,P3,0
optimize google my business page,,0,,Optimization / SEO / Ranking,/guides/google-business-profile-optimization-checklist/,Pillar Guide,MOFU,5,High,P3,0
optimizing your google my business,,0,,Core / Navigational Head Terms,/google-business-profile-management-tool/,Product Landing,BOFU,5,High,P3,0
order google my business virtual tour,,0,,Core / Navigational Head Terms,/google-business-profile-management-tool/,Product Landing,BOFU,5,High,P3,0
origin career institute my business google,,0,,Other / Long-tail,/guides/google-business-profile-faq/,FAQ,TOFU,1,High,P3,0
out google my business in hindi,,0,,Core / Navigational Head Terms,/google-business-profile-management-tool/,Product Landing,BOFU,5,High,P3,0
pack local google my business,,0,,Core / Navigational Head Terms,/google-business-profile-management-tool/,Product Landing,BOFU,5,High,P3,0
packers and movers google my business,,0,,Core / Navigational Head Terms,/google-business-profile-management-tool/,Product Landing,BOFU,5,High,P3,0
paid search google my business,,0,,Free / Cost / Pricing,/guides/is-google-my-business-free/,Guide,TOFU,3,High,P3,0
pancard service comes under which category in google my business,,0,,Categories / Services / Description,/guides/google-business-profile-categories-list/,Guide,TOFU,4,High,P3,0
patel brothers google my business,,0,,Core / Navigational Head Terms,/google-business-profile-management-tool/,Product Landing,BOFU,5,High,P3,0
pause google my business listing,,0,,Core / Navigational Head Terms,/google-business-profile-management-tool/,Product Landing,BOFU,5,High,P3,0
paytm my google business,,0,,Other / Long-tail,/guides/google-business-profile-faq/,FAQ,TOFU,1,High,P3,0
pending verification google my business,,0,,Verification / Code / Postcard,/guides/google-business-profile-verification/,Guide,MOFU,5,High,P3,0
pg in btm 2nd stage for ladies my google business,,0,,Other / Long-tail,/guides/google-business-profile-faq/,FAQ,TOFU,1,High,P3,0
pharmcay category for google my business,,0,,Categories / Services / Description,/guides/google-business-profile-categories-list/,Guide,TOFU,4,High,P3,0
photo size for google my business posts,,0,,Google Posts / Offers / Updates,/guides/google-business-profile-posts-examples/,Guide,TOFU,4,High,P3,0
photo size for google my business profile photo,,0,,Photos / Logo / Cover / Videos,/guides/google-business-profile-photo-size/,Guide,TOFU,3,High,P3,0
photo size google my business,,0,,Photos / Logo / Cover / Videos,/guides/google-business-profile-photo-size/,Guide,TOFU,3,High,P3,0
photos added in google my business but not showing up,,0,,Photos / Logo / Cover / Videos,/guides/google-business-profile-photo-size/,Guide,TOFU,3,High,P3,0
php get google my business api total searches,,0,,API / Analytics / Insights,/features/google-business-profile-reporting/,Feature Landing,BOFU,4,High,P3,0
php google my business list accounts api,,0,,API / Analytics / Insights,/features/google-business-profile-reporting/,Feature Landing,BOFU,4,High,P3,0
php tutorial google api client my business,,0,,API / Analytics / Insights,/features/google-business-profile-reporting/,Feature Landing,BOFU,4,High,P3,0
platzierungen bei google my business,,0,,Core / Navigational Head Terms,/google-business-profile-management-tool/,Product Landing,BOFU,5,High,P3,0
pmp auto electricals distributor google my business,,0,,Core / Navigational Head Terms,/google-business-profile-management-tool/,Product Landing,BOFU,5,High,P3,0
posicionamiento en google my business,,0,,Core / Navigational Head Terms,/google-business-profile-management-tool/,Product Landing,BOFU,5,High,P3,0
posicionamiento local en google my business,,0,,Core / Navigational Head Terms,/google-business-profile-management-tool/,Product Landing,BOFU,5,High,P3,0
posicionamiento seo en google my business,,0,,Optimization / SEO / Ranking,/guides/google-business-profile-optimization-checklist/,Pillar Guide,MOFU,5,High,P3,0
post content in google my business,,0,,Google Posts / Offers / Updates,/features/google-posts-scheduler/,Feature Landing,BOFU,5,High,P3,0
post expire in google my business,,0,,Google Posts / Offers / Updates,/features/google-posts-scheduler/,Feature Landing,BOFU,5,High,P3,0
post photis of customers for google my business,,0,,Google Posts / Offers / Updates,/features/google-posts-scheduler/,Feature Landing,BOFU,5,High,P3,0
post photos of customers for google my business,,0,,Google Posts / Offers / Updates,/features/google-posts-scheduler/,Feature Landing,BOFU,5,High,P3,0
post tab in google my business,,0,,Google Posts / Offers / Updates,/features/google-posts-scheduler/,Feature Landing,BOFU,5,High,P3,0
post to google my business and facebook,,0,,Google Posts / Offers / Updates,/features/google-posts-scheduler/,Feature Landing,BOFU,5,High,P3,0
post to google my business from hootsuite,,0,,Google Posts / Offers / Updates,/features/google-posts-scheduler/,Feature Landing,BOFU,5,High,P3,0
post to google my business wordpress,,0,,Google Posts / Offers / Updates,/features/google-posts-scheduler/,Feature Landing,BOFU,5,High,P3,0
postcard verification google my business,,0,,Verification / Code / Postcard,/guides/google-business-profile-verification/,Guide,MOFU,5,High,P3,0
pouse google my business listing,,0,,Core / Navigational Head Terms,/google-business-profile-management-tool/,Product Landing,BOFU,5,High,P3,0
praneel g motors my business google,,0,,Other / Long-tail,/guides/google-business-profile-faq/,FAQ,TOFU,1,High,P3,0
problems of merging google my business,,0,,Core / Navigational Head Terms,/google-business-profile-management-tool/,Product Landing,BOFU,5,High,P3,0
problm facing when multiple location added in google my business,,0,,Core / Navigational Head Terms,/google-business-profile-management-tool/,Product Landing,BOFU,5,High,P3,0
product beta google my business,,0,,Google Posts / Offers / Updates,/features/google-posts-scheduler/,Feature Landing,BOFU,5,High,P3,0
product beta is not showing in my google my business,,0,,Google Posts / Offers / Updates,/features/google-posts-scheduler/,Feature Landing,BOFU,5,High,P3,0
product editor for google my business,,0,,Google Posts / Offers / Updates,/features/google-posts-scheduler/,Feature Landing,BOFU,5,High,P3,0
product image size for google my business post,,0,,Google Posts / Offers / Updates,/guides/google-business-profile-posts-examples/,Guide,TOFU,4,High,P3,0
product information my google business,,0,,Google Posts / Offers / Updates,/features/google-posts-scheduler/,Feature Landing,BOFU,5,High,P3,0
products beta google my business,,0,,Google Posts / Offers / Updates,/features/google-posts-scheduler/,Feature Landing,BOFU,5,High,P3,0
products beta image size google my business,,0,,Google Posts / Offers / Updates,/guides/google-business-profile-posts-examples/,Guide,TOFU,4,High,P3,0
products in google my business,,0,,Google Posts / Offers / Updates,/features/google-posts-scheduler/,Feature Landing,BOFU,5,High,P3,0
profile short name on google my business,,0,,Core / Navigational Head Terms,/google-business-profile-management-tool/,Product Landing,BOFU,5,High,P3,0
promote my business google,,0,,Other / Long-tail,/guides/google-business-profile-faq/,FAQ,TOFU,1,High,P3,0
pros and cons of google my business website,,0,,Categories / Services / Description,/guides/edit-google-business-profile/,Guide,TOFU,3,High,P3,0
publicaciones google my business,,0,,Core / Navigational Head Terms,/google-business-profile-management-tool/,Product Landing,BOFU,5,High,P3,0
publishing my location in google map with google business,,0,,Other / Long-tail,/guides/google-business-profile-faq/,FAQ,TOFU,1,High,P3,0
put my business location on google map,,0,,Setup / Add / Create / Register,/guides/add-business-to-google-maps/,Guide,TOFU,4,High,P3,0
put my business on google search,,0,,Setup / Add / Create / Register,/guides/add-business-to-google-maps/,Guide,TOFU,4,High,P3,0
q and a on google my business,,0,,Core / Navigational Head Terms,/guides/google-business-profile-questions-and-answers/,Guide,TOFU,3,High,P3,0
qr code generated for my google business,,0,,Verification / Code / Postcard,/guides/google-business-profile-verification/,Guide,MOFU,5,High,P3,0
quality issues google my business,,0,,Core / Navigational Head Terms,/google-business-profile-management-tool/,Product Landing,BOFU,5,High,P3,0
quarter results in google my business,,0,,Core / Navigational Head Terms,/google-business-profile-management-tool/,Product Landing,BOFU,5,High,P3,0
que es google my business,,0,,Core / Navigational Head Terms,/google-business-profile-management-tool/,Product Landing,BOFU,5,High,P3,0
quitar reseñas google my business,,0,,Core / Navigational Head Terms,/google-business-profile-management-tool/,Product Landing,BOFU,5,High,P3,0
raintree hotel google my business,,0,,Core / Navigational Head Terms,/google-business-profile-management-tool/,Product Landing,BOFU,5,High,P3,0
raintree motel google my business,,0,,Core / Navigational Head Terms,/google-business-profile-management-tool/,Product Landing,BOFU,5,High,P3,0
raintree motel townsville google my business,,0,,Core / Navigational Head Terms,/google-business-profile-management-tool/,Product Landing,BOFU,5,High,P3,0
raise a complaint against deleting posting on google my business,,0,,Core / Navigational Head Terms,/google-business-profile-management-tool/,Product Landing,BOFU,5,High,P3,0
raise a complaint against removing posting on google my business,,0,,Core / Navigational Head Terms,/google-business-profile-management-tool/,Product Landing,BOFU,5,High,P3,0
rama inn indore my business google,,0,,Other / Long-tail,/guides/google-business-profile-faq/,FAQ,TOFU,1,High,P3,0
rank business on google my business,,0,,Optimization / SEO / Ranking,/guides/google-business-profile-optimization-checklist/,Pillar Guide,MOFU,5,High,P3,0
rank high on google my business,,0,,Optimization / SEO / Ranking,/guides/google-business-profile-optimization-checklist/,Pillar Guide,MOFU,5,High,P3,0
rank my business on google,,0,,Optimization / SEO / Ranking,/guides/google-business-profile-optimization-checklist/,Pillar Guide,MOFU,5,High,P3,0
rank my local business google,,0,,Optimization / SEO / Ranking,/guides/google-business-profile-optimization-checklist/,Pillar Guide,MOFU,5,High,P3,0
rank top my business in google,,0,,Optimization / SEO / Ranking,/guides/google-business-profile-optimization-checklist/,Pillar Guide,MOFU,5,High,P3,0
reach google my business number if post is not received,,0,,Google Posts / Offers / Updates,/features/google-posts-scheduler/,Feature Landing,BOFU,5,High,P3,0
readdressal form google my business,,0,,Core / Navigational Head Terms,/google-business-profile-management-tool/,Product Landing,BOFU,5,High,P3,0
reclaim google my business,,0,,Core / Navigational Head Terms,/google-business-profile-management-tool/,Product Landing,BOFU,5,High,P3,0
recycled products in which category comes in google my business,,0,,Google Posts / Offers / Updates,/features/google-posts-scheduler/,Feature Landing,BOFU,5,High,P3,0
referencement google my business,,0,,Core / Navigational Head Terms,/google-business-profile-management-tool/,Product Landing,BOFU,5,High,P3,0
register agency in google my business,,0,,Management Service / Agency,/guides/add-business-to-google-maps/,Guide,TOFU,4,High,P3,0
register as a blog website on google my business,,0,,Categories / Services / Description,/guides/add-business-to-google-maps/,Guide,TOFU,4,High,P3,0
register as a brand on google my business,,0,,Setup / Add / Create / Register,/guides/add-business-to-google-maps/,Guide,TOFU,4,High,P3,0
register google my business for client,,0,,Setup / Add / Create / Register,/guides/add-business-to-google-maps/,Guide,TOFU,4,High,P3,0
register my business google maps uk,,0,,Setup / Add / Create / Register,/guides/add-business-to-google-maps/,Guide,TOFU,4,High,P3,0
register my business name with google,,0,,Setup / Add / Create / Register,/guides/add-business-to-google-maps/,Guide,TOFU,4,High,P3,0
register my business on google plus,,0,,Setup / Add / Create / Register,/guides/add-business-to-google-maps/,Guide,TOFU,4,High,P3,0
register my business on google.com,,0,,Setup / Add / Create / Register,/guides/add-business-to-google-maps/,Guide,TOFU,4,High,P3,0
register my business with google map,,0,,Setup / Add / Create / Register,/guides/add-business-to-google-maps/,Guide,TOFU,4,High,P3,0
registered google my business database,,0,,Core / Navigational Head Terms,/google-business-profile-management-tool/,Product Landing,BOFU,5,High,P3,0
regus google my business,,0,,Core / Navigational Head Terms,/google-business-profile-management-tool/,Product Landing,BOFU,5,High,P3,0
relinking of google ads account to google my business account,,0,,Login / Account / App,/guides/google-business-profile-login/,Guide,TOFU,1,High,P3,0
remove a duplicate google my business listing,,0,,Suspension / Reinstatement / Delete,/google-business-profile-management-tool/,Product Landing,BOFU,5,High,P3,0
remove address from google my business,,0,,Suspension / Reinstatement / Delete,/guides/edit-google-business-profile/,Guide,TOFU,3,High,P3,0
remove bad reviews from google my business,,0,,Suspension / Reinstatement / Delete,/guides/remove-bad-google-reviews/,Troubleshooting Guide,MOFU,5,High,P3,0
remove business from google my business app,,0,,Suspension / Reinstatement / Delete,/guides/google-business-profile-login/,Guide,TOFU,1,High,P3,0
remove customer photo from google my business,,0,,Suspension / Reinstatement / Delete,/guides/google-business-profile-photo-size/,Guide,TOFU,3,High,P3,0
remove customer photos from google my business,,0,,Suspension / Reinstatement / Delete,/guides/google-business-profile-photo-size/,Guide,TOFU,3,High,P3,0
remove customer reviews from google my business,,0,,Suspension / Reinstatement / Delete,/guides/remove-bad-google-reviews/,Troubleshooting Guide,MOFU,5,High,P3,0
remove google my business from google ads,,0,,Suspension / Reinstatement / Delete,/google-business-profile-management-tool/,Product Landing,BOFU,5,High,P3,0
remove google my business page,,0,,Suspension / Reinstatement / Delete,/google-business-profile-management-tool/,Product Landing,BOFU,5,High,P3,0
remove images from google my business by customer,,0,,Suspension / Reinstatement / Delete,/guides/google-business-profile-photo-size/,Guide,TOFU,3,High,P3,0
remove listing google my business,,0,,Suspension / Reinstatement / Delete,/google-business-profile-management-tool/,Product Landing,BOFU,5,High,P3,0
remove location from google my business,,0,,Suspension / Reinstatement / Delete,/google-business-profile-management-tool/,Product Landing,BOFU,5,High,P3,0
remove my business listed in google adwords,,0,,Suspension / Reinstatement / Delete,/guides/google-business-profile-faq/,FAQ,TOFU,1,High,P3,0
remove my business name in google maps,,0,,Suspension / Reinstatement / Delete,/guides/google-business-profile-faq/,FAQ,TOFU,1,High,P3,0
remove my number from google business account,,0,,Suspension / Reinstatement / Delete,/guides/google-business-profile-login/,Guide,TOFU,1,High,P3,0
remove order google my business,,0,,Suspension / Reinstatement / Delete,/google-business-profile-management-tool/,Product Landing,BOFU,5,High,P3,0
remove photos by customer google my business,,0,,Suspension / Reinstatement / Delete,/guides/google-business-profile-photo-size/,Guide,TOFU,3,High,P3,0
remove review from google my business timeline,,0,,Suspension / Reinstatement / Delete,/guides/remove-bad-google-reviews/,Troubleshooting Guide,MOFU,5,High,P3,0
remove see outside on google my business,,0,,Suspension / Reinstatement / Delete,/google-business-profile-management-tool/,Product Landing,BOFU,5,High,P3,0
removing a location from google my business,,0,,Core / Navigational Head Terms,/google-business-profile-management-tool/,Product Landing,BOFU,5,High,P3,0
removing google reviews by deleting google my business listing,,0,,Reviews / Ratings / Reply,/features/google-review-management/,Feature Landing,BOFU,5,High,P3,0
removing my business from google search,,0,,Other / Long-tail,/guides/google-business-profile-faq/,FAQ,TOFU,1,High,P3,0
reply for google my business,,0,,Reviews / Ratings / Reply,/features/google-review-management/,Feature Landing,BOFU,5,High,P3,0
report google my business,,0,,API / Analytics / Insights,/features/google-business-profile-reporting/,Feature Landing,BOFU,4,High,P3,0
report google my business spam,,0,,API / Analytics / Insights,/features/google-business-profile-reporting/,Feature Landing,BOFU,4,High,P3,0
report wrong information on google my business,,0,,API / Analytics / Insights,/features/google-business-profile-reporting/,Feature Landing,BOFU,4,High,P3,0
request a call back from google my business,,0,,Support / Customer Care / Contact,/guides/google-business-profile-support/,Official Support Guide,TOFU,1,High,P3,0
request a google my business list,,0,,Core / Navigational Head Terms,/google-business-profile-management-tool/,Product Landing,BOFU,5,High,P3,0
request a quote button google my business,,0,,Core / Navigational Head Terms,/google-business-profile-management-tool/,Product Landing,BOFU,5,High,P3,0
request a quote google my business,,0,,Core / Navigational Head Terms,/google-business-profile-management-tool/,Product Landing,BOFU,5,High,P3,0
request to link a google my business account,,0,,Login / Account / App,/guides/google-business-profile-login/,Guide,TOFU,1,High,P3,0
requesting reviews on google my business,,0,,Reviews / Ratings / Reply,/features/google-review-management/,Feature Landing,BOFU,5,High,P3,0
requirements for a google my business listing,,0,,Core / Navigational Head Terms,/google-business-profile-management-tool/,Product Landing,BOFU,5,High,P3,0
reserve with google my business,,0,,Core / Navigational Head Terms,/google-business-profile-management-tool/,Product Landing,BOFU,5,High,P3,0
reseñas google my business,,0,,Core / Navigational Head Terms,/google-business-profile-management-tool/,Product Landing,BOFU,5,High,P3,0
resize image for google my business,,0,,Photos / Logo / Cover / Videos,/guides/google-business-profile-photo-size/,Guide,TOFU,3,High,P3,0
review button should be before in google my business,,0,,Reviews / Ratings / Reply,/features/google-review-management/,Feature Landing,BOFU,5,High,P3,0
review gating google my business,,0,,Reviews / Ratings / Reply,/features/google-review-management/,Feature Landing,BOFU,5,High,P3,0
review is not showing a google my business,,0,,Reviews / Ratings / Reply,/features/google-review-management/,Feature Landing,BOFU,5,High,P3,0
review is not showing a google my business photos,,0,,Reviews / Ratings / Reply,/features/google-review-management/,Feature Landing,BOFU,5,High,P3,0
review option is not coming in google my business,,0,,Reviews / Ratings / Reply,/features/google-review-management/,Feature Landing,BOFU,5,High,P3,0
review publish in google my business options,,0,,Reviews / Ratings / Reply,/features/google-review-management/,Feature Landing,BOFU,5,High,P3,0
review wjs lighting art zirakpur at google my business,,0,,Reviews / Ratings / Reply,/features/google-review-management/,Feature Landing,BOFU,5,High,P3,0
rlight ventes google my business,,0,,Core / Navigational Head Terms,/google-business-profile-management-tool/,Product Landing,BOFU,5,High,P3,0
rockwoods international school google my business page,,0,,Core / Navigational Head Terms,/google-business-profile-management-tool/,Product Landing,BOFU,5,High,P3,0
rout is not showing for google my business listing,,0,,Core / Navigational Head Terms,/google-business-profile-management-tool/,Product Landing,BOFU,5,High,P3,0
rss feed of my google my business website,,0,,Categories / Services / Description,/guides/edit-google-business-profile/,Guide,TOFU,3,High,P3,0
référencement local google my business,,0,,Core / Navigational Head Terms,/google-business-profile-management-tool/,Product Landing,BOFU,5,High,P3,0
s inscrire sur google my business,,0,,Core / Navigational Head Terms,/google-business-profile-management-tool/,Product Landing,BOFU,5,High,P3,0
sadaf google my business,,0,,Core / Navigational Head Terms,/google-business-profile-management-tool/,Product Landing,BOFU,5,High,P3,0
safurniture google my business,,0,,Core / Navigational Head Terms,/google-business-profile-management-tool/,Product Landing,BOFU,5,High,P3,0
sahu metals in bhawanipatna by google my business,,0,,Core / Navigational Head Terms,/google-business-profile-management-tool/,Product Landing,BOFU,5,High,P3,0
sahu metals in google my business,,0,,Core / Navigational Head Terms,/google-business-profile-management-tool/,Product Landing,BOFU,5,High,P3,0
sahyadri motors pune google my business,,0,,Core / Navigational Head Terms,/google-business-profile-management-tool/,Product Landing,BOFU,5,High,P3,0
salon comes under which category in google my business,,0,,Categories / Services / Description,/guides/google-business-profile-categories-list/,Guide,TOFU,4,High,P3,0
same address for multiple google my business accounts,,0,,Categories / Services / Description,/guides/edit-google-business-profile/,Guide,TOFU,3,High,P3,0
same location different reviews in google my business,,0,,Reviews / Ratings / Reply,/features/google-review-management/,Feature Landing,BOFU,5,High,P3,0
sampels of welcome messages on google my business,,0,,Core / Navigational Head Terms,/google-business-profile-management-tool/,Product Landing,BOFU,5,High,P3,0
sanchita saha label google my business,,0,,Core / Navigational Head Terms,/google-business-profile-management-tool/,Product Landing,BOFU,5,High,P3,0
scheda google my business,,0,,Core / Navigational Head Terms,/google-business-profile-management-tool/,Product Landing,BOFU,5,High,P3,0
schema for google my business,,0,,Core / Navigational Head Terms,/google-business-profile-management-tool/,Product Landing,BOFU,5,High,P3,0
scrape unclaimed google my business listings,,0,,Core / Navigational Head Terms,/google-business-profile-management-tool/,Product Landing,BOFU,5,High,P3,0
search business on google my business,,0,,Core / Navigational Head Terms,/google-business-profile-management-tool/,Product Landing,BOFU,5,High,P3,0
search engine google my business,,0,,Core / Navigational Head Terms,/google-business-profile-management-tool/,Product Landing,BOFU,5,High,P3,0
search leads on google my business,,0,,Core / Navigational Head Terms,/google-business-profile-management-tool/,Product Landing,BOFU,5,High,P3,0
search listing and google my business,,0,,Core / Navigational Head Terms,/google-business-profile-management-tool/,Product Landing,BOFU,5,High,P3,0
search listing and google my business not matching,,0,,Core / Navigational Head Terms,/google-business-profile-management-tool/,Product Landing,BOFU,5,High,P3,0
search point uk google my business,,0,,Core / Navigational Head Terms,/google-business-profile-management-tool/,Product Landing,BOFU,5,High,P3,0
select and authorie api for google my business,,0,,API / Analytics / Insights,/features/google-business-profile-reporting/,Feature Landing,BOFU,4,High,P3,0
send my google business address on whatsapp,,0,,Categories / Services / Description,/guides/edit-google-business-profile/,Guide,TOFU,3,High,P3,0
sendible google my business,,0,,Core / Navigational Head Terms,/google-business-profile-management-tool/,Product Landing,BOFU,5,High,P3,0
sendible google my business image size,,0,,Photos / Logo / Cover / Videos,/guides/google-business-profile-photo-size/,Guide,TOFU,3,High,P3,0
seo for google my business listing,,0,,Optimization / SEO / Ranking,/guides/google-business-profile-optimization-checklist/,Pillar Guide,MOFU,5,High,P3,0
seo for google my business page,,0,,Optimization / SEO / Ranking,/guides/google-business-profile-optimization-checklist/,Pillar Guide,MOFU,5,High,P3,0
seo google my business posts,,0,,Google Posts / Offers / Updates,/guides/google-business-profile-optimization-checklist/,Pillar Guide,MOFU,5,High,P3,0
server rejected google my business,,0,,Core / Navigational Head Terms,/google-business-profile-management-tool/,Product Landing,BOFU,5,High,P3,0
service area google my business seo,,0,,Categories / Services / Description,/google-my-business-optimization-service/,Service Landing,BOFU,5,High,P3,0
service areas and labels in google my business,,0,,Management Service / Agency,/google-business-profile-management-tool/,Product Landing,BOFU,5,High,P3,0
service choice google my business,,0,,Management Service / Agency,/google-business-profile-management-tool/,Product Landing,BOFU,5,High,P3,0
service in google my business,,0,,Management Service / Agency,/google-business-profile-management-tool/,Product Landing,BOFU,5,High,P3,0
services provided by google my business,,0,,Categories / Services / Description,/guides/google-my-business-services/,Guide,TOFU,4,High,P3,0
services section in google my business,,0,,Categories / Services / Description,/guides/google-my-business-services/,Guide,TOFU,4,High,P3,0
set my business on google maps,,0,,Other / Long-tail,/guides/google-business-profile-faq/,FAQ,TOFU,1,High,P3,0
set size of cover photo google my business,,0,,Photos / Logo / Cover / Videos,/guides/google-business-profile-photo-size/,Guide,TOFU,3,High,P3,0
set up a google my business page,,0,,Setup / Add / Create / Register,/guides/add-business-to-google-maps/,Guide,TOFU,4,High,P3,0
shaktihorman google my business,,0,,Core / Navigational Head Terms,/google-business-profile-management-tool/,Product Landing,BOFU,5,High,P3,0
share google my business link,,0,,Core / Navigational Head Terms,/google-business-profile-management-tool/,Product Landing,BOFU,5,High,P3,0
sharma labels and leaf printers google my business,,0,,Core / Navigational Head Terms,/google-business-profile-management-tool/,Product Landing,BOFU,5,High,P3,0
shivali holidays google my business,,0,,Core / Navigational Head Terms,/google-business-profile-management-tool/,Product Landing,BOFU,5,High,P3,0
shivangi google my business team,,0,,Core / Navigational Head Terms,/google-business-profile-management-tool/,Product Landing,BOFU,5,High,P3,0
short name google my business error,,0,,Core / Navigational Head Terms,/google-business-profile-management-tool/,Product Landing,BOFU,5,High,P3,0
short name on google my business,,0,,Core / Navigational Head Terms,/google-business-profile-management-tool/,Product Landing,BOFU,5,High,P3,0
should ecommerce create google my business,,0,,Setup / Add / Create / Register,/guides/add-business-to-google-maps/,Guide,TOFU,4,High,P3,0
should i claim my business on google,,0,,Setup / Add / Create / Register,/guides/google-business-profile-ownership-transfer/,Guide,TOFU,4,High,P3,0
show google my business page adwords ads everytime,,0,,Core / Navigational Head Terms,/google-business-profile-management-tool/,Product Landing,BOFU,5,High,P3,0
show google my business reviews on website,,0,,Reviews / Ratings / Reply,/features/google-review-management/,Feature Landing,BOFU,5,High,P3,0
show google my business reviews on wordpress wesite,,0,,Reviews / Ratings / Reply,/features/google-review-management/,Feature Landing,BOFU,5,High,P3,0
show google my business stars on ads,,0,,Core / Navigational Head Terms,/google-business-profile-management-tool/,Product Landing,BOFU,5,High,P3,0
show my business address at google,,0,,Categories / Services / Description,/guides/edit-google-business-profile/,Guide,TOFU,3,High,P3,0
show my business in google,,0,,Other / Long-tail,/guides/google-business-profile-faq/,FAQ,TOFU,1,High,P3,0
show my business name on google maps,,0,,Other / Long-tail,/guides/google-business-profile-faq/,FAQ,TOFU,1,High,P3,0
show social profile in google my business,,0,,Core / Navigational Head Terms,/google-business-profile-management-tool/,Product Landing,BOFU,5,High,P3,0
showcase the product in google my business,,0,,Google Posts / Offers / Updates,/features/google-posts-scheduler/,Feature Landing,BOFU,5,High,P3,0
shree sai holidays google my business page,,0,,Core / Navigational Head Terms,/google-business-profile-management-tool/,Product Landing,BOFU,5,High,P3,0
sierra cartel google my business,,0,,Core / Navigational Head Terms,/google-business-profile-management-tool/,Product Landing,BOFU,5,High,P3,0
sign up with google my business,,0,,Setup / Add / Create / Register,/guides/add-business-to-google-maps/,Guide,TOFU,4,High,P3,0
signage category in google my business,,0,,Categories / Services / Description,/guides/google-business-profile-categories-list/,Guide,TOFU,4,High,P3,0
signing up for google my business,,0,,Core / Navigational Head Terms,/google-business-profile-management-tool/,Product Landing,BOFU,5,High,P3,0
signinwith google my business,,0,,Core / Navigational Head Terms,/google-business-profile-management-tool/,Product Landing,BOFU,5,High,P3,0
silver jubilee google my business,,0,,Core / Navigational Head Terms,/google-business-profile-management-tool/,Product Landing,BOFU,5,High,P3,0
site google.com google my business,,0,,Core / Navigational Head Terms,/google-business-profile-management-tool/,Product Landing,BOFU,5,High,P3,0
site google.com my business,,0,,Other / Long-tail,/guides/google-business-profile-faq/,FAQ,TOFU,1,High,P3,0
site manager vs manager in google my business,,0,,Management Service / Agency,/google-business-profile-management-tool/,Product Landing,BOFU,5,High,P3,0
site web google my business avis,,0,,Core / Navigational Head Terms,/google-business-profile-management-tool/,Product Landing,BOFU,5,High,P3,0
size for cover picture for google my business,,0,,Photos / Logo / Cover / Videos,/google-business-profile-management-tool/,Product Landing,BOFU,5,High,P3,0
size for google my business profile picture,,0,,Photos / Logo / Cover / Videos,/google-business-profile-management-tool/,Product Landing,BOFU,5,High,P3,0
size of google my business profile photo,,0,,Photos / Logo / Cover / Videos,/guides/google-business-profile-photo-size/,Guide,TOFU,3,High,P3,0
size of logo to be post in google my business,,0,,Google Posts / Offers / Updates,/guides/google-business-profile-posts-examples/,Guide,TOFU,4,High,P3,0
sky library google my business,,0,,Core / Navigational Head Terms,/google-business-profile-management-tool/,Product Landing,BOFU,5,High,P3,0
slightly ajust my location on google business,,0,,Other / Long-tail,/guides/google-business-profile-faq/,FAQ,TOFU,1,High,P3,0
small high res google my business icon,,0,,Core / Navigational Head Terms,/google-business-profile-management-tool/,Product Landing,BOFU,5,High,P3,0
sms outbox google my business,,0,,Core / Navigational Head Terms,/google-business-profile-management-tool/,Product Landing,BOFU,5,High,P3,0
social pilot google my business,,0,,Core / Navigational Head Terms,/google-business-profile-management-tool/,Product Landing,BOFU,5,High,P3,0
sombody make my fake business details on google,,0,,Other / Long-tail,/guides/google-business-profile-faq/,FAQ,TOFU,1,High,P3,0
some one changed my google business phone number,,0,,Categories / Services / Description,/guides/edit-google-business-profile/,Guide,TOFU,3,High,P3,0
somebody has edited my business information in google business,,0,,Other / Long-tail,/guides/google-business-profile-faq/,FAQ,TOFU,1,High,P3,0
someone added my business location in google map wrongly,,0,,Other / Long-tail,/guides/google-business-profile-faq/,FAQ,TOFU,1,High,P3,0
someone changed my contact details on google my business,,0,,Support / Customer Care / Contact,/guides/google-business-profile-support/,Official Support Guide,TOFU,1,High,P3,0
someone changed my google business phone number,,0,,Categories / Services / Description,/guides/edit-google-business-profile/,Guide,TOFU,3,High,P3,0
someone claimed my google business listing,,0,,Other / Long-tail,/guides/google-business-profile-faq/,FAQ,TOFU,1,High,P3,0
someone edited my google business,,0,,Other / Long-tail,/guides/google-business-profile-faq/,FAQ,TOFU,1,High,P3,0
someone edited my verified google business,,0,,Verification / Code / Postcard,/guides/google-business-profile-verification/,Guide,MOFU,5,High,P3,0
someone edited my verifyed google business,,0,,Other / Long-tail,/guides/google-business-profile-faq/,FAQ,TOFU,1,High,P3,0
someone else verified my business on google,,0,,Verification / Code / Postcard,/guides/google-business-profile-verification/,Guide,MOFU,5,High,P3,0
someone has wrongly claimed my business on google,,0,,Other / Long-tail,/guides/google-business-profile-faq/,FAQ,TOFU,1,High,P3,0
someone is using my company name on google business,,0,,Other / Long-tail,/google-my-business-management-service/,Service Landing,BOFU,5,High,P3,0
something about google my business,,0,,Core / Navigational Head Terms,/guides/google-business-profile-description-examples/,Guide,TOFU,4,High,P3,0
sowmya beauty clinic tiruvuru google my business,,0,,Core / Navigational Head Terms,/google-business-profile-management-tool/,Product Landing,BOFU,5,High,P3,0
spreadsheet upload is not working in google my business,,0,,Photos / Logo / Cover / Videos,/guides/google-business-profile-photo-size/,Guide,TOFU,3,High,P3,0
ssk arcade google my business,,0,,Core / Navigational Head Terms,/google-business-profile-management-tool/,Product Landing,BOFU,5,High,P3,0
stack of top 3 google my business,,0,,Core / Navigational Head Terms,/google-business-profile-management-tool/,Product Landing,BOFU,5,High,P3,0
start your google my business listing,,0,,Core / Navigational Head Terms,/google-business-profile-management-tool/,Product Landing,BOFU,5,High,P3,0
statistics of nap on google my business,,0,,Core / Navigational Head Terms,/google-business-profile-management-tool/,Product Landing,BOFU,5,High,P3,0
statistics on google my business sucess,,0,,Core / Navigational Head Terms,/google-business-profile-management-tool/,Product Landing,BOFU,5,High,P3,0
stats for google my business posts,,0,,Google Posts / Offers / Updates,/features/google-posts-scheduler/,Feature Landing,BOFU,5,High,P3,0
steps to claim google my business,,0,,Setup / Add / Create / Register,/guides/google-business-profile-ownership-transfer/,Guide,TOFU,4,High,P3,0
steps to setup a google my business page,,0,,Setup / Add / Create / Register,/guides/add-business-to-google-maps/,Guide,TOFU,4,High,P3,0
sthenic solutions pvt ltd google my business email id,,0,,Core / Navigational Head Terms,/google-business-profile-management-tool/,Product Landing,BOFU,5,High,P3,0
stop people making changes to my google business,,0,,Other / Long-tail,/guides/google-business-profile-faq/,FAQ,TOFU,1,High,P3,0
store codes google my business,,0,,Core / Navigational Head Terms,/google-business-profile-management-tool/,Product Landing,BOFU,5,High,P3,0
stratergy for google my business,,0,,Core / Navigational Head Terms,/google-business-profile-management-tool/,Product Landing,BOFU,5,High,P3,0
stree swabhiman google my business,,0,,Core / Navigational Head Terms,/google-business-profile-management-tool/,Product Landing,BOFU,5,High,P3,0
suggest an edit google my business,,0,,Core / Navigational Head Terms,/guides/edit-google-business-profile/,Guide,TOFU,3,High,P3,0
suggest google add category in my business,,0,,Categories / Services / Description,/guides/add-business-to-google-maps/,Guide,TOFU,4,High,P3,0
summary header for google my business,,0,,Core / Navigational Head Terms,/google-business-profile-management-tool/,Product Landing,BOFU,5,High,P3,0
support email for google my business,,0,,Support / Customer Care / Contact,/guides/google-business-profile-support/,Official Support Guide,TOFU,1,High,P3,0
surya machinery google my business,,0,,Core / Navigational Head Terms,/google-business-profile-management-tool/,Product Landing,BOFU,5,High,P3,0
suspended google my business listing,,0,,Suspension / Reinstatement / Delete,/guides/google-business-profile-suspended/,Troubleshooting Guide,MOFU,5,High,P3,0
swagath grand as rao nagar google my business,,0,,Core / Navigational Head Terms,/google-business-profile-management-tool/,Product Landing,BOFU,5,High,P3,0
sync bing places with google my business,,0,,Core / Navigational Head Terms,/google-business-profile-management-tool/,Product Landing,BOFU,5,High,P3,0
tag public school google my business,,0,,Core / Navigational Head Terms,/google-business-profile-management-tool/,Product Landing,BOFU,5,High,P3,0
take ownership of google my business,,0,,Ownership / Access / Transfer,/guides/google-business-profile-ownership-transfer/,Guide,TOFU,4,High,P3,0
talk to a google support specialist google my business,,0,,Support / Customer Care / Contact,/guides/google-business-profile-support/,Official Support Guide,TOFU,1,High,P3,0
talk to a specialist google my business,,0,,Core / Navigational Head Terms,/google-business-profile-management-tool/,Product Landing,BOFU,5,High,P3,0
talk to google my business experts usa,,0,,Core / Navigational Head Terms,/google-business-profile-management-tool/,Product Landing,BOFU,5,High,P3,0
tamil india kalyan com google my business verification,,0,,Verification / Code / Postcard,/guides/google-business-profile-verification/,Guide,MOFU,5,High,P3,0
tamil india kalyan google my business,,0,,Core / Navigational Head Terms,/google-business-profile-management-tool/,Product Landing,BOFU,5,High,P3,0
tarif google my business,,0,,Core / Navigational Head Terms,/google-business-profile-management-tool/,Product Landing,BOFU,5,High,P3,0
tax lawyer at asansol google my business,,0,,Core / Navigational Head Terms,/google-business-profile-management-tool/,Product Landing,BOFU,5,High,P3,0
tech mahindra google my business,,0,,Core / Navigational Head Terms,/google-business-profile-management-tool/,Product Landing,BOFU,5,High,P3,0
tech mahindra google my business notice period,,0,,Core / Navigational Head Terms,/google-business-profile-management-tool/,Product Landing,BOFU,5,High,P3,0
tech study classes google my business,,0,,Core / Navigational Head Terms,/google-business-profile-management-tool/,Product Landing,BOFU,5,High,P3,0
techavera google my business page,,0,,Core / Navigational Head Terms,/google-business-profile-management-tool/,Product Landing,BOFU,5,High,P3,0
techniques to increase google my business page results,,0,,Core / Navigational Head Terms,/google-business-profile-management-tool/,Product Landing,BOFU,5,High,P3,0
techolution google my business,,0,,Core / Navigational Head Terms,/google-business-profile-management-tool/,Product Landing,BOFU,5,High,P3,0
teer result google my business,,0,,Core / Navigational Head Terms,/google-business-profile-management-tool/,Product Landing,BOFU,5,High,P3,0
telefono google my business,,0,,Core / Navigational Head Terms,/google-business-profile-management-tool/,Product Landing,BOFU,5,High,P3,0
teleperformance hiring for google my business process,,0,,Core / Navigational Head Terms,/google-business-profile-management-tool/,Product Landing,BOFU,5,High,P3,0
termination of google my business job contract,,0,,Core / Navigational Head Terms,/google-business-profile-management-tool/,Product Landing,BOFU,5,High,P3,0
testing google my business api,,0,,API / Analytics / Insights,/features/google-business-profile-reporting/,Feature Landing,BOFU,4,High,P3,0
the bakers spot my google business page,,0,,Other / Long-tail,/guides/google-business-profile-faq/,FAQ,TOFU,1,High,P3,0
the clearing house mumbai google my business,,0,,Core / Navigational Head Terms,/google-business-profile-management-tool/,Product Landing,BOFU,5,High,P3,0
the create post button doesn't work in google my business,,0,,Google Posts / Offers / Updates,/guides/add-business-to-google-maps/,Guide,TOFU,4,High,P3,0
the importance of google my business,,0,,Core / Navigational Head Terms,/google-business-profile-management-tool/,Product Landing,BOFU,5,High,P3,0
the importance of your google my business page,,0,,Core / Navigational Head Terms,/google-business-profile-management-tool/,Product Landing,BOFU,5,High,P3,0
the post option is not appearting in google my business,,0,,Google Posts / Offers / Updates,/features/google-posts-scheduler/,Feature Landing,BOFU,5,High,P3,0
the post option is not showing in google my business,,0,,Google Posts / Offers / Updates,/features/google-posts-scheduler/,Feature Landing,BOFU,5,High,P3,0
the prayas india borivali google my business,,0,,Core / Navigational Head Terms,/google-business-profile-management-tool/,Product Landing,BOFU,5,High,P3,0
the realm google my business,,0,,Core / Navigational Head Terms,/google-business-profile-management-tool/,Product Landing,BOFU,5,High,P3,0
thedesignmania google my business,,0,,Core / Navigational Head Terms,/google-business-profile-management-tool/,Product Landing,BOFU,5,High,P3,0
their website mentions google my business,,0,,Categories / Services / Description,/guides/edit-google-business-profile/,Guide,TOFU,3,High,P3,0
themes for google my business,,0,,Core / Navigational Head Terms,/google-business-profile-management-tool/,Product Landing,BOFU,5,High,P3,0
there are two entries on my google business,,0,,Other / Long-tail,/guides/google-business-profile-faq/,FAQ,TOFU,1,High,P3,0
time duration for entering otp for google my business,,0,,Core / Navigational Head Terms,/google-business-profile-management-tool/,Product Landing,BOFU,5,High,P3,0
time lanka varanasi google my business,,0,,Core / Navigational Head Terms,/google-business-profile-management-tool/,Product Landing,BOFU,5,High,P3,0
time of viewing listing google my business,,0,,Core / Navigational Head Terms,/google-business-profile-management-tool/,Product Landing,BOFU,5,High,P3,0
tips for add section in google my business,,0,,Setup / Add / Create / Register,/guides/add-business-to-google-maps/,Guide,TOFU,4,High,P3,0
to see the status of money in google my business,,0,,Core / Navigational Head Terms,/google-business-profile-management-tool/,Product Landing,BOFU,5,High,P3,0
to set my business address shop location on google maps,,0,,Categories / Services / Description,/guides/edit-google-business-profile/,Guide,TOFU,3,High,P3,0
to verify my business on google,,0,,Verification / Code / Postcard,/guides/google-business-profile-verification/,Guide,MOFU,5,High,P3,0
tool to identify issues in google my business listing,,0,,Management Service / Agency,/google-business-profile-management-tool/,Product Landing,BOFU,5,High,P3,0
top 3 google my business tips for 2019,,0,,Core / Navigational Head Terms,/google-business-profile-management-tool/,Product Landing,BOFU,5,High,P3,0
total number of google my business listings,,0,,Core / Navigational Head Terms,/google-business-profile-management-tool/,Product Landing,BOFU,5,High,P3,0
total search in google my business insights,,0,,API / Analytics / Insights,/features/google-business-profile-reporting/,Feature Landing,BOFU,4,High,P3,0
track google my business in analytics,,0,,API / Analytics / Insights,/features/google-business-profile-reporting/,Feature Landing,BOFU,4,High,P3,0
track question and answer in google my business,,0,,Core / Navigational Head Terms,/guides/google-business-profile-questions-and-answers/,Guide,TOFU,3,High,P3,0
track your rankings with google my business,,0,,Core / Navigational Head Terms,/google-business-profile-management-tool/,Product Landing,BOFU,5,High,P3,0
transfer business ownership google my business,,0,,Ownership / Access / Transfer,/guides/google-business-profile-ownership-transfer/,Guide,TOFU,4,High,P3,0
transfer google my business rights,,0,,Ownership / Access / Transfer,/guides/google-business-profile-ownership-transfer/,Guide,TOFU,4,High,P3,0
transfer google my business rights one gmail to another,,0,,Ownership / Access / Transfer,/guides/google-business-profile-ownership-transfer/,Guide,TOFU,4,High,P3,0
transfer google my business to different account,,0,,Ownership / Access / Transfer,/guides/google-business-profile-login/,Guide,TOFU,1,High,P3,0
transfer location in google my business,,0,,Ownership / Access / Transfer,/guides/google-business-profile-ownership-transfer/,Guide,TOFU,4,High,P3,0
transfer primary ownership google my business,,0,,Ownership / Access / Transfer,/guides/google-business-profile-ownership-transfer/,Guide,TOFU,4,High,P3,0
transfer the ownership of google my business account,,0,,Ownership / Access / Transfer,/guides/google-business-profile-login/,Guide,TOFU,1,High,P3,0
trick to fix suspended locations on google my business,,0,,Suspension / Reinstatement / Delete,/guides/google-business-profile-suspended/,Troubleshooting Guide,MOFU,5,High,P3,0
trintals google my business,,0,,Core / Navigational Head Terms,/google-business-profile-management-tool/,Product Landing,BOFU,5,High,P3,0
trueway relocation services google my business,,0,,Categories / Services / Description,/guides/google-my-business-services/,Guide,TOFU,4,High,P3,0
turn off google my business messaging,,0,,Core / Navigational Head Terms,/google-business-profile-management-tool/,Product Landing,BOFU,5,High,P3,0
tutorial google my business,,0,,Core / Navigational Head Terms,/google-business-profile-management-tool/,Product Landing,BOFU,5,High,P3,0
twitter by google my business,,0,,Core / Navigational Head Terms,/google-business-profile-management-tool/,Product Landing,BOFU,5,High,P3,0
twitter google my business,,0,,Core / Navigational Head Terms,/google-business-profile-management-tool/,Product Landing,BOFU,5,High,P3,0
two different pages appears of my google business,,0,,Other / Long-tail,/guides/google-business-profile-faq/,FAQ,TOFU,1,High,P3,0
two same business and same address google my business,,0,,Categories / Services / Description,/guides/edit-google-business-profile/,Guide,TOFU,3,High,P3,0
types of business google my business,,0,,Core / Navigational Head Terms,/google-business-profile-management-tool/,Product Landing,BOFU,5,High,P3,0
types of search google my business,,0,,Core / Navigational Head Terms,/google-business-profile-management-tool/,Product Landing,BOFU,5,High,P3,0
typhon-east google my business,,0,,Core / Navigational Head Terms,/google-business-profile-management-tool/,Product Landing,BOFU,5,High,P3,0
unable to verify my google business,,0,,Verification / Code / Postcard,/guides/google-business-profile-verification/,Guide,MOFU,5,High,P3,0
unclaimed google my business scraper,,0,,Core / Navigational Head Terms,/google-business-profile-management-tool/,Product Landing,BOFU,5,High,P3,0
unclaimend google my business list,,0,,Core / Navigational Head Terms,/google-business-profile-management-tool/,Product Landing,BOFU,5,High,P3,0
under armour google my business,,0,,Core / Navigational Head Terms,/google-business-profile-management-tool/,Product Landing,BOFU,5,High,P3,0
understanding google my business,,0,,Core / Navigational Head Terms,/google-business-profile-management-tool/,Product Landing,BOFU,5,High,P3,0
understanding google my business & local search localu,,0,,Core / Navigational Head Terms,/google-business-profile-management-tool/,Product Landing,BOFU,5,High,P3,0
unlink google my business from adwords,,0,,Core / Navigational Head Terms,/google-business-profile-management-tool/,Product Landing,BOFU,5,High,P3,0
unnati motors google my business page,,0,,Core / Navigational Head Terms,/google-business-profile-management-tool/,Product Landing,BOFU,5,High,P3,0
unnati motors pune google my business,,0,,Core / Navigational Head Terms,/google-business-profile-management-tool/,Product Landing,BOFU,5,High,P3,0
unpublish my google business page,,0,,Other / Long-tail,/guides/google-business-profile-faq/,FAQ,TOFU,1,High,P3,0
update address google my business,,0,,Google Posts / Offers / Updates,/features/google-posts-scheduler/,Feature Landing,BOFU,5,High,P3,0
update google my business from location,,0,,Google Posts / Offers / Updates,/features/google-posts-scheduler/,Feature Landing,BOFU,5,High,P3,0
update holiday info on google my business,,0,,Google Posts / Offers / Updates,/features/google-posts-scheduler/,Feature Landing,BOFU,5,High,P3,0
update map location in google my business,,0,,Google Posts / Offers / Updates,/features/google-posts-scheduler/,Feature Landing,BOFU,5,High,P3,0
update my business address on google maps,,0,,Google Posts / Offers / Updates,/features/google-posts-scheduler/,Feature Landing,BOFU,5,High,P3,0
update my google business,,0,,Google Posts / Offers / Updates,/features/google-posts-scheduler/,Feature Landing,BOFU,5,High,P3,0
updated feature of google my business page,,0,,Core / Navigational Head Terms,/google-business-profile-management-tool/,Product Landing,BOFU,5,High,P3,0
updated features of google my business page,,0,,Core / Navigational Head Terms,/google-business-profile-management-tool/,Product Landing,BOFU,5,High,P3,0
upload 360 view in google my business,,0,,Photos / Logo / Cover / Videos,/guides/google-business-profile-photo-size/,Guide,TOFU,3,High,P3,0
upload media by category google my business,,0,,Photos / Logo / Cover / Videos,/guides/google-business-profile-photo-size/,Guide,TOFU,3,High,P3,0
upload pictures to google my business,,0,,Photos / Logo / Cover / Videos,/guides/google-business-profile-photo-size/,Guide,TOFU,3,High,P3,0
ups store google my business,,0,,Core / Navigational Head Terms,/google-business-profile-management-tool/,Product Landing,BOFU,5,High,P3,0
url of google my business,,0,,Core / Navigational Head Terms,/google-business-profile-management-tool/,Product Landing,BOFU,5,High,P3,0
us small textile shop in texas google my business,,0,,Core / Navigational Head Terms,/google-business-profile-management-tool/,Product Landing,BOFU,5,High,P3,0
usage of google my business posts,,0,,Google Posts / Offers / Updates,/features/google-posts-scheduler/,Feature Landing,BOFU,5,High,P3,0
use google my business to optimize for local search,,0,,Optimization / SEO / Ranking,/guides/google-business-profile-optimization-checklist/,Pillar Guide,MOFU,5,High,P3,0
use google pub sub for google my business api,,0,,API / Analytics / Insights,/features/google-business-profile-reporting/,Feature Landing,BOFU,4,High,P3,0
use of images in google my business,,0,,Photos / Logo / Cover / Videos,/guides/google-business-profile-photo-size/,Guide,TOFU,3,High,P3,0
use of labels in google my business,,0,,Core / Navigational Head Terms,/google-business-profile-management-tool/,Product Landing,BOFU,5,High,P3,0
users fail to load manager on my business google account,,0,,Management Service / Agency,/guides/google-business-profile-login/,Guide,TOFU,1,High,P3,0
uses claim your google my business,,0,,Setup / Add / Create / Register,/guides/google-business-profile-ownership-transfer/,Guide,TOFU,4,High,P3,0
uses of google my business,,0,,Core / Navigational Head Terms,/google-business-profile-management-tool/,Product Landing,BOFU,5,High,P3,0
value 360 india google my business page,,0,,Core / Navigational Head Terms,/google-business-profile-management-tool/,Product Landing,BOFU,5,High,P3,0
variable in google my business,,0,,Core / Navigational Head Terms,/google-business-profile-management-tool/,Product Landing,BOFU,5,High,P3,0
variable in post google my business,,0,,Google Posts / Offers / Updates,/features/google-posts-scheduler/,Feature Landing,BOFU,5,High,P3,0
variable post google my business,,0,,Google Posts / Offers / Updates,/features/google-posts-scheduler/,Feature Landing,BOFU,5,High,P3,0
vedji on google my business,,0,,Core / Navigational Head Terms,/google-business-profile-management-tool/,Product Landing,BOFU,5,High,P3,0
verification of google my business,,0,,Verification / Code / Postcard,/guides/google-business-profile-verification/,Guide,MOFU,5,High,P3,0
verify google my business through email,,0,,Verification / Code / Postcard,/guides/google-business-profile-verification/,Guide,MOFU,5,High,P3,0
verify later google my business,,0,,Verification / Code / Postcard,/guides/google-business-profile-verification/,Guide,MOFU,5,High,P3,0
verify my business account google,,0,,Verification / Code / Postcard,/guides/google-business-profile-login/,Guide,TOFU,1,High,P3,0
verify my business address on google,,0,,Verification / Code / Postcard,/guides/google-business-profile-verification/,Guide,MOFU,5,High,P3,0
verify my business google.com,,0,,Verification / Code / Postcard,/guides/google-business-profile-verification/,Guide,MOFU,5,High,P3,0
verify my business with google phone call,,0,,Verification / Code / Postcard,/guides/google-business-profile-support/,Official Support Guide,TOFU,1,High,P3,0
verify my google business page,,0,,Verification / Code / Postcard,/guides/google-business-profile-verification/,Guide,MOFU,5,High,P3,0
victory awnings and canopies google my business,,0,,Core / Navigational Head Terms,/google-business-profile-management-tool/,Product Landing,BOFU,5,High,P3,0
video time limit for google my business,,0,,Photos / Logo / Cover / Videos,/guides/google-business-profile-photo-size/,Guide,TOFU,3,High,P3,0
video upload size on google my business,,0,,Photos / Logo / Cover / Videos,/guides/google-business-profile-photo-size/,Guide,TOFU,3,High,P3,0
virtual address to verify my google business,,0,,Verification / Code / Postcard,/guides/google-business-profile-verification/,Guide,MOFU,5,High,P3,0
virtual reality 360 photography and google my business,,0,,Core / Navigational Head Terms,/google-business-profile-management-tool/,Product Landing,BOFU,5,High,P3,0
visioncodes google my business,,0,,Core / Navigational Head Terms,/google-business-profile-management-tool/,Product Landing,BOFU,5,High,P3,0
vmartgo google my business,,0,,Core / Navigational Head Terms,/google-business-profile-management-tool/,Product Landing,BOFU,5,High,P3,0
voice experience into google my business,,0,,Core / Navigational Head Terms,/google-business-profile-management-tool/,Product Landing,BOFU,5,High,P3,0
voice experience into google my business call center,,0,,Support / Customer Care / Contact,/guides/google-business-profile-support/,Official Support Guide,TOFU,1,High,P3,0
voice experince into google my business,,0,,Core / Navigational Head Terms,/google-business-profile-management-tool/,Product Landing,BOFU,5,High,P3,0
walnut folks google my business,,0,,Core / Navigational Head Terms,/google-business-profile-management-tool/,Product Landing,BOFU,5,High,P3,0
want to disable my google business reviews,,0,,Reviews / Ratings / Reply,/features/google-review-management/,Feature Landing,BOFU,5,High,P3,0
was ist google my business,,0,,Core / Navigational Head Terms,/google-business-profile-management-tool/,Product Landing,BOFU,5,High,P3,0
ways to optimize google my business listing for 2019,,0,,Optimization / SEO / Ranking,/guides/google-business-profile-optimization-checklist/,Pillar Guide,MOFU,5,High,P3,0
ways to optimize your google my business listing for 2019,,0,,Optimization / SEO / Ranking,/guides/google-business-profile-optimization-checklist/,Pillar Guide,MOFU,5,High,P3,0
website like google my business,,0,,Categories / Services / Description,/guides/edit-google-business-profile/,Guide,TOFU,3,High,P3,0
website my business wird bei google gelöscht,,0,,Categories / Services / Description,/guides/edit-google-business-profile/,Guide,TOFU,3,High,P3,0
website reviews to google my business,,0,,Reviews / Ratings / Reply,/features/google-review-management/,Feature Landing,BOFU,5,High,P3,0
website to google my business,,0,,Categories / Services / Description,/guides/edit-google-business-profile/,Guide,TOFU,3,High,P3,0
website with google my business,,0,,Categories / Services / Description,/guides/edit-google-business-profile/,Guide,TOFU,3,High,P3,0
wedwingz events google my business,,0,,Google Posts / Offers / Updates,/features/google-posts-scheduler/,Feature Landing,BOFU,5,High,P3,0
wedwingz evetns google my business,,0,,Core / Navigational Head Terms,/google-business-profile-management-tool/,Product Landing,BOFU,5,High,P3,0
wedwingz google my business,,0,,Core / Navigational Head Terms,/google-business-profile-management-tool/,Product Landing,BOFU,5,High,P3,0
welcome messages google my business,,0,,Core / Navigational Head Terms,/google-business-profile-management-tool/,Product Landing,BOFU,5,High,P3,0
welcome to google my business,,0,,Core / Navigational Head Terms,/google-business-profile-management-tool/,Product Landing,BOFU,5,High,P3,0
welcome to google my business call center no,,0,,Support / Customer Care / Contact,/guides/google-business-profile-support/,Official Support Guide,TOFU,1,High,P3,0
were to view account summary on google my business,,0,,Login / Account / App,/guides/google-business-profile-login/,Guide,TOFU,1,High,P3,0
wework google my business,,0,,Core / Navigational Head Terms,/google-business-profile-management-tool/,Product Landing,BOFU,5,High,P3,0
what a google my business manager can do,,0,,Management Service / Agency,/google-business-profile-management-tool/,Product Landing,BOFU,5,High,P3,0
what are attributes in google my business,,0,,Categories / Services / Description,/google-business-profile-management-tool/,Product Landing,BOFU,5,High,P3,0
what are labels vs adwords in google my business,,0,,Core / Navigational Head Terms,/google-business-profile-management-tool/,Product Landing,BOFU,5,High,P3,0
what are shared images of google my business,,0,,Photos / Logo / Cover / Videos,/guides/google-business-profile-photo-size/,Guide,TOFU,3,High,P3,0
what are views and clicks in google my business,,0,,Core / Navigational Head Terms,/google-business-profile-management-tool/,Product Landing,BOFU,5,High,P3,0
what can google do for my business,,0,,Other / Long-tail,/guides/google-business-profile-faq/,FAQ,TOFU,1,High,P3,0
what do labels mean in google my business,,0,,Core / Navigational Head Terms,/google-business-profile-management-tool/,Product Landing,BOFU,5,High,P3,0
what does an eye represent in google my business,,0,,Core / Navigational Head Terms,/google-business-profile-management-tool/,Product Landing,BOFU,5,High,P3,0
what does view actually mean on google my business,,0,,Core / Navigational Head Terms,/google-business-profile-management-tool/,Product Landing,BOFU,5,High,P3,0
what happens when verify later google my business,,0,,Verification / Code / Postcard,/guides/google-business-profile-verification/,Guide,MOFU,5,High,P3,0
what i doing if my google my business is suspended,,0,,Suspension / Reinstatement / Delete,/guides/google-business-profile-suspended/,Troubleshooting Guide,MOFU,5,High,P3,0
what if i remove my number from google my business,,0,,Suspension / Reinstatement / Delete,/google-business-profile-management-tool/,Product Landing,BOFU,5,High,P3,0
what is a google account to manage my business,,0,,Management Service / Agency,/guides/google-business-profile-login/,Guide,TOFU,1,High,P3,0
what is a google my business ad,,0,,Core / Navigational Head Terms,/google-business-profile-management-tool/,Product Landing,BOFU,5,High,P3,0
what is a google my business review,,0,,Reviews / Ratings / Reply,/features/google-review-management/,Feature Landing,BOFU,5,High,P3,0
what is a location group in google my business,,0,,Core / Navigational Head Terms,/google-business-profile-management-tool/,Product Landing,BOFU,5,High,P3,0
what is activity on google my business,,0,,Core / Navigational Head Terms,/google-business-profile-management-tool/,Product Landing,BOFU,5,High,P3,0
what is add attributes in google my business,,0,,Categories / Services / Description,/guides/add-business-to-google-maps/,Guide,TOFU,4,High,P3,0
what is agencies account for google my business,,0,,Login / Account / App,/guides/google-business-profile-login/,Guide,TOFU,1,High,P3,0
what is appointment url in google my business,,0,,Google Posts / Offers / Updates,/google-business-profile-management-tool/,Product Landing,BOFU,5,High,P3,0
what is attributes for google my business,,0,,Categories / Services / Description,/google-business-profile-management-tool/,Product Landing,BOFU,5,High,P3,0
what is attributes in google my business,,0,,Categories / Services / Description,/google-business-profile-management-tool/,Product Landing,BOFU,5,High,P3,0
what is battery stores in google my business,,0,,Core / Navigational Head Terms,/google-business-profile-management-tool/,Product Landing,BOFU,5,High,P3,0
what is benefits of google my business website,,0,,Categories / Services / Description,/guides/edit-google-business-profile/,Guide,TOFU,3,High,P3,0
what is bulk goods in google my business,,0,,Core / Navigational Head Terms,/google-business-profile-management-tool/,Product Landing,BOFU,5,High,P3,0
what is chain searches in google my business,,0,,Core / Navigational Head Terms,/google-business-profile-management-tool/,Product Landing,BOFU,5,High,P3,0
what is charges for google my business 360 view,,0,,Free / Cost / Pricing,/guides/is-google-my-business-free/,Guide,TOFU,3,High,P3,0
what is create post in google my business,,0,,Google Posts / Offers / Updates,/guides/add-business-to-google-maps/,Guide,TOFU,4,High,P3,0
what is difference between godaddy and google my business website,,0,,Categories / Services / Description,/guides/edit-google-business-profile/,Guide,TOFU,3,High,P3,0
what is difference between google & google my business,,0,,Core / Navigational Head Terms,/google-business-profile-management-tool/,Product Landing,BOFU,5,High,P3,0
what is enter labels in google my business app,,0,,Login / Account / App,/guides/google-business-profile-login/,Guide,TOFU,1,High,P3,0
what is gcid on google my business,,0,,Core / Navigational Head Terms,/google-business-profile-management-tool/,Product Landing,BOFU,5,High,P3,0
what is google ads google my business,,0,,Core / Navigational Head Terms,/google-business-profile-management-tool/,Product Landing,BOFU,5,High,P3,0
what is google ads phone in google my business,,0,,Categories / Services / Description,/guides/edit-google-business-profile/,Guide,TOFU,3,High,P3,0
what is google and google my business page,,0,,Core / Navigational Head Terms,/google-business-profile-management-tool/,Product Landing,BOFU,5,High,P3,0
what is google my business ads,,0,,Core / Navigational Head Terms,/google-business-profile-management-tool/,Product Landing,BOFU,5,High,P3,0
what is google my business agency,,0,,Management Service / Agency,/google-my-business-management-service/,Service Landing,BOFU,5,High,P3,0
what is google my business bage,,0,,Core / Navigational Head Terms,/google-business-profile-management-tool/,Product Landing,BOFU,5,High,P3,0
what is google my business course certification,,0,,Core / Navigational Head Terms,/google-business-profile-management-tool/,Product Landing,BOFU,5,High,P3,0
what is google my business dashboard,,0,,Management Service / Agency,/google-business-profile-management-tool/,Product Landing,BOFU,5,High,P3,0
what is google my business in gujarati,,0,,Core / Navigational Head Terms,/google-business-profile-management-tool/,Product Landing,BOFU,5,High,P3,0
what is google my business label,,0,,Core / Navigational Head Terms,/google-business-profile-management-tool/,Product Landing,BOFU,5,High,P3,0
what is google my business manage locations,,0,,Management Service / Agency,/google-business-profile-management-tool/,Product Landing,BOFU,5,High,P3,0
what is google my business page optimisation,,0,,Optimization / SEO / Ranking,/guides/google-business-profile-optimization-checklist/,Pillar Guide,MOFU,5,High,P3,0
what is google my business post,,0,,Google Posts / Offers / Updates,/features/google-posts-scheduler/,Feature Landing,BOFU,5,High,P3,0
what is google my business ranking factory,,0,,Optimization / SEO / Ranking,/guides/google-business-profile-optimization-checklist/,Pillar Guide,MOFU,5,High,P3,0
what is google my business short name,,0,,Core / Navigational Head Terms,/google-business-profile-management-tool/,Product Landing,BOFU,5,High,P3,0
what is google my business store code,,0,,Verification / Code / Postcard,/guides/google-business-profile-verification/,Guide,MOFU,5,High,P3,0
what is google my business verification code,,0,,Verification / Code / Postcard,/guides/google-business-profile-verification/,Guide,MOFU,5,High,P3,0
what is google my business wikipedia,,0,,Core / Navigational Head Terms,/google-business-profile-management-tool/,Product Landing,BOFU,5,High,P3,0
what is google my business with girl,,0,,Core / Navigational Head Terms,/google-business-profile-management-tool/,Product Landing,BOFU,5,High,P3,0
what is google places how can it help my business,,0,,Other / Long-tail,/guides/google-business-profile-faq/,FAQ,TOFU,1,High,P3,0
what is google sitye in google my business,,0,,Core / Navigational Head Terms,/google-business-profile-management-tool/,Product Landing,BOFU,5,High,P3,0
what is location group in google my business,,0,,Core / Navigational Head Terms,/google-business-profile-management-tool/,Product Landing,BOFU,5,High,P3,0
what is meant by store front in google my business,,0,,Core / Navigational Head Terms,/google-business-profile-management-tool/,Product Landing,BOFU,5,High,P3,0
what is menu url in google my business,,0,,Google Posts / Offers / Updates,/guides/google-my-business-services/,Guide,TOFU,4,High,P3,0
what is my business google,,0,,Other / Long-tail,/guides/google-business-profile-faq/,FAQ,TOFU,1,High,P3,0
what is my google business listing,,0,,Other / Long-tail,/guides/google-business-profile-faq/,FAQ,TOFU,1,High,P3,0
what is my google business page,,0,,Other / Long-tail,/guides/google-business-profile-faq/,FAQ,TOFU,1,High,P3,0
what is my google business page url,,0,,Other / Long-tail,/guides/google-business-profile-faq/,FAQ,TOFU,1,High,P3,0
what is my google plus business page url,,0,,Other / Long-tail,/guides/google-business-profile-faq/,FAQ,TOFU,1,High,P3,0
what is product in google my business,,0,,Google Posts / Offers / Updates,/features/google-posts-scheduler/,Feature Landing,BOFU,5,High,P3,0
what is reinstatement in google my business,,0,,Suspension / Reinstatement / Delete,/guides/google-business-profile-suspended/,Troubleshooting Guide,MOFU,5,High,P3,0
what is short name in google my business,,0,,Core / Navigational Head Terms,/google-business-profile-management-tool/,Product Landing,BOFU,5,High,P3,0
what is splitify in google my business,,0,,Core / Navigational Head Terms,/google-business-profile-management-tool/,Product Landing,BOFU,5,High,P3,0
what is store code for google my business,,0,,Verification / Code / Postcard,/guides/google-business-profile-verification/,Guide,MOFU,5,High,P3,0
what is the charges of google my business,,0,,Free / Cost / Pricing,/guides/is-google-my-business-free/,Guide,TOFU,3,High,P3,0
what is the gb size of google my business,,0,,Photos / Logo / Cover / Videos,/google-business-profile-management-tool/,Product Landing,BOFU,5,High,P3,0
what is the google my business attributes,,0,,Categories / Services / Description,/google-business-profile-management-tool/,Product Landing,BOFU,5,High,P3,0
what is the google my business attributes list,,0,,Categories / Services / Description,/google-business-profile-management-tool/,Product Landing,BOFU,5,High,P3,0
what is the google my business website,,0,,Categories / Services / Description,/guides/edit-google-business-profile/,Guide,TOFU,3,High,P3,0
what is the maximum distance for google my business listing,,0,,Core / Navigational Head Terms,/google-business-profile-management-tool/,Product Landing,BOFU,5,High,P3,0
what is the meaning of merge google my business,,0,,Core / Navigational Head Terms,/google-business-profile-management-tool/,Product Landing,BOFU,5,High,P3,0
what is the photo size of google my business,,0,,Photos / Logo / Cover / Videos,/guides/google-business-profile-photo-size/,Guide,TOFU,3,High,P3,0
what is the space of google my business,,0,,Core / Navigational Head Terms,/google-business-profile-management-tool/,Product Landing,BOFU,5,High,P3,0
what is the use descriptions in google my business,,0,,Core / Navigational Head Terms,/google-business-profile-management-tool/,Product Landing,BOFU,5,High,P3,0
what is the use of google my business account,,0,,Login / Account / App,/guides/google-business-profile-login/,Guide,TOFU,1,High,P3,0
what is the website address of google my business,,0,,Categories / Services / Description,/guides/edit-google-business-profile/,Guide,TOFU,3,High,P3,0
what is this section name in google my business,,0,,Core / Navigational Head Terms,/google-business-profile-management-tool/,Product Landing,BOFU,5,High,P3,0
what is transfer location in google my business,,0,,Ownership / Access / Transfer,/guides/google-business-profile-ownership-transfer/,Guide,TOFU,4,High,P3,0
what is website function in google my business,,0,,Categories / Services / Description,/guides/edit-google-business-profile/,Guide,TOFU,3,High,P3,0
what should be relevant category in google my business,,0,,Categories / Services / Description,/guides/google-business-profile-categories-list/,Guide,TOFU,4,High,P3,0
what size should google my business logo be,,0,,Photos / Logo / Cover / Videos,/guides/google-my-business-logo-size/,Guide,TOFU,3,High,P3,0
what to add in short name of google my business,,0,,Setup / Add / Create / Register,/guides/add-business-to-google-maps/,Guide,TOFU,4,High,P3,0
what to do if not getting google my business pin,,0,,Verification / Code / Postcard,/guides/google-business-profile-verification/,Guide,MOFU,5,High,P3,0
what to do on google my business,,0,,Core / Navigational Head Terms,/google-business-profile-management-tool/,Product Landing,BOFU,5,High,P3,0
what to type in contact name in google my business,,0,,Support / Customer Care / Contact,/guides/google-business-profile-support/,Official Support Guide,TOFU,1,High,P3,0
what to write labels in google my business,,0,,Core / Navigational Head Terms,/google-business-profile-management-tool/,Product Landing,BOFU,5,High,P3,0
what we can do with google my business,,0,,Core / Navigational Head Terms,/google-business-profile-management-tool/,Product Landing,BOFU,5,High,P3,0
what we write in section in google my business,,0,,Core / Navigational Head Terms,/google-business-profile-management-tool/,Product Landing,BOFU,5,High,P3,0
what will be out put of google my business api,,0,,API / Analytics / Insights,/features/google-business-profile-reporting/,Feature Landing,BOFU,4,High,P3,0
what will be output of google my business api,,0,,API / Analytics / Insights,/features/google-business-profile-reporting/,Feature Landing,BOFU,4,High,P3,0
what would we get from google my business verification post,,0,,Verification / Code / Postcard,/guides/google-business-profile-verification/,Guide,MOFU,5,High,P3,0
what's the meaning of ownership of on google my business,,0,,Ownership / Access / Transfer,/guides/google-business-profile-ownership-transfer/,Guide,TOFU,4,High,P3,0
whats the meaning of ownership of on google my business,,0,,Ownership / Access / Transfer,/guides/google-business-profile-ownership-transfer/,Guide,TOFU,4,High,P3,0
whatsapp business not showing my google contacts,,0,,Other / Long-tail,/guides/google-business-profile-faq/,FAQ,TOFU,1,High,P3,0
whatsapp for business not showing my google contacts,,0,,Other / Long-tail,/guides/google-business-profile-faq/,FAQ,TOFU,1,High,P3,0
whatsapp google my business account,,0,,Login / Account / App,/guides/google-business-profile-login/,Guide,TOFU,1,High,P3,0
when calendar event will show in google my business,,0,,Google Posts / Offers / Updates,/features/google-posts-scheduler/,Feature Landing,BOFU,5,High,P3,0
when do my business get publish on google maps,,0,,Other / Long-tail,/guides/google-business-profile-faq/,FAQ,TOFU,1,High,P3,0
when do my business get publish on google search,,0,,Other / Long-tail,/guides/google-business-profile-faq/,FAQ,TOFU,1,High,P3,0
when does google my business register my business,,0,,Setup / Add / Create / Register,/guides/add-business-to-google-maps/,Guide,TOFU,4,High,P3,0
when does my business list on google,,0,,Other / Long-tail,/guides/google-business-profile-faq/,FAQ,TOFU,1,High,P3,0
when google display my business,,0,,Other / Long-tail,/guides/google-business-profile-faq/,FAQ,TOFU,1,High,P3,0
when google my business launched in india,,0,,Core / Navigational Head Terms,/google-business-profile-management-tool/,Product Landing,BOFU,5,High,P3,0
when search my business on google,,0,,Other / Long-tail,/guides/google-business-profile-faq/,FAQ,TOFU,1,High,P3,0
when will my business appear on google maps,,0,,Other / Long-tail,/guides/google-business-profile-faq/,FAQ,TOFU,1,High,P3,0
when will my business appear on google maps after verificaton,,0,,Other / Long-tail,/guides/google-business-profile-faq/,FAQ,TOFU,1,High,P3,0
where are my photos in google busi,,0,,Photos / Logo / Cover / Videos,/guides/google-business-profile-photo-size/,Guide,TOFU,3,High,P3,0
where do find mangane user in google my business,,0,,Core / Navigational Head Terms,/google-business-profile-management-tool/,Product Landing,BOFU,5,High,P3,0
where do google my business posts appear,,0,,Google Posts / Offers / Updates,/features/google-posts-scheduler/,Feature Landing,BOFU,5,High,P3,0
where do i add keywords in google my business,,0,,Setup / Add / Create / Register,/guides/add-business-to-google-maps/,Guide,TOFU,4,High,P3,0
where do i receive my postcards sent from google business,,0,,Other / Long-tail,/guides/google-business-profile-faq/,FAQ,TOFU,1,High,P3,0
where does google my business post appears,,0,,Google Posts / Offers / Updates,/features/google-posts-scheduler/,Feature Landing,BOFU,5,High,P3,0
where i can find id on google my business,,0,,Core / Navigational Head Terms,/google-business-profile-management-tool/,Product Landing,BOFU,5,High,P3,0
where i can find review link in google my business,,0,,Reviews / Ratings / Reply,/guides/google-my-business-review-link/,Guide,MOFU,5,High,P3,0
where i find google my business postcard,,0,,Verification / Code / Postcard,/guides/google-business-profile-verification/,Guide,MOFU,5,High,P3,0
where is account summery obtion google my business,,0,,Login / Account / App,/guides/google-business-profile-login/,Guide,TOFU,1,High,P3,0
where is location extension google my business,,0,,Core / Navigational Head Terms,/google-business-profile-management-tool/,Product Landing,BOFU,5,High,P3,0
where is my google business pag,,0,,Other / Long-tail,/guides/google-business-profile-faq/,FAQ,TOFU,1,High,P3,0
where is verify option in google my business,,0,,Verification / Code / Postcard,/guides/google-business-profile-verification/,Guide,MOFU,5,High,P3,0
where show google my business about content,,0,,Core / Navigational Head Terms,/guides/google-business-profile-description-examples/,Guide,TOFU,4,High,P3,0
where to add social media code in google my business,,0,,Verification / Code / Postcard,/guides/google-business-profile-verification/,Guide,MOFU,5,High,P3,0
where to find google my business meesaages,,0,,Core / Navigational Head Terms,/google-business-profile-management-tool/,Product Landing,BOFU,5,High,P3,0
where to post google my business new post,,0,,Google Posts / Offers / Updates,/features/google-posts-scheduler/,Feature Landing,BOFU,5,High,P3,0
where to see questions in the google my business,,0,,Core / Navigational Head Terms,/guides/google-business-profile-questions-and-answers/,Guide,TOFU,3,High,P3,0
where to write business description in google my business,,0,,Categories / Services / Description,/guides/google-business-profile-description-examples/,Guide,TOFU,4,High,P3,0
where we get my google business card,,0,,Other / Long-tail,/guides/google-business-profile-faq/,FAQ,TOFU,1,High,P3,0
where's my google business page,,0,,Other / Long-tail,/guides/google-business-profile-faq/,FAQ,TOFU,1,High,P3,0
which accounts can be linked to google my business,,0,,Core / Navigational Head Terms,/google-business-profile-management-tool/,Product Landing,BOFU,5,High,P3,0
which factors affect google my business listing,,0,,Core / Navigational Head Terms,/google-business-profile-management-tool/,Product Landing,BOFU,5,High,P3,0
which google my business has uploaded highest potos,,0,,Core / Navigational Head Terms,/google-business-profile-management-tool/,Product Landing,BOFU,5,High,P3,0
which is best justdial or google my business,,0,,Core / Navigational Head Terms,/google-business-profile-management-tool/,Product Landing,BOFU,5,High,P3,0
which is better justdial and sulekha vs google my business,,0,,Core / Navigational Head Terms,/google-business-profile-management-tool/,Product Landing,BOFU,5,High,P3,0
which size logo is preferable for google my business,,0,,Photos / Logo / Cover / Videos,/guides/google-my-business-logo-size/,Guide,TOFU,3,High,P3,0
while search on google my business should appear first,,0,,Core / Navigational Head Terms,/google-business-profile-management-tool/,Product Landing,BOFU,5,High,P3,0
whitespark google my business,,0,,Core / Navigational Head Terms,/google-business-profile-management-tool/,Product Landing,BOFU,5,High,P3,0
who launched google my business,,0,,Core / Navigational Head Terms,/google-business-profile-management-tool/,Product Landing,BOFU,5,High,P3,0
who open google come my business,,0,,Setup / Add / Create / Register,/guides/google-business-profile-faq/,FAQ,TOFU,1,High,P3,0
whoch business is verify by phone in google my business,,0,,Verification / Code / Postcard,/guides/google-business-profile-verification/,Guide,MOFU,5,High,P3,0
wht is google my business,,0,,Core / Navigational Head Terms,/google-business-profile-management-tool/,Product Landing,BOFU,5,High,P3,0
whta is lable in google my business,,0,,Core / Navigational Head Terms,/google-business-profile-management-tool/,Product Landing,BOFU,5,High,P3,0
whta is lable in google my business listing,,0,,Core / Navigational Head Terms,/google-business-profile-management-tool/,Product Landing,BOFU,5,High,P3,0
why are my google business emails going to spam,,0,,Other / Long-tail,/guides/google-business-profile-faq/,FAQ,TOFU,1,High,P3,0
why aren t my photos showing up on google business,,0,,Photos / Logo / Cover / Videos,/guides/google-business-profile-photo-size/,Guide,TOFU,3,High,P3,0
why cannot i fine my business in google search,,0,,Other / Long-tail,/guides/google-business-profile-faq/,FAQ,TOFU,1,High,P3,0
why cant i find my business in google,,0,,Other / Long-tail,/guides/google-business-profile-faq/,FAQ,TOFU,1,High,P3,0
why do we use google my business,,0,,Core / Navigational Head Terms,/google-business-profile-management-tool/,Product Landing,BOFU,5,High,P3,0
why does not my business directly show on google,,0,,Other / Long-tail,/guides/google-business-profile-faq/,FAQ,TOFU,1,High,P3,0
why does not my business show up on google map,,0,,Other / Long-tail,/guides/google-business-profile-faq/,FAQ,TOFU,1,High,P3,0
why doesn t my business show up on google search,,0,,Other / Long-tail,/guides/google-business-profile-faq/,FAQ,TOFU,1,High,P3,0
why doesnt google my business have social media links,,0,,Core / Navigational Head Terms,/google-business-profile-management-tool/,Product Landing,BOFU,5,High,P3,0
why google my business is important for small businesses,,0,,Core / Navigational Head Terms,/google-business-profile-management-tool/,Product Landing,BOFU,5,High,P3,0
why google my business is necessary for any local business,,0,,Core / Navigational Head Terms,/google-business-profile-management-tool/,Product Landing,BOFU,5,High,P3,0
why google my business is not working,,0,,Core / Navigational Head Terms,/google-business-profile-management-tool/,Product Landing,BOFU,5,High,P3,0
why google my business listings,,0,,Core / Navigational Head Terms,/google-business-profile-management-tool/,Product Landing,BOFU,5,High,P3,0
why google my business page rejected some post,,0,,Google Posts / Offers / Updates,/features/google-posts-scheduler/,Feature Landing,BOFU,5,High,P3,0
why google my business pin not coming,,0,,Verification / Code / Postcard,/guides/google-business-profile-verification/,Guide,MOFU,5,High,P3,0
why google my business posting old post automatically,,0,,Google Posts / Offers / Updates,/features/google-posts-scheduler/,Feature Landing,BOFU,5,High,P3,0
why google my business rejected my post,,0,,Google Posts / Offers / Updates,/features/google-posts-scheduler/,Feature Landing,BOFU,5,High,P3,0
why google my business with girl,,0,,Core / Navigational Head Terms,/google-business-profile-management-tool/,Product Landing,BOFU,5,High,P3,0
why i cannot see my business on google,,0,,Other / Long-tail,/guides/google-business-profile-faq/,FAQ,TOFU,1,High,P3,0
why i cant see my profile photo on google business,,0,,Photos / Logo / Cover / Videos,/guides/google-business-profile-photo-size/,Guide,TOFU,3,High,P3,0
why irrelevant ratimgs are added to my google business,,0,,Other / Long-tail,/guides/google-business-profile-faq/,FAQ,TOFU,1,High,P3,0
why irrelevant ratings are added to my google business,,0,,Reviews / Ratings / Reply,/features/google-review-management/,Feature Landing,BOFU,5,High,P3,0
why irrelevant reviews are added to my google business,,0,,Reviews / Ratings / Reply,/features/google-review-management/,Feature Landing,BOFU,5,High,P3,0
why is my business blue on google maps,,0,,Other / Long-tail,/guides/google-business-profile-faq/,FAQ,TOFU,1,High,P3,0
why is my business listing not showing up on google,,0,,Other / Long-tail,/guides/google-business-profile-faq/,FAQ,TOFU,1,High,P3,0
why is my business not in google maps,,0,,Other / Long-tail,/guides/google-business-profile-faq/,FAQ,TOFU,1,High,P3,0
why is my google business not showing in google,,0,,Other / Long-tail,/guides/google-business-profile-faq/,FAQ,TOFU,1,High,P3,0
why is my google my business website not listed,,0,,Categories / Services / Description,/guides/edit-google-business-profile/,Guide,TOFU,3,High,P3,0
why is my logo not showing on google my business,,0,,Photos / Logo / Cover / Videos,/guides/google-my-business-logo-size/,Guide,TOFU,3,High,P3,0
why isn t my google business photos showing up,,0,,Photos / Logo / Cover / Videos,/guides/google-business-profile-photo-size/,Guide,TOFU,3,High,P3,0
why listing got suspemded in google my business,,0,,Core / Navigational Head Terms,/google-business-profile-management-tool/,Product Landing,BOFU,5,High,P3,0
why my ad is not showing in google my business,,0,,Core / Navigational Head Terms,/google-business-profile-management-tool/,Product Landing,BOFU,5,High,P3,0
why my business adress change in google maps,,0,,Other / Long-tail,/guides/edit-google-business-profile/,Guide,TOFU,3,High,P3,0
why my business is not showing on google by category,,0,,Categories / Services / Description,/guides/google-business-profile-categories-list/,Guide,TOFU,4,High,P3,0
why my business is not showing on google map,,0,,Other / Long-tail,/guides/google-business-profile-faq/,FAQ,TOFU,1,High,P3,0
why my business location is wrong in google maps,,0,,Other / Long-tail,/guides/google-business-profile-faq/,FAQ,TOFU,1,High,P3,0
why my business location on google maps is nit changing,,0,,Other / Long-tail,/guides/google-business-profile-faq/,FAQ,TOFU,1,High,P3,0
why my business not in google map,,0,,Other / Long-tail,/guides/google-business-profile-faq/,FAQ,TOFU,1,High,P3,0
why my google business down,,0,,Other / Long-tail,/guides/google-business-profile-faq/,FAQ,TOFU,1,High,P3,0
why my google business is asking for verificationb code,,0,,Verification / Code / Postcard,/guides/google-business-profile-verification/,Guide,MOFU,5,High,P3,0
why my google business is not on map,,0,,Other / Long-tail,/guides/google-business-profile-faq/,FAQ,TOFU,1,High,P3,0
why my google business listing down,,0,,Other / Long-tail,/guides/google-business-profile-faq/,FAQ,TOFU,1,High,P3,0
why my google business listing is not showing at top,,0,,Other / Long-tail,/guides/google-business-profile-faq/,FAQ,TOFU,1,High,P3,0
why my google business listing is not showing up,,0,,Other / Long-tail,/guides/google-business-profile-faq/,FAQ,TOFU,1,High,P3,0
why my google business needs request access,,0,,Ownership / Access / Transfer,/guides/google-business-profile-ownership-transfer/,Guide,TOFU,4,High,P3,0
why my google business verification code is not posting,,0,,Verification / Code / Postcard,/guides/google-business-profile-verification/,Guide,MOFU,5,High,P3,0
why my google business wants request access,,0,,Ownership / Access / Transfer,/guides/google-business-profile-ownership-transfer/,Guide,TOFU,4,High,P3,0
why my google my business page insights not working,,0,,API / Analytics / Insights,/features/google-business-profile-reporting/,Feature Landing,BOFU,4,High,P3,0
why my google my business suspended,,0,,Suspension / Reinstatement / Delete,/guides/google-business-profile-suspended/,Troubleshooting Guide,MOFU,5,High,P3,0
why my google my business suspended long time,,0,,Suspension / Reinstatement / Delete,/guides/google-business-profile-suspended/,Troubleshooting Guide,MOFU,5,High,P3,0
why my review from google business remove,,0,,Suspension / Reinstatement / Delete,/features/google-review-management/,Feature Landing,BOFU,5,High,P3,0
why no post on google my business,,0,,Google Posts / Offers / Updates,/features/google-posts-scheduler/,Feature Landing,BOFU,5,High,P3,0
why photos are not showing in google my business,,0,,Photos / Logo / Cover / Videos,/guides/google-business-profile-photo-size/,Guide,TOFU,3,High,P3,0
why photos in my business is not showing on google,,0,,Photos / Logo / Cover / Videos,/guides/google-business-profile-photo-size/,Guide,TOFU,3,High,P3,0
why pointe my business in google map,,0,,Other / Long-tail,/guides/google-business-profile-faq/,FAQ,TOFU,1,High,P3,0
why review for my business removed from google business,,0,,Reviews / Ratings / Reply,/features/google-review-management/,Feature Landing,BOFU,5,High,P3,0
why review for my business removed from google business automatically,,0,,Reviews / Ratings / Reply,/features/google-review-management/,Feature Landing,BOFU,5,High,P3,0
why review for my business removed from google business automaticaly,,0,,Reviews / Ratings / Reply,/features/google-review-management/,Feature Landing,BOFU,5,High,P3,0
why review for my businessremoved from google business,,0,,Reviews / Ratings / Reply,/features/google-review-management/,Feature Landing,BOFU,5,High,P3,0
why should i claim my business on google,,0,,Setup / Add / Create / Register,/guides/google-business-profile-ownership-transfer/,Guide,TOFU,4,High,P3,0
why should i optimize my business for google maps,,0,,Optimization / SEO / Ranking,/guides/google-business-profile-optimization-checklist/,Pillar Guide,MOFU,5,High,P3,0
why the numbers vary in google my business search results,,0,,Core / Navigational Head Terms,/google-business-profile-management-tool/,Product Landing,BOFU,5,High,P3,0
why to add number in google my business,,0,,Setup / Add / Create / Register,/guides/add-business-to-google-maps/,Guide,TOFU,4,High,P3,0
why unrelevant reviews are added to my google business,,0,,Reviews / Ratings / Reply,/features/google-review-management/,Feature Landing,BOFU,5,High,P3,0
why views on google my business has drastically reduced,,0,,Core / Navigational Head Terms,/google-business-profile-management-tool/,Product Landing,BOFU,5,High,P3,0
why we linked google my business with google merchant centre,,0,,Core / Navigational Head Terms,/google-business-profile-management-tool/,Product Landing,BOFU,5,High,P3,0
why we need google my business,,0,,Core / Navigational Head Terms,/google-business-profile-management-tool/,Product Landing,BOFU,5,High,P3,0
wiki google my business,,0,,Core / Navigational Head Terms,/google-business-profile-management-tool/,Product Landing,BOFU,5,High,P3,0
wikipedia google my business,,0,,Core / Navigational Head Terms,/google-business-profile-management-tool/,Product Landing,BOFU,5,High,P3,0
will my g page removed after using google my business,,0,,Core / Navigational Head Terms,/google-business-profile-management-tool/,Product Landing,BOFU,5,High,P3,0
wjs lighting art zirakpur at google my business,,0,,Core / Navigational Head Terms,/google-business-profile-management-tool/,Product Landing,BOFU,5,High,P3,0
women led attribute in google my business listing,,0,,Categories / Services / Description,/google-business-profile-management-tool/,Product Landing,BOFU,5,High,P3,0
women-led meaning in google my business,,0,,Core / Navigational Head Terms,/google-business-profile-management-tool/,Product Landing,BOFU,5,High,P3,0
wordpress to google my business,,0,,Core / Navigational Head Terms,/google-business-profile-management-tool/,Product Landing,BOFU,5,High,P3,0
work plan for google my business,,0,,Core / Navigational Head Terms,/google-business-profile-management-tool/,Product Landing,BOFU,5,High,P3,0
wwhat to put label on my business on google,,0,,Other / Long-tail,/guides/google-business-profile-faq/,FAQ,TOFU,1,High,P3,0
www google co in my business,,0,,Other / Long-tail,/guides/google-business-profile-faq/,FAQ,TOFU,1,High,P3,0
www google my business create account,,0,,Setup / Add / Create / Register,/guides/google-business-profile-login/,Guide,TOFU,1,High,P3,0
www.google my business page,,0,,Core / Navigational Head Terms,/google-business-profile-management-tool/,Product Landing,BOFU,5,High,P3,0
www.mcdonaldphac.com google my business,,0,,Core / Navigational Head Terms,/google-business-profile-management-tool/,Product Landing,BOFU,5,High,P3,0
y i cannot see my business on google,,0,,Other / Long-tail,/guides/google-business-profile-faq/,FAQ,TOFU,1,High,P3,0
you're not eligible for google my business say godaddy,,0,,Core / Navigational Head Terms,/google-business-profile-management-tool/,Product Landing,BOFU,5,High,P3,0
zapier post to google my business,,0,,Google Posts / Offers / Updates,/features/google-posts-scheduler/,Feature Landing,BOFU,5,High,P3,0
zapp google my business connector,,0,,Core / Navigational Head Terms,/google-business-profile-management-tool/,Product Landing,BOFU,5,High,P3,0
zendesk google my business,,0,,Core / Navigational Head Terms,/google-business-profile-management-tool/,Product Landing,BOFU,5,High,P3,0
zivame on google my business,,0,,Core / Navigational Head Terms,/google-business-profile-management-tool/,Product Landing,BOFU,5,High,P3,0
â google my business,,0,,Core / Navigational Head Terms,/google-business-profile-management-tool/,Product Landing,BOFU,5,High,P3,0
รับ ทำ google my business,,0,,Core / Navigational Head Terms,/google-business-profile-management-tool/,Product Landing,BOFU,5,High,P3,0
รับสร้าง google my business,,0,,Core / Navigational Head Terms,/google-business-profile-management-tool/,Product Landing,BOFU,5,High,P3,0
